seccion,anio,desagregacion,categoria,valor
territorio,2018,,Total,0.9608176568298452
territorio,2018,,Urbano,0.9483454035310148
territorio,2018,,Rural,0.985070304713848
territorio,2018,,Quito,0.9143678780567825
territorio,2018,,Guayaquil,0.9634652551143313
territorio,2018,,Cuenca,0.9465344868119443
territorio,2018,,Machala,0.9372438821939906
territorio,2018,,Ambato,0.954024462463621
territorio,2018,,Azuay,0.9654128274419341
territorio,2018,,Bolívar,0.9858044241691719
territorio,2018,,Cañar,0.9612626884564264
territorio,2018,,Carchi,0.9661387182096824
territorio,2018,,Cotopaxi,0.9808296887354419
territorio,2018,,Chimborazo,0.9822509985865929
territorio,2018,,El Oro,0.9510848658010733
territorio,2018,,Esmeraldas,0.9242543958534661
territorio,2018,,Guayas,0.9658925102075873
territorio,2018,,Imbabura,0.9586235980763346
territorio,2018,,Loja,0.9663826907653118
territorio,2018,,Los Ríos,0.9690918077598849
territorio,2018,,Manabí,0.9801957010663237
territorio,2018,,Morona Santiago,0.989100492445269
territorio,2018,,Napo,0.9722315915125272
territorio,2018,,Pastaza,0.9794961047224975
territorio,2018,,Pichincha,0.9269362336255514
territorio,2018,,Tungurahua,0.9769155540355856
territorio,2018,,Zamora Chinchipe,0.9717015429319643
territorio,2018,,Galápagos,0.9874128601874692
territorio,2018,,Sucumbíos,0.9579886453331838
territorio,2018,,Orellana,0.9774647529949182
territorio,2018,,Santo Domingo,0.9719148468775729
territorio,2018,,Santa Elena,0.9687569083435253
territorio,2018,,Sierra,0.9550745441669581
territorio,2018,,Costa,0.9650657947220965
territorio,2018,,Amazonia,0.9743296668522377
territorio,2018,,Insular,0.9874128601874694
territorio,2018,,Zona 1,0.9465679759022012
territorio,2018,,Zona 2,0.9653935234746172
territorio,2018,,Zona 3,0.9798612254781306
territorio,2018,,Zona 4,0.9781784127379721
territorio,2018,,Zona 5,0.973121041548249
territorio,2018,,Zona 6,0.967556320600029
territorio,2018,,Zona 7,0.959318475020331
territorio,2018,,Zona 8,0.962762477397998
territorio,2018,,Zona 9,0.9220077542963266
territorio,2019,,Total,0.9584114145739849
territorio,2019,,Urbano,0.9467181166901617
territorio,2019,,Rural,0.980754745548245
territorio,2019,,Quito,0.9088013285869116
territorio,2019,,Guayaquil,0.9694628619288495
territorio,2019,,Cuenca,0.9477173974571663
territorio,2019,,Machala,0.9403978089259101
territorio,2019,,Ambato,0.952219916828818
territorio,2019,,Azuay,0.9655005990386715
territorio,2019,,Bolívar,0.9864500803552679
territorio,2019,,Cañar,0.9606672053607764
territorio,2019,,Carchi,0.950866560439896
territorio,2019,,Cotopaxi,0.9830364273897018
territorio,2019,,Chimborazo,0.9870796433238924
territorio,2019,,El Oro,0.9513383839399218
territorio,2019,,Esmeraldas,0.8956265302844381
territorio,2019,,Guayas,0.9685303375457721
territorio,2019,,Imbabura,0.9324806951186089
territorio,2019,,Loja,0.963696414728875
territorio,2019,,Los Ríos,0.9722038759111387
territorio,2019,,Manabí,0.9766686805237685
territorio,2019,,Morona Santiago,0.9872120595868648
territorio,2019,,Napo,0.9777812981478661
territorio,2019,,Pastaza,0.9810722968515246
territorio,2019,,Pichincha,0.9199742178750394
territorio,2019,,Tungurahua,0.9779047466997002
territorio,2019,,Zamora Chinchipe,0.9691495862649595
territorio,2019,,Galápagos,0.978588910660355
territorio,2019,,Sucumbíos,0.9529731851451266
territorio,2019,,Orellana,0.9819120611269493
territorio,2019,,Santo Domingo,0.9719149101967
territorio,2019,,Santa Elena,0.9718667239727532
territorio,2019,,Sierra,0.9509195326911724
territorio,2019,,Costa,0.9643415186111675
territorio,2019,,Amazonia,0.9742374806406584
territorio,2019,,Insular,0.9785889106603552
territorio,2019,,Zona 1,0.9243617429539809
territorio,2019,,Zona 2,0.9636050468497191
territorio,2019,,Zona 3,0.9824398010389218
territorio,2019,,Zona 4,0.9755404065867413
territorio,2019,,Zona 5,0.9731135377927921
territorio,2019,,Zona 6,0.9673833109971377
territorio,2019,,Zona 7,0.958150281119571
territorio,2019,,Zona 8,0.9677202535532335
territorio,2019,,Zona 9,0.9144769342016043
territorio,2021,,Total,0.9476400843047842
territorio,2021,,Urbano,0.9320184393391027
territorio,2021,,Rural,0.9770992713355943
territorio,2021,,Quito,0.8821545977860603
territorio,2021,,Guayaquil,0.9558448898481069
territorio,2021,,Cuenca,0.9266890449176454
territorio,2021,,Machala,0.9134056545839699
territorio,2021,,Ambato,0.9393102040387981
territorio,2021,,Azuay,0.9486436665780738
territorio,2021,,Bolívar,0.9892955405052034
territorio,2021,,Cañar,0.9595262415750552
territorio,2021,,Carchi,0.9370441101773328
territorio,2021,,Cotopaxi,0.9721270227569427
territorio,2021,,Chimborazo,0.9774170786461304
territorio,2021,,El Oro,0.9308863063081567
territorio,2021,,Esmeraldas,0.8997894533604213
territorio,2021,,Guayas,0.9606043568032574
territorio,2021,,Imbabura,0.9395956201297928
territorio,2021,,Loja,0.9590424379953105
territorio,2021,,Los Ríos,0.9717576025638436
territorio,2021,,Manabí,0.9738751528352999
territorio,2021,,Morona Santiago,0.9860818841008564
territorio,2021,,Napo,0.9772773184300908
territorio,2021,,Pastaza,0.979522100519441
territorio,2021,,Pichincha,0.8922555529102182
territorio,2021,,Tungurahua,0.969376456617115
territorio,2021,,Zamora Chinchipe,0.9699694434754892
territorio,2021,,Galápagos,0.9065935424953357
territorio,2021,,Sucumbíos,0.9458551038741245
territorio,2021,,Orellana,0.9736853533212875
territorio,2021,,Santo Domingo,0.9634681910576987
territorio,2021,,Santa Elena,0.9639917609629363
territorio,2021,,Sierra,0.93585366436735
territorio,2021,,Costa,0.9577923177247131
territorio,2021,,Amazonia,0.9708153222918531
territorio,2021,,Insular,0.9065935424953354
territorio,2021,,Zona 1,0.9257337349255697
territorio,2021,,Zona 2,0.9471332343153608
territorio,2021,,Zona 3,0.9732026766748543
territorio,2021,,Zona 4,0.9712969528359369
territorio,2021,,Zona 5,0.9735551298447681
territorio,2021,,Zona 6,0.9560798805842059
territorio,2021,,Zona 7,0.9462619499257005
territorio,2021,,Zona 8,0.9544241752637981
territorio,2021,,Zona 9,0.886764053207731
territorio,2022,,Total,0.9564900340870274
territorio,2022,,Urbano,0.9451937691077644
territorio,2022,,Rural,0.9780928341971309
territorio,2022,,Quito,0.9095415030314261
territorio,2022,,Guayaquil,0.9620722978838055
territorio,2022,,Cuenca,0.9478603963941225
territorio,2022,,Machala,0.9228633279363645
territorio,2022,,Ambato,0.9517494284175835
territorio,2022,,Azuay,0.9667229145445229
territorio,2022,,Bolívar,0.9908763577219558
territorio,2022,,Cañar,0.9632713033544653
territorio,2022,,Carchi,0.9411280092091621
territorio,2022,,Cotopaxi,0.9830222010653403
territorio,2022,,Chimborazo,0.9800245797199333
territorio,2022,,El Oro,0.940300899690938
territorio,2022,,Esmeraldas,0.9094013921360797
territorio,2022,,Guayas,0.9640709283528583
territorio,2022,,Imbabura,0.9285511915578939
territorio,2022,,Loja,0.9691600112654778
territorio,2022,,Los Ríos,0.9816877708491385
territorio,2022,,Manabí,0.9723162026313628
territorio,2022,,Morona Santiago,0.9866409420481087
territorio,2022,,Napo,0.9846520141483736
territorio,2022,,Pastaza,0.9839385273315756
territorio,2022,,Pichincha,0.9145440201627961
territorio,2022,,Tungurahua,0.9778463263436441
territorio,2022,,Zamora Chinchipe,0.9700596422111382
territorio,2022,,Galápagos,0.9440520756228513
territorio,2022,,Sucumbíos,0.9545424415395555
territorio,2022,,Orellana,0.9867293915647035
territorio,2022,,Santo Domingo,0.9772714664902854
territorio,2022,,Santa Elena,0.973376664589396
territorio,2022,,Sierra,0.9489532834009133
territorio,2022,,Costa,0.9621290688910965
territorio,2022,,Amazonia,0.9774885094659765
territorio,2022,,Insular,0.9440520756228513
territorio,2022,,Zona 1,0.9267319591997015
territorio,2022,,Zona 2,0.9541351391123658
territorio,2022,,Zona 3,0.9803996692420995
territorio,2022,,Zona 4,0.9735211862290454
territorio,2022,,Zona 5,0.9754393117036785
territorio,2022,,Zona 6,0.9685682644087736
territorio,2022,,Zona 7,0.9548809711062398
territorio,2022,,Zona 8,0.9619122781871475
territorio,2022,,Zona 9,0.9120570326215025
territorio,2023,,Total,0.9615332207746278
territorio,2023,,Urbano,0.9500799192586784
territorio,2023,,Rural,0.9835942968929023
territorio,2023,,Quito,0.9206494987894148
territorio,2023,,Guayaquil,0.9657721013109604
territorio,2023,,Cuenca,0.9578753456607977
territorio,2023,,Machala,0.9311012496313147
territorio,2023,,Ambato,0.9591444050793021
territorio,2023,,Azuay,0.9701608204027677
territorio,2023,,Bolívar,0.9929327053520522
territorio,2023,,Cañar,0.9723703488105245
territorio,2023,,Carchi,0.9545732468152416
territorio,2023,,Cotopaxi,0.9859133399134186
territorio,2023,,Chimborazo,0.982317790510792
territorio,2023,,El Oro,0.9436198165331159
territorio,2023,,Esmeraldas,0.9095211836149383
territorio,2023,,Guayas,0.9691537313915758
territorio,2023,,Imbabura,0.9439527570807478
territorio,2023,,Loja,0.9642988209467679
territorio,2023,,Los Ríos,0.9802536440983952
territorio,2023,,Manabí,0.98096068927144
territorio,2023,,Morona Santiago,0.9944474762650458
territorio,2023,,Napo,0.992305488651319
territorio,2023,,Pastaza,0.9895430824378538
territorio,2023,,Pichincha,0.924552225033979
territorio,2023,,Tungurahua,0.980101763857075
territorio,2023,,Zamora Chinchipe,0.9748352717122355
territorio,2023,,Galápagos,0.957595446232995
territorio,2023,,Sucumbíos,0.9726215680186795
territorio,2023,,Orellana,0.9874093842910869
territorio,2023,,Santo Domingo,0.9808122747306448
territorio,2023,,Santa Elena,0.971435250645369
territorio,2023,,Sierra,0.9549380634864916
territorio,2023,,Costa,0.9661019275637548
territorio,2023,,Amazonia,0.9851051673698152
territorio,2023,,Insular,0.9575954462329954
territorio,2023,,Zona 1,0.9365075604400734
territorio,2023,,Zona 2,0.9589913932124204
territorio,2023,,Zona 3,0.9829237140987238
territorio,2023,,Zona 4,0.9809245436190498
territorio,2023,,Zona 5,0.9786123644808976
territorio,2023,,Zona 6,0.9738844151427405
territorio,2023,,Zona 7,0.9549187117414366
territorio,2023,,Zona 8,0.9654886720529771
territorio,2023,,Zona 9,0.92334170207524
territorio,2024,,Total,0.962509866281151
territorio,2024,,Urbano,0.950498919339479
territorio,2024,,Rural,0.985512317436185
territorio,2024,,Quito,0.917987413876746
territorio,2024,,Guayaquil,0.966663590365573
territorio,2024,,Cuenca,0.950497645794242
territorio,2024,,Machala,0.935944677132672
territorio,2024,,Ambato,0.948590623108239
territorio,2024,,Azuay,0.970950097066161
territorio,2024,,Bolívar,0.994857797087492
territorio,2024,,Cañar,0.988166073604855
territorio,2024,,Carchi,0.950966300740502
territorio,2024,,Cotopaxi,0.98663352942423
territorio,2024,,Chimborazo,0.984472301754272
territorio,2024,,El Oro,0.952380477229679
territorio,2024,,Esmeraldas,0.913734402748195
territorio,2024,,Guayas,0.972137395028137
territorio,2024,,Imbabura,0.93727365931482
territorio,2024,,Loja,0.964474771078169
territorio,2024,,Los Ríos,0.980916777169109
territorio,2024,,Manabí,0.976387140955143
territorio,2024,,Morona Santiago,0.991433585991533
territorio,2024,,Napo,0.992239702848939
territorio,2024,,Pastaza,0.976237669264742
territorio,2024,,Pichincha,0.926661974819798
territorio,2024,,Tungurahua,0.978781551323971
territorio,2024,,Zamora Chinchipe,0.973927261385686
territorio,2024,,Galápagos,0.971621332274208
territorio,2024,,Sucumbíos,0.953213947880581
territorio,2024,,Orellana,0.99163921136022
territorio,2024,,Santo Domingo,0.981845966123642
territorio,2024,,Santa Elena,0.971681998547173
territorio,2024,,Sierra,0.955873935162176
territorio,2024,,Costa,0.967767345283719
territorio,2024,,Amazonia,0.979120005874244
territorio,2024,,Insular,0.971621332274208
territorio,2024,,Zona 1,0.932675718348575
territorio,2024,,Zona 2,0.974424267074879
territorio,2024,,Zona 3,0.982638424912166
territorio,2024,,Zona 4,0.977683216336079
territorio,2024,,Zona 5,0.981012867642893
territorio,2024,,Zona 6,0.977671116323655
territorio,2024,,Zona 7,0.959410617876868
territorio,2024,,Zona 8,0.967737136372296
territorio,2024,,Zona 9,0.921754754746756
territorio,2025,,Total,0.9642883655340095
territorio,2025,,Urbano,0.9554083572184647
territorio,2025,,Rural,0.9807827038566012
territorio,2025,,Quito,0.9276374887281003
territorio,2025,,Guayaquil,0.9733267151830052
territorio,2025,,Cuenca,0.9642448516265435
territorio,2025,,Machala,0.9494464779657099
territorio,2025,,Ambato,0.9625790268841922
territorio,2025,,Azuay,0.9747497539625517
territorio,2025,,Bolívar,0.9883390151655886
territorio,2025,,Cañar,0.9643339839637461
territorio,2025,,Carchi,0.9509823426886019
territorio,2025,,Cotopaxi,0.9788092916973631
territorio,2025,,Chimborazo,0.9824295679384946
territorio,2025,,El Oro,0.961240349793259
territorio,2025,,Esmeraldas,0.9090049826654814
territorio,2025,,Guayas,0.9750987326684577
territorio,2025,,Imbabura,0.9391493026262483
territorio,2025,,Loja,0.9597721497211829
territorio,2025,,Los Ríos,0.9830769055253461
territorio,2025,,Manabí,0.9754036941206137
territorio,2025,,Morona Santiago,0.9985154544328114
territorio,2025,,Napo,0.988391304158225
territorio,2025,,Pastaza,0.9789982377977415
territorio,2025,,Pichincha,0.9339800387572911
territorio,2025,,Tungurahua,0.9805836390979711
territorio,2025,,Zamora Chinchipe,0.9844388802813708
territorio,2025,,Galápagos,0.9687288611217224
territorio,2025,,Sucumbíos,0.9345650099152618
territorio,2025,,Orellana,0.9893787017396263
territorio,2025,,Santo Domingo,0.9866699540561742
territorio,2025,,Santa Elena,0.9798950016636807
territorio,2025,,Sierra,0.9575808469937422
territorio,2025,,Costa,0.9701728138981103
territorio,2025,,Amazonia,0.9771594898163547
territorio,2025,,Insular,0.9687288611217222
territorio,2025,,Zona 1,0.9287059172487869
territorio,2025,,Zona 2,0.9717328869648145
territorio,2025,,Zona 3,0.9805249566341758
territorio,2025,,Zona 4,0.9780635298333415
territorio,2025,,Zona 5,0.9806028518281268
territorio,2025,,Zona 6,0.9751698365324305
territorio,2025,,Zona 7,0.9627184640772682
territorio,2025,,Zona 8,0.9739604210642663
territorio,2025,,Zona 9,0.9286703252542766
caracteristicas,2018,Sexo,Hombre,0.9673069917512059
caracteristicas,2018,Sexo,Mujer,0.9521481285364607
caracteristicas,2018,Grupos de edad,15 a 17 años,0.969312380439778
caracteristicas,2018,Grupos de edad,18 a 29 años,0.9138989914338422
caracteristicas,2018,Grupos de edad,30 a 44 años,0.9701170088442707
caracteristicas,2018,Grupos de edad,45 a 64 años,0.9803547164615419
caracteristicas,2018,Grupos de edad,65 años y más,0.9940041908429189
caracteristicas,2018,Etnia,Indígena,0.9881921786193563
caracteristicas,2018,Etnia,Afroecuatoriano,0.9301426117689408
caracteristicas,2018,Etnia,Montubio,0.9795689834897745
caracteristicas,2018,Etnia,Mestizo,0.9578299440505337
caracteristicas,2018,Etnia,Blanco,0.9525985766684252
caracteristicas,2018,Estado civil/conyugal,Casado,0.9817606544074327
caracteristicas,2018,Estado civil/conyugal,Unión libre,0.969928962037187
caracteristicas,2018,Estado civil/conyugal,Soltero,0.9211932761968119
caracteristicas,2018,Estado civil/conyugal,Otro,0.9648785370125731
caracteristicas,2018,Nivel de instrucción,Ninguno,0.9945612964968463
caracteristicas,2018,Nivel de instrucción,Centro de alfabetización,0.9949168786346383
caracteristicas,2018,Nivel de instrucción,Básica,0.9802911708137493
caracteristicas,2018,Nivel de instrucción,Bachillerato,0.9418883115958572
caracteristicas,2018,Nivel de instrucción,Superior,0.9423698462386944
caracteristicas,2018,Quintiles de ingreso,Quintil 1,0.9465007186773684
caracteristicas,2018,Quintiles de ingreso,Quintil 2,0.95101237762225
caracteristicas,2018,Quintiles de ingreso,Quintil 3,0.9587893335318222
caracteristicas,2018,Quintiles de ingreso,Quintil 4,0.9651423898377234
caracteristicas,2018,Quintiles de ingreso,Quintil 5,0.9778907720519819
caracteristicas,2019,Sexo,Hombre,0.9658876788565522
caracteristicas,2019,Sexo,Mujer,0.9487107865218776
caracteristicas,2019,Grupos de edad,15 a 17 años,0.9689653838328022
caracteristicas,2019,Grupos de edad,18 a 29 años,0.906714529629575
caracteristicas,2019,Grupos de edad,30 a 44 años,0.9686754833431941
caracteristicas,2019,Grupos de edad,45 a 64 años,0.9790219812351123
caracteristicas,2019,Grupos de edad,65 años y más,0.9929049697490893
caracteristicas,2019,Etnia,Indígena,0.9834098937274639
caracteristicas,2019,Etnia,Afroecuatoriano,0.9157086468332782
caracteristicas,2019,Etnia,Montubio,0.9769378616423801
caracteristicas,2019,Etnia,Mestizo,0.9557783095968098
caracteristicas,2019,Etnia,Blanco,0.9587765429186943
caracteristicas,2019,Estado civil/conyugal,Casado,0.9792210693116131
caracteristicas,2019,Estado civil/conyugal,Unión libre,0.9690217866979746
caracteristicas,2019,Estado civil/conyugal,Soltero,0.9160940454521684
caracteristicas,2019,Estado civil/conyugal,Otro,0.9671757754435913
caracteristicas,2019,Nivel de instrucción,Ninguno,0.9910198083402227
caracteristicas,2019,Nivel de instrucción,Centro de alfabetización,0.9781379479861894
caracteristicas,2019,Nivel de instrucción,Básica,0.9795109032625672
caracteristicas,2019,Nivel de instrucción,Bachillerato,0.9395770555482975
caracteristicas,2019,Nivel de instrucción,Superior,0.9381251009640459
caracteristicas,2019,Quintiles de ingreso,Quintil 1,0.9387104621286402
caracteristicas,2019,Quintiles de ingreso,Quintil 2,0.9509694234927685
caracteristicas,2019,Quintiles de ingreso,Quintil 3,0.9572013975204547
caracteristicas,2019,Quintiles de ingreso,Quintil 4,0.9635548639576507
caracteristicas,2019,Quintiles de ingreso,Quintil 5,0.9768151913422912
caracteristicas,2021,Sexo,Hombre,0.9583101947486271
caracteristicas,2021,Sexo,Mujer,0.9334800572326629
caracteristicas,2021,Grupos de edad,15 a 17 años,0.9768355541922195
caracteristicas,2021,Grupos de edad,18 a 29 años,0.8966301591107991
caracteristicas,2021,Grupos de edad,30 a 44 años,0.9546019576408938
caracteristicas,2021,Grupos de edad,45 a 64 años,0.9706030459728495
caracteristicas,2021,Grupos de edad,65 años y más,0.9904156912014107
caracteristicas,2021,Etnia,Indígena,0.9822829301729894
caracteristicas,2021,Etnia,Afroecuatoriano,0.8981562811198347
caracteristicas,2021,Etnia,Montubio,0.9787428783930643
caracteristicas,2021,Etnia,Mestizo,0.9441654501423019
caracteristicas,2021,Etnia,Blanco,0.928617933450023
caracteristicas,2021,Estado civil/conyugal,Casado,0.9709143920863275
caracteristicas,2021,Estado civil/conyugal,Unión libre,0.9627871953933625
caracteristicas,2021,Estado civil/conyugal,Soltero,0.9033108031227292
caracteristicas,2021,Estado civil/conyugal,Otro,0.9518865481743151
caracteristicas,2021,Nivel de instrucción,Ninguno,0.9905977936405505
caracteristicas,2021,Nivel de instrucción,Centro de alfabetización,0.9884722975244018
caracteristicas,2021,Nivel de instrucción,Básica,0.9723857609933583
caracteristicas,2021,Nivel de instrucción,Bachillerato,0.929496856646846
caracteristicas,2021,Nivel de instrucción,Superior,0.9251952457566277
caracteristicas,2021,Quintiles de ingreso,Quintil 1,0.918908034196983
caracteristicas,2021,Quintiles de ingreso,Quintil 2,0.9394528963925155
caracteristicas,2021,Quintiles de ingreso,Quintil 3,0.947569359909821
caracteristicas,2021,Quintiles de ingreso,Quintil 4,0.9550779431842992
caracteristicas,2021,Quintiles de ingreso,Quintil 5,0.9702430276454241
caracteristicas,2022,Sexo,Hombre,0.9624208401238744
caracteristicas,2022,Sexo,Mujer,0.9487775079009404
caracteristicas,2022,Grupos de edad,15 a 17 años,0.980372021916191
caracteristicas,2022,Grupos de edad,18 a 29 años,0.9070796732317071
caracteristicas,2022,Grupos de edad,30 a 44 años,0.9643394291965719
caracteristicas,2022,Grupos de edad,45 a 64 años,0.977567383275857
caracteristicas,2022,Grupos de edad,65 años y más,0.9905337043740708
caracteristicas,2022,Etnia,Indígena,0.9819846748748472
caracteristicas,2022,Etnia,Afroecuatoriano,0.9191050597704044
caracteristicas,2022,Etnia,Montubio,0.9776277032655113
caracteristicas,2022,Etnia,Mestizo,0.9539313443199396
caracteristicas,2022,Etnia,Blanco,0.9561930815407399
caracteristicas,2022,Estado civil/conyugal,Casado,0.9786943222038795
caracteristicas,2022,Estado civil/conyugal,Unión libre,0.9692866378794555
caracteristicas,2022,Estado civil/conyugal,Soltero,0.9132891444923031
caracteristicas,2022,Estado civil/conyugal,Otro,0.9658233237019681
caracteristicas,2022,Nivel de instrucción,Ninguno,0.9910141526606762
caracteristicas,2022,Nivel de instrucción,Centro de alfabetización,0.9870725067541674
caracteristicas,2022,Nivel de instrucción,Básica,0.976460581613268
caracteristicas,2022,Nivel de instrucción,Bachillerato,0.9415670523759988
caracteristicas,2022,Nivel de instrucción,Superior,0.9394463864538878
caracteristicas,2022,Quintiles de ingreso,Quintil 1,0.9293712755253104
caracteristicas,2022,Quintiles de ingreso,Quintil 2,0.9450600696318139
caracteristicas,2022,Quintiles de ingreso,Quintil 3,0.9550125853795133
caracteristicas,2022,Quintiles de ingreso,Quintil 4,0.9654775465256632
caracteristicas,2022,Quintiles de ingreso,Quintil 5,0.9768943845331959
caracteristicas,2023,Sexo,Hombre,0.9682744288516361
caracteristicas,2023,Sexo,Mujer,0.9526585828973135
caracteristicas,2023,Grupos de edad,15 a 17 años,0.9810440394774911
caracteristicas,2023,Grupos de edad,18 a 29 años,0.9184011955132735
caracteristicas,2023,Grupos de edad,30 a 44 años,0.9681971937920923
caracteristicas,2023,Grupos de edad,45 a 64 años,0.9794011522958634
caracteristicas,2023,Grupos de edad,65 años y más,0.9935219717224861
caracteristicas,2023,Etnia,Indígena,0.9873450220058566
caracteristicas,2023,Etnia,Afroecuatoriano,0.9086834477808615
caracteristicas,2023,Etnia,Montubio,0.9820303496168886
caracteristicas,2023,Etnia,Mestizo,0.9588106661288408
caracteristicas,2023,Etnia,Blanco,0.9537584000018605
caracteristicas,2023,Estado civil/conyugal,Casado,0.9828585707730177
caracteristicas,2023,Estado civil/conyugal,Unión libre,0.9731719620148789
caracteristicas,2023,Estado civil/conyugal,Soltero,0.9225961283324308
caracteristicas,2023,Estado civil/conyugal,Otro,0.9708394865535176
caracteristicas,2023,Nivel de instrucción,Ninguno,0.9933993586088383
caracteristicas,2023,Nivel de instrucción,Centro de alfabetización,0.9984365989526806
caracteristicas,2023,Nivel de instrucción,Básica,0.9816373833143919
caracteristicas,2023,Nivel de instrucción,Bachillerato,0.9491280705587031
caracteristicas,2023,Nivel de instrucción,Superior,0.9402395458454302
caracteristicas,2023,Quintiles de ingreso,Quintil 1,0.9394547493465017
caracteristicas,2023,Quintiles de ingreso,Quintil 2,0.9538096684411707
caracteristicas,2023,Quintiles de ingreso,Quintil 3,0.9598392362391356
caracteristicas,2023,Quintiles de ingreso,Quintil 4,0.9667054235603448
caracteristicas,2023,Quintiles de ingreso,Quintil 5,0.9791610257908243
caracteristicas,2024,Sexo,Hombre,0.969973810194916
caracteristicas,2024,Sexo,Mujer,0.952550263612787
caracteristicas,2024,Grupos de edad,15 a 17 años,0.975136907510756
caracteristicas,2024,Grupos de edad,18 a 29 años,0.907610777044074
caracteristicas,2024,Grupos de edad,30 a 44 años,0.972339494582708
caracteristicas,2024,Grupos de edad,45 a 64 años,0.9843475254127
caracteristicas,2024,Grupos de edad,65 años y más,0.994233825501586
caracteristicas,2024,Etnia,Indígena,0.986854255083747
caracteristicas,2024,Etnia,Afroecuatoriano,0.897704269161125
caracteristicas,2024,Etnia,Montubio,0.987658298269254
caracteristicas,2024,Etnia,Mestizo,0.959977149866162
caracteristicas,2024,Etnia,Blanco,0.971316056684832
caracteristicas,2024,Estado civil/conyugal,Casado,0.986061234565773
caracteristicas,2024,Estado civil/conyugal,Unión libre,0.979297268354392
caracteristicas,2024,Estado civil/conyugal,Soltero,0.919677242805031
caracteristicas,2024,Estado civil/conyugal,Otro,0.967933613798174
caracteristicas,2024,Nivel de instrucción,Ninguno,0.997722644005095
caracteristicas,2024,Nivel de instrucción,Centro de alfabetización,0.997978509799197
caracteristicas,2024,Nivel de instrucción,Básica,0.98427893837907
caracteristicas,2024,Nivel de instrucción,Bachillerato,0.950875667407445
caracteristicas,2024,Nivel de instrucción,Superior,0.936707211132559
caracteristicas,2024,Quintiles de ingreso,Quintil 1,0.939263575034866
caracteristicas,2024,Quintiles de ingreso,Quintil 2,0.950981975058301
caracteristicas,2024,Quintiles de ingreso,Quintil 3,0.961705441479387
caracteristicas,2024,Quintiles de ingreso,Quintil 4,0.970027062209663
caracteristicas,2024,Quintiles de ingreso,Quintil 5,0.980309864549595
caracteristicas,2025,Sexo,Hombre,0.9715408120798673
caracteristicas,2025,Sexo,Mujer,0.954467529418214
caracteristicas,2025,Grupos de edad,15 a 17 años,0.977702087665647
caracteristicas,2025,Grupos de edad,18 a 29 años,0.9161075648717653
caracteristicas,2025,Grupos de edad,30 a 44 años,0.9705633505934896
caracteristicas,2025,Grupos de edad,45 a 64 años,0.9864568841143978
caracteristicas,2025,Grupos de edad,65 años y más,0.9928187161847829
caracteristicas,2025,Etnia,Indígena,0.9818554223739308
caracteristicas,2025,Etnia,Afroecuatoriano,0.9201846985418941
caracteristicas,2025,Etnia,Montubio,0.9858310331402313
caracteristicas,2025,Etnia,Mestizo,0.9623798987350605
caracteristicas,2025,Etnia,Blanco,0.9608663856778842
caracteristicas,2025,Estado civil/conyugal,Casado,0.9847676125091639
caracteristicas,2025,Estado civil/conyugal,Unión libre,0.9772207184924359
caracteristicas,2025,Estado civil/conyugal,Soltero,0.9231812753393307
caracteristicas,2025,Estado civil/conyugal,Otro,0.9780968520451699
caracteristicas,2025,Nivel de instrucción,Ninguno,0.9929030847337079
caracteristicas,2025,Nivel de instrucción,Centro de alfabetización,1
caracteristicas,2025,Nivel de instrucción,Básica,0.98582351936057
caracteristicas,2025,Nivel de instrucción,Bachillerato,0.953051473287212
caracteristicas,2025,Nivel de instrucción,Superior,0.9408848565151532
caracteristicas,2025,Quintiles de ingreso,Quintil 1,0.94289825409078
caracteristicas,2025,Quintiles de ingreso,Quintil 2,0.9579836461005241
caracteristicas,2025,Quintiles de ingreso,Quintil 3,0.9605484109064794
caracteristicas,2025,Quintiles de ingreso,Quintil 4,0.9702194906221681
caracteristicas,2025,Quintiles de ingreso,Quintil 5,0.9796834158002982
ci,2018,Límite inferior,Total,0.9595967479907437
ci,2018,Límite inferior,Urbano,0.9466735877641833
ci,2018,Límite inferior,Rural,0.9837649669472617
ci,2018,Límite superior,Total,0.9620385656689467
ci,2018,Límite superior,Urbano,0.9500172192978463
ci,2018,Límite superior,Rural,0.9863756424804344
ci,2019,Límite inferior,Total,0.9568882787790691
ci,2019,Límite inferior,Urbano,0.9448597304340884
ci,2019,Límite inferior,Rural,0.9781875963348704
ci,2019,Límite superior,Total,0.9599345503689007
ci,2019,Límite superior,Urbano,0.948576502946235
ci,2019,Límite superior,Rural,0.9833218947616197
ci,2021,Límite inferior,Total,0.9454238344492478
ci,2021,Límite inferior,Urbano,0.9290920268251283
ci,2021,Límite inferior,Rural,0.9746416189305315
ci,2021,Límite superior,Total,0.9498563341603206
ci,2021,Límite superior,Urbano,0.9349448518530771
ci,2021,Límite superior,Rural,0.9795569237406571
ci,2022,Límite inferior,Total,0.9546197181713614
ci,2022,Límite inferior,Urbano,0.9428099141151186
ci,2022,Límite inferior,Rural,0.9755829578368153
ci,2022,Límite superior,Total,0.9583603500026934
ci,2022,Límite superior,Urbano,0.9475776241004102
ci,2022,Límite superior,Rural,0.9806027105574465
ci,2023,Límite inferior,Total,0.9594774923512697
ci,2023,Límite inferior,Urbano,0.9474509146887677
ci,2023,Límite inferior,Rural,0.981342242570855
ci,2023,Límite superior,Total,0.9635889491979859
ci,2023,Límite superior,Urbano,0.9527089238285891
ci,2023,Límite superior,Rural,0.9858463512149497
ci,2024,Límite inferior,Total,0.959776946988609
ci,2024,Límite inferior,Urbano,0.947122236244723
ci,2024,Límite inferior,Rural,0.982999724472808
ci,2024,Límite superior,Total,0.965242785573693
ci,2024,Límite superior,Urbano,0.953875602434236
ci,2024,Límite superior,Rural,0.988024910399561
ci,2025,Límite inferior,Total,0.9620000000000001
ci,2025,Límite inferior,Urbano,0.9520000000000001
ci,2025,Límite inferior,Rural,0.978
ci,2025,Límite superior,Total,0.9670000000000001
ci,2025,Límite superior,Urbano,0.9590000000000001
ci,2025,Límite superior,Rural,0.9840000000000001
territorio_hombre,2018,,Urbano,0.9566639412745775
territorio_hombre,2018,,Rural,0.9879264087888139
territorio_hombre,2018,,Quito,0.9186249812771624
territorio_hombre,2018,,Guayaquil,0.9727493599448537
territorio_hombre,2018,,Cuenca,0.945011220939085
territorio_hombre,2018,,Machala,0.9471956160381649
territorio_hombre,2018,,Ambato,0.9581374117235436
territorio_hombre,2018,,Sierra,0.9575612601383052
territorio_hombre,2018,,Costa,0.9748665183217139
territorio_hombre,2018,,Amazonia,0.9765750313684787
territorio_hombre,2018,,Insular,0.9894782303118355
territorio_hombre,2018,,Zona 1,0.9554411989327775
territorio_hombre,2018,,Zona 2,0.9710772620848009
territorio_hombre,2018,,Zona 3,0.9826648965364265
territorio_hombre,2018,,Zona 4,0.9837508403179809
territorio_hombre,2018,,Zona 5,0.9829376807650664
territorio_hombre,2018,,Zona 6,0.9655415364893106
territorio_hombre,2018,,Zona 7,0.9655495740437018
territorio_hombre,2018,,Zona 8,0.9719845294526459
territorio_hombre,2018,,Zona 9,0.926582730849771
territorio_hombre,2018,,Total,0.9673069917512059
territorio_hombre,2019,,Urbano,0.9562859157549092
territorio_hombre,2019,,Rural,0.9843556614694132
territorio_hombre,2019,,Quito,0.9162964807355536
territorio_hombre,2019,,Guayaquil,0.9765808129243698
territorio_hombre,2019,,Cuenca,0.9471277643953477
territorio_hombre,2019,,Machala,0.9434810932481339
territorio_hombre,2019,,Ambato,0.9590428748389191
territorio_hombre,2019,,Sierra,0.9547860165776878
territorio_hombre,2019,,Costa,0.9745841783268582
territorio_hombre,2019,,Amazonia,0.9765536569392109
territorio_hombre,2019,,Insular,0.9909287323634
territorio_hombre,2019,,Zona 1,0.9351506856865992
territorio_hombre,2019,,Zona 2,0.9686957131249481
territorio_hombre,2019,,Zona 3,0.9847930390166407
territorio_hombre,2019,,Zona 4,0.9816153734190165
territorio_hombre,2019,,Zona 5,0.9846693338027999
territorio_hombre,2019,,Zona 6,0.9653614393799624
territorio_hombre,2019,,Zona 7,0.9640718441296391
territorio_hombre,2019,,Zona 8,0.9765995593518723
territorio_hombre,2019,,Zona 9,0.9231969499495905
territorio_hombre,2019,,Total,0.9658876788565522
territorio_hombre,2021,,Urbano,0.9461618997260963
territorio_hombre,2021,,Rural,0.981307629738922
territorio_hombre,2021,,Quito,0.8949909900053697
territorio_hombre,2021,,Guayaquil,0.9667254351080363
territorio_hombre,2021,,Cuenca,0.9328654561122537
territorio_hombre,2021,,Machala,0.9286764186052023
territorio_hombre,2021,,Ambato,0.9474881959010555
territorio_hombre,2021,,Sierra,0.942822862722415
territorio_hombre,2021,,Costa,0.9708062728247542
territorio_hombre,2021,,Amazonia,0.9762711472924996
territorio_hombre,2021,,Insular,0.9325789415463643
territorio_hombre,2021,,Zona 1,0.939652723666651
territorio_hombre,2021,,Zona 2,0.9572840775178699
territorio_hombre,2021,,Zona 3,0.9782872092245662
territorio_hombre,2021,,Zona 4,0.9830819731421296
territorio_hombre,2021,,Zona 5,0.9853333974772785
territorio_hombre,2021,,Zona 6,0.9590340252874614
territorio_hombre,2021,,Zona 7,0.9542185089171114
territorio_hombre,2021,,Zona 8,0.9655143006294211
territorio_hombre,2021,,Zona 9,0.8979053718261878
territorio_hombre,2021,,Total,0.9583101947486271
territorio_hombre,2022,,Urbano,0.9527551798746196
territorio_hombre,2022,,Rural,0.9807039089726972
territorio_hombre,2022,,Quito,0.9166810006959083
territorio_hombre,2022,,Guayaquil,0.9676556591569668
territorio_hombre,2022,,Cuenca,0.9495741614208193
territorio_hombre,2022,,Machala,0.9301785870698964
territorio_hombre,2022,,Ambato,0.9615178525711218
territorio_hombre,2022,,Sierra,0.9513006950457402
territorio_hombre,2022,,Costa,0.9712655022321318
territorio_hombre,2022,,Amazonia,0.975986036991438
territorio_hombre,2022,,Insular,0.9487811382930519
territorio_hombre,2022,,Zona 1,0.933483731028868
territorio_hombre,2022,,Zona 2,0.947127865760986
territorio_hombre,2022,,Zona 3,0.9839215098035139
territorio_hombre,2022,,Zona 4,0.9820549698710002
territorio_hombre,2022,,Zona 5,0.9854201040229867
territorio_hombre,2022,,Zona 6,0.9670049717518432
territorio_hombre,2022,,Zona 7,0.9592610731917508
territorio_hombre,2022,,Zona 8,0.9680451528954164
territorio_hombre,2022,,Zona 9,0.9189021698399992
territorio_hombre,2022,,Total,0.9624208401238744
territorio_hombre,2023,,Urbano,0.9589566411406442
territorio_hombre,2023,,Rural,0.986475427502235
territorio_hombre,2023,,Quito,0.931977271807203
territorio_hombre,2023,,Guayaquil,0.9716279102689186
territorio_hombre,2023,,Cuenca,0.9658366312243184
territorio_hombre,2023,,Machala,0.9446175360928724
territorio_hombre,2023,,Ambato,0.9594897569968242
territorio_hombre,2023,,Sierra,0.9584992277531711
territorio_hombre,2023,,Costa,0.9752679091397697
territorio_hombre,2023,,Amazonia,0.9879351903151294
territorio_hombre,2023,,Insular,0.9540305713938418
territorio_hombre,2023,,Zona 1,0.9479695967287036
territorio_hombre,2023,,Zona 2,0.9636172763948945
territorio_hombre,2023,,Zona 3,0.9834507006627109
territorio_hombre,2023,,Zona 4,0.987231122236465
territorio_hombre,2023,,Zona 5,0.9856420360042348
territorio_hombre,2023,,Zona 6,0.9753616155103615
territorio_hombre,2023,,Zona 7,0.9645227230110157
territorio_hombre,2023,,Zona 8,0.9712245809844581
territorio_hombre,2023,,Zona 9,0.9324591121682604
territorio_hombre,2023,,Total,0.9682744288516361
territorio_hombre,2024,,Urbano,0.960514864208898
territorio_hombre,2024,,Rural,0.98833817477557
territorio_hombre,2024,,Quito,0.925839812911975
territorio_hombre,2024,,Guayaquil,0.97248600331565
territorio_hombre,2024,,Cuenca,0.950882189418141
territorio_hombre,2024,,Machala,0.943487502840949
territorio_hombre,2024,,Ambato,0.959610190025022
territorio_hombre,2024,,Sierra,0.958987963580591
territorio_hombre,2024,,Costa,0.978198471164442
territorio_hombre,2024,,Amazonia,0.98581372425531
territorio_hombre,2024,,Insular,0.971557844665225
territorio_hombre,2024,,Zona 1,0.948181160384037
territorio_hombre,2024,,Zona 2,0.974192359567529
territorio_hombre,2024,,Zona 3,0.987071679250763
territorio_hombre,2024,,Zona 4,0.989403149127108
territorio_hombre,2024,,Zona 5,0.987710333171629
territorio_hombre,2024,,Zona 6,0.97687992777503
territorio_hombre,2024,,Zona 7,0.964575954790031
territorio_hombre,2024,,Zona 8,0.973312839271784
territorio_hombre,2024,,Zona 9,0.930782275640885
territorio_hombre,2024,,Total,0.969973810194916
territorio_hombre,2025,,Urbano,0.9650436031223172
territorio_hombre,2025,,Rural,0.9835991162778275
territorio_hombre,2025,,Quito,0.9390771865585417
territorio_hombre,2025,,Guayaquil,0.974773785505059
territorio_hombre,2025,,Cuenca,0.9634166336841506
territorio_hombre,2025,,Machala,0.9577767951988879
territorio_hombre,2025,,Ambato,0.9693619792054682
territorio_hombre,2025,,Sierra,0.9626521680514697
territorio_hombre,2025,,Costa,0.9787890382036554
territorio_hombre,2025,,Amazonia,0.980541470885192
territorio_hombre,2025,,Insular,0.9603599401493007
territorio_hombre,2025,,Zona 1,0.9434019005636968
territorio_hombre,2025,,Zona 2,0.9767715293134908
territorio_hombre,2025,,Zona 3,0.9836566482718655
territorio_hombre,2025,,Zona 4,0.9925024345788654
territorio_hombre,2025,,Zona 5,0.9865374541477184
territorio_hombre,2025,,Zona 6,0.9730414314221281
territorio_hombre,2025,,Zona 7,0.9666698610845614
territorio_hombre,2025,,Zona 8,0.9752064798181485
territorio_hombre,2025,,Zona 9,0.940076274904354
territorio_hombre,2025,,Total,0.9715408120798673
caracteristicas_hombre,2018,Grupos de edad,15 a 17 años,0.9728186145997979
caracteristicas_hombre,2018,Grupos de edad,18 a 29 años,0.933083081823951
caracteristicas_hombre,2018,Grupos de edad,30 a 44 años,0.9769928149062823
caracteristicas_hombre,2018,Grupos de edad,45 a 64 años,0.9795592944386555
caracteristicas_hombre,2018,Grupos de edad,65 años y más,0.9918709217648658
caracteristicas_hombre,2018,Etnia,Indígena,0.9877914690591569
caracteristicas_hombre,2018,Etnia,Afroecuatoriano,0.9421744942799797
caracteristicas_hombre,2018,Etnia,Montubio,0.9874841984336771
caracteristicas_hombre,2018,Etnia,Mestizo,0.9648345105960344
caracteristicas_hombre,2018,Etnia,Blanco,0.9604388818688361
caracteristicas_hombre,2018,Estado civil/conyugal,Casado,0.9838689095010302
caracteristicas_hombre,2018,Estado civil/conyugal,Unión libre,0.9802377858152862
caracteristicas_hombre,2018,Estado civil/conyugal,Soltero,0.9304934977217161
caracteristicas_hombre,2018,Estado civil/conyugal,Otros,0.9721466880170064
caracteristicas_hombre,2018,Nivel de instrucción,Ninguno,0.9942403312837816
caracteristicas_hombre,2018,Nivel de instrucción,Centro de Alfabetización,0.9935918202691173
caracteristicas_hombre,2018,Nivel de instrucción,Básica,0.9821868281644182
caracteristicas_hombre,2018,Nivel de instrucción,Bachillerato,0.9534808762056284
caracteristicas_hombre,2018,Nivel de instrucción,Superior,0.9515075237795444
caracteristicas_hombre,2019,Grupos de edad,15 a 17 años,0.9738294151323545
caracteristicas_hombre,2019,Grupos de edad,18 a 29 años,0.9294439641960331
caracteristicas_hombre,2019,Grupos de edad,30 a 44 años,0.9753538180655735
caracteristicas_hombre,2019,Grupos de edad,45 a 64 años,0.9791766309075435
caracteristicas_hombre,2019,Grupos de edad,65 años y más,0.9909673411014658
caracteristicas_hombre,2019,Etnia,Indígena,0.9821883599240462
caracteristicas_hombre,2019,Etnia,Afroecuatoriano,0.9314738275700203
caracteristicas_hombre,2019,Etnia,Montubio,0.9844587648531212
caracteristicas_hombre,2019,Etnia,Mestizo,0.9640793192025827
caracteristicas_hombre,2019,Etnia,Blanco,0.9650837875301123
caracteristicas_hombre,2019,Estado civil/conyugal,Casado,0.9833998042264298
caracteristicas_hombre,2019,Estado civil/conyugal,Unión libre,0.9792204091529966
caracteristicas_hombre,2019,Estado civil/conyugal,Soltero,0.9271545975260019
caracteristicas_hombre,2019,Estado civil/conyugal,Otros,0.9749194275288035
caracteristicas_hombre,2019,Nivel de instrucción,Ninguno,0.9894763866251535
caracteristicas_hombre,2019,Nivel de instrucción,Centro de Alfabetización,0.9718932336195647
caracteristicas_hombre,2019,Nivel de instrucción,Básica,0.9817112354349481
caracteristicas_hombre,2019,Nivel de instrucción,Bachillerato,0.9526599124900523
caracteristicas_hombre,2019,Nivel de instrucción,Superior,0.9483921515767613
caracteristicas_hombre,2021,Grupos de edad,15 a 17 años,0.9810457874102005
caracteristicas_hombre,2021,Grupos de edad,18 a 29 años,0.9246939799923478
caracteristicas_hombre,2021,Grupos de edad,30 a 44 años,0.9661710729279241
caracteristicas_hombre,2021,Grupos de edad,45 a 64 años,0.9709401991538626
caracteristicas_hombre,2021,Grupos de edad,65 años y más,0.9870576320314968
caracteristicas_hombre,2021,Etnia,Indígena,0.9834380008754706
caracteristicas_hombre,2021,Etnia,Afroecuatoriano,0.9130707516762702
caracteristicas_hombre,2021,Etnia,Montubio,0.9847415595464413
caracteristicas_hombre,2021,Etnia,Mestizo,0.9559492746598792
caracteristicas_hombre,2021,Etnia,Blanco,0.9443203629551065
caracteristicas_hombre,2021,Estado civil/conyugal,Casado,0.9749299921747829
caracteristicas_hombre,2021,Estado civil/conyugal,Unión libre,0.974918124451205
caracteristicas_hombre,2021,Estado civil/conyugal,Soltero,0.9189664066022498
caracteristicas_hombre,2021,Estado civil/conyugal,Otros,0.9680241474104109
caracteristicas_hombre,2021,Nivel de instrucción,Ninguno,0.98817129467097
caracteristicas_hombre,2021,Nivel de instrucción,Centro de Alfabetización,0.9923919798288259
caracteristicas_hombre,2021,Nivel de instrucción,Básica,0.9759949824071882
caracteristicas_hombre,2021,Nivel de instrucción,Bachillerato,0.9477148358199146
caracteristicas_hombre,2021,Nivel de instrucción,Superior,0.9363931078877926
caracteristicas_hombre,2022,Grupos de edad,15 a 17 años,0.9768184858439165
caracteristicas_hombre,2022,Grupos de edad,18 a 29 años,0.9258274067239871
caracteristicas_hombre,2022,Grupos de edad,30 a 44 años,0.9725106230889552
caracteristicas_hombre,2022,Grupos de edad,45 a 64 años,0.9757765440708794
caracteristicas_hombre,2022,Grupos de edad,65 años y más,0.9865158493048763
caracteristicas_hombre,2022,Etnia,Indígena,0.978579752386299
caracteristicas_hombre,2022,Etnia,Afroecuatoriano,0.9280422034350493
caracteristicas_hombre,2022,Etnia,Montubio,0.9814245386450813
caracteristicas_hombre,2022,Etnia,Mestizo,0.960894600802979
caracteristicas_hombre,2022,Etnia,Blanco,0.9635385896162871
caracteristicas_hombre,2022,Estado civil/conyugal,Casado,0.9818622293693965
caracteristicas_hombre,2022,Estado civil/conyugal,Unión libre,0.9767570807858443
caracteristicas_hombre,2022,Estado civil/conyugal,Soltero,0.9222081618934953
caracteristicas_hombre,2022,Estado civil/conyugal,Otros,0.972580077108973
caracteristicas_hombre,2022,Nivel de instrucción,Ninguno,0.9866142959332617
caracteristicas_hombre,2022,Nivel de instrucción,Centro de Alfabetización,0.988544278309639
caracteristicas_hombre,2022,Nivel de instrucción,Básica,0.9771316041585099
caracteristicas_hombre,2022,Nivel de instrucción,Bachillerato,0.9510428661800199
caracteristicas_hombre,2022,Nivel de instrucción,Superior,0.9500550594711916
caracteristicas_hombre,2023,Grupos de edad,15 a 17 años,0.9789572508181976
caracteristicas_hombre,2023,Grupos de edad,18 a 29 años,0.9365983863144729
caracteristicas_hombre,2023,Grupos de edad,30 a 44 años,0.9760504506968896
caracteristicas_hombre,2023,Grupos de edad,45 a 64 años,0.9802296459386871
caracteristicas_hombre,2023,Grupos de edad,65 años y más,0.9912180174216513
caracteristicas_hombre,2023,Etnia,Indígena,0.9864813238242736
caracteristicas_hombre,2023,Etnia,Afroecuatoriano,0.9262891048860583
caracteristicas_hombre,2023,Etnia,Montubio,0.9867839749611644
caracteristicas_hombre,2023,Etnia,Mestizo,0.966565626171405
caracteristicas_hombre,2023,Etnia,Blanco,0.9614466769271827
caracteristicas_hombre,2023,Estado civil/conyugal,Casado,0.9839081582599898
caracteristicas_hombre,2023,Estado civil/conyugal,Unión libre,0.9804686888104956
caracteristicas_hombre,2023,Estado civil/conyugal,Soltero,0.935390048012191
caracteristicas_hombre,2023,Estado civil/conyugal,Otros,0.9810092975223688
caracteristicas_hombre,2023,Nivel de instrucción,Ninguno,0.9951666879276627
caracteristicas_hombre,2023,Nivel de instrucción,Centro de Alfabetización,1
caracteristicas_hombre,2023,Nivel de instrucción,Básica,0.9817496681770355
caracteristicas_hombre,2023,Nivel de instrucción,Bachillerato,0.9612080884200559
caracteristicas_hombre,2023,Nivel de instrucción,Superior,0.9496028174166402
caracteristicas_hombre,2024,Grupos de edad,15 a 17 años,0.970369303967218
caracteristicas_hombre,2024,Grupos de edad,18 a 29 años,0.931217545253122
caracteristicas_hombre,2024,Grupos de edad,30 a 44 años,0.979863597581016
caracteristicas_hombre,2024,Grupos de edad,45 a 64 años,0.984722420017598
caracteristicas_hombre,2024,Grupos de edad,65 años y más,0.992003016675005
caracteristicas_hombre,2024,Etnia,Indígena,0.985769691998073
caracteristicas_hombre,2024,Etnia,Afroecuatoriano,0.925607540345305
caracteristicas_hombre,2024,Etnia,Montubio,0.99167455129154
caracteristicas_hombre,2024,Etnia,Mestizo,0.968216433030474
caracteristicas_hombre,2024,Etnia,Blanco,0.979233289147595
caracteristicas_hombre,2024,Estado civil/conyugal,Casado,0.987065713885166
caracteristicas_hombre,2024,Estado civil/conyugal,Unión libre,0.985722626751929
caracteristicas_hombre,2024,Estado civil/conyugal,Soltero,0.933029935012801
caracteristicas_hombre,2024,Estado civil/conyugal,Otros,0.979934056938561
caracteristicas_hombre,2024,Nivel de instrucción,Ninguno,0.997920259974657
caracteristicas_hombre,2024,Nivel de instrucción,Centro de Alfabetización,0.994631294068092
caracteristicas_hombre,2024,Nivel de instrucción,Básica,0.985736979488892
caracteristicas_hombre,2024,Nivel de instrucción,Bachillerato,0.961967890126893
caracteristicas_hombre,2024,Nivel de instrucción,Superior,0.948326848361459
caracteristicas_hombre,2025,Grupos de edad,15 a 17 años,0.982215299322101
caracteristicas_hombre,2025,Grupos de edad,18 a 29 años,0.9370014836440719
caracteristicas_hombre,2025,Grupos de edad,30 a 44 años,0.9779749528293264
caracteristicas_hombre,2025,Grupos de edad,45 a 64 años,0.9868941065733662
caracteristicas_hombre,2025,Grupos de edad,65 años y más,0.9896860843909976
caracteristicas_hombre,2025,Etnia,Indígena,0.9830553547860134
caracteristicas_hombre,2025,Etnia,Afroecuatoriano,0.9420747925530603
caracteristicas_hombre,2025,Etnia,Montubio,0.9932288058970746
caracteristicas_hombre,2025,Etnia,Mestizo,0.9699952489064214
caracteristicas_hombre,2025,Etnia,Blanco,0.964482352779905
caracteristicas_hombre,2025,Estado civil/conyugal,Casado,0.9875444301806761
caracteristicas_hombre,2025,Estado civil/conyugal,Unión libre,0.9848308771435856
caracteristicas_hombre,2025,Estado civil/conyugal,Soltero,0.936781126384678
caracteristicas_hombre,2025,Estado civil/conyugal,Otros,0.9832656496374433
caracteristicas_hombre,2025,Nivel de instrucción,Ninguno,0.9905959495607736
caracteristicas_hombre,2025,Nivel de instrucción,Centro de Alfabetización,1
caracteristicas_hombre,2025,Nivel de instrucción,Básica,0.9874518215219202
caracteristicas_hombre,2025,Nivel de instrucción,Bachillerato,0.9623801176987273
caracteristicas_hombre,2025,Nivel de instrucción,Superior,0.953203224245411
territorio_mujer,2018,,Urbano,0.937264649608461
territorio_mujer,2018,,Rural,0.9812328244285876
territorio_mujer,2018,,Quito,0.9092589999210262
territorio_mujer,2018,,Guayaquil,0.9508188699591117
territorio_mujer,2018,,Cuenca,0.9481868678617457
territorio_mujer,2018,,Machala,0.9226775984557858
territorio_mujer,2018,,Ambato,0.94965318228297
territorio_mujer,2018,,Sierra,0.9522744580579855
territorio_mujer,2018,,Costa,0.9493295586673599
territorio_mujer,2018,,Amazonia,0.9714036830642818
territorio_mujer,2018,,Insular,0.9848794999350886
territorio_mujer,2018,,Zona 1,0.9334932576464876
territorio_mujer,2018,,Zona 2,0.9584413828185054
territorio_mujer,2018,,Zona 3,0.9770919241930559
territorio_mujer,2018,,Zona 4,0.9690669629559003
territorio_mujer,2018,,Zona 5,0.9558293747320903
territorio_mujer,2018,,Zona 6,0.9695642822581605
territorio_mujer,2018,,Zona 7,0.950878806094137
territorio_mujer,2018,,Zona 8,0.949948416762646
territorio_mujer,2018,,Zona 9,0.9164326350481333
territorio_mujer,2018,,Total,0.9521481285364607
territorio_mujer,2019,,Urbano,0.9342390758037646
territorio_mujer,2019,,Rural,0.9761285332389896
territorio_mujer,2019,,Quito,0.9001608042308931
territorio_mujer,2019,,Guayaquil,0.9596009420654207
territorio_mujer,2019,,Cuenca,0.9483607876119753
territorio_mujer,2019,,Machala,0.9358710333112932
territorio_mujer,2019,,Ambato,0.9451505459102935
territorio_mujer,2019,,Sierra,0.9467071406776428
territorio_mujer,2019,,Costa,0.9481899102260548
territorio_mujer,2019,,Amazonia,0.9714111388942175
territorio_mujer,2019,,Insular,0.9637521592897369
territorio_mujer,2019,,Zona 1,0.9091553474716769
territorio_mujer,2019,,Zona 2,0.9574949002438065
territorio_mujer,2019,,Zona 3,0.9801880054341994
territorio_mujer,2019,,Zona 4,0.9659690867154861
territorio_mujer,2019,,Zona 5,0.9532125364839794
territorio_mujer,2019,,Zona 6,0.9693776912632605
territorio_mujer,2019,,Zona 7,0.950692465003186
territorio_mujer,2019,,Zona 8,0.9552938463533016
territorio_mujer,2019,,Zona 9,0.904330950009545
territorio_mujer,2019,,Total,0.9487107865218776
territorio_mujer,2021,,Urbano,0.9131907476756227
territorio_mujer,2021,,Rural,0.9715469989086053
territorio_mujer,2021,,Quito,0.8673701160182086
territorio_mujer,2021,,Guayaquil,0.9399370342171458
territorio_mujer,2021,,Cuenca,0.9198853708510571
territorio_mujer,2021,,Machala,0.8921102012300577
territorio_mujer,2021,,Ambato,0.9307433912868186
territorio_mujer,2021,,Sierra,0.9280651522628007
territorio_mujer,2021,,Costa,0.9367123491645285
territorio_mujer,2021,,Amazonia,0.9639609143991363
territorio_mujer,2021,,Insular,0.8741754430009151
territorio_mujer,2021,,Zona 1,0.9053044595314739
territorio_mujer,2021,,Zona 2,0.9350865055724051
territorio_mujer,2021,,Zona 3,0.9681923735724054
territorio_mujer,2021,,Zona 4,0.9519334760865278
territorio_mujer,2021,,Zona 5,0.95284184596884
territorio_mujer,2021,,Zona 6,0.9531003317372211
territorio_mujer,2021,,Zona 7,0.9360147420651359
territorio_mujer,2021,,Zona 8,0.9381260708434835
territorio_mujer,2021,,Zona 9,0.8737347042383994
territorio_mujer,2021,,Total,0.9334800572326629
territorio_mujer,2022,,Urbano,0.9354455892353115
territorio_mujer,2022,,Rural,0.9746405299859071
territorio_mujer,2022,,Quito,0.90140761821318
territorio_mujer,2022,,Guayaquil,0.9540687032517403
territorio_mujer,2022,,Cuenca,0.9460492931294704
territorio_mujer,2022,,Machala,0.913062198159057
territorio_mujer,2022,,Ambato,0.941568290335486
territorio_mujer,2022,,Sierra,0.9463784772435263
territorio_mujer,2022,,Costa,0.9476025501850296
territorio_mujer,2022,,Amazonia,0.9792549566589367
territorio_mujer,2022,,Insular,0.9374638067379356
territorio_mujer,2022,,Zona 1,0.9167053787916781
territorio_mujer,2022,,Zona 2,0.962669033946654
territorio_mujer,2022,,Zona 3,0.9771260368081232
territorio_mujer,2022,,Zona 4,0.9590798210803086
territorio_mujer,2022,,Zona 5,0.9580278926725609
territorio_mujer,2022,,Zona 6,0.9700906675561816
territorio_mujer,2022,,Zona 7,0.9495438936917375
territorio_mujer,2022,,Zona 8,0.9533087997661988
territorio_mujer,2022,,Zona 9,0.9041217741663793
territorio_mujer,2022,,Total,0.9487775079009404
territorio_mujer,2023,,Urbano,0.9382637499210933
territorio_mujer,2023,,Rural,0.9798812632273067
territorio_mujer,2023,,Quito,0.9074225632263444
territorio_mujer,2023,,Guayaquil,0.9568035587363328
territorio_mujer,2023,,Cuenca,0.9496020120570176
territorio_mujer,2023,,Machala,0.9128269405895085
territorio_mujer,2023,,Ambato,0.9587873180566802
territorio_mujer,2023,,Sierra,0.951151888193638
territorio_mujer,2023,,Costa,0.9504046983615528
territorio_mujer,2023,,Amazonia,0.9817734231680578
territorio_mujer,2023,,Insular,0.9625392580888091
territorio_mujer,2023,,Zona 1,0.9199593608615881
territorio_mujer,2023,,Zona 2,0.9533221402643455
territorio_mujer,2023,,Zona 3,0.9824672944573489
territorio_mujer,2023,,Zona 4,0.9701568949563908
territorio_mujer,2023,,Zona 5,0.9650373924052428
territorio_mujer,2023,,Zona 6,0.9725530172867999
territorio_mujer,2023,,Zona 7,0.9429362433087874
territorio_mujer,2023,,Zona 8,0.9566238050293909
territorio_mujer,2023,,Zona 9,0.9126807420376735
territorio_mujer,2023,,Total,0.9526585828973135
territorio_mujer,2024,,Urbano,0.936987134459277
territorio_mujer,2024,,Rural,0.981819541509488
territorio_mujer,2024,,Quito,0.908905216149135
territorio_mujer,2024,,Guayaquil,0.957590768732977
territorio_mujer,2024,,Cuenca,0.950083356710204
territorio_mujer,2024,,Machala,0.925584627022165
territorio_mujer,2024,,Ambato,0.937947067582473
territorio_mujer,2024,,Sierra,0.952550534191639
territorio_mujer,2024,,Costa,0.949454905568578
territorio_mujer,2024,,Amazonia,0.971000882916873
territorio_mujer,2024,,Insular,0.971711137803215
territorio_mujer,2024,,Zona 1,0.910514124764339
territorio_mujer,2024,,Zona 2,0.974702068275301
territorio_mujer,2024,,Zona 3,0.978704913688916
territorio_mujer,2024,,Zona 4,0.956461942236658
territorio_mujer,2024,,Zona 5,0.967482857516004
territorio_mujer,2024,,Zona 6,0.978374939549572
territorio_mujer,2024,,Zona 7,0.952856864723327
territorio_mujer,2024,,Zona 8,0.958880742183664
territorio_mujer,2024,,Zona 9,0.911398744078747
territorio_mujer,2024,,Total,0.952550263612787
territorio_mujer,2025,,Urbano,0.9423698350397776
territorio_mujer,2025,,Rural,0.9769640134081946
territorio_mujer,2025,,Quito,0.9150291519232163
territorio_mujer,2025,,Guayaquil,0.9710792594894921
territorio_mujer,2025,,Cuenca,0.9651579604237919
territorio_mujer,2025,,Machala,0.939000173245753
territorio_mujer,2025,,Ambato,0.9554718603315829
territorio_mujer,2025,,Sierra,0.9520553544220208
territorio_mujer,2025,,Costa,0.9548696607629175
territorio_mujer,2025,,Amazonia,0.9730653492200861
territorio_mujer,2025,,Insular,0.9819380339645376
territorio_mujer,2025,,Zona 1,0.907700735840066
territorio_mujer,2025,,Zona 2,0.9655599997618395
territorio_mujer,2025,,Zona 3,0.977712337374406
territorio_mujer,2025,,Zona 4,0.9516743031566337
territorio_mujer,2025,,Zona 5,0.9680887319130873
territorio_mujer,2025,,Zona 6,0.9773114192790978
territorio_mujer,2025,,Zona 7,0.9576319820166158
territorio_mujer,2025,,Zona 8,0.9719999558808488
territorio_mujer,2025,,Zona 9,0.9158745150487997
territorio_mujer,2025,,Total,0.954467529418214
caracteristicas_mujer,2018,Grupos de edad,15 a 17 años,0.9633689890451174
caracteristicas_mujer,2018,Grupos de edad,18 a 29 años,0.8855828526303051
caracteristicas_mujer,2018,Grupos de edad,30 a 44 años,0.9617794126762944
caracteristicas_mujer,2018,Grupos de edad,45 a 64 años,0.9813862666251107
caracteristicas_mujer,2018,Grupos de edad,65 años y más,0.997310839811224
caracteristicas_mujer,2018,Etnia,Indígena,0.9886112966822918
caracteristicas_mujer,2018,Etnia,Afroecuatoriano,0.9133147292502375
caracteristicas_mujer,2018,Etnia,Montubio,0.962843404463937
caracteristicas_mujer,2018,Etnia,Mestizo,0.9484900838336359
caracteristicas_mujer,2018,Etnia,Blanco,0.94076223059681
caracteristicas_mujer,2018,Estado civil/conyugal,Casado,0.9787401151775894
caracteristicas_mujer,2018,Estado civil/conyugal,Unión libre,0.9508796692934786
caracteristicas_mujer,2018,Estado civil/conyugal,Soltero,0.9071282145467083
caracteristicas_mujer,2018,Estado civil/conyugal,Otros,0.9611612953046593
caracteristicas_mujer,2018,Nivel de instrucción,Ninguno,0.9948422658624422
caracteristicas_mujer,2018,Nivel de instrucción,Centro de Alfabetización,0.9956920500954907
caracteristicas_mujer,2018,Nivel de instrucción,Básica,0.9775621543132904
caracteristicas_mujer,2018,Nivel de instrucción,Bachillerato,0.923811719690584
caracteristicas_mujer,2018,Nivel de instrucción,Superior,0.9332825096502823
caracteristicas_mujer,2019,Grupos de edad,15 a 17 años,0.9612456475739892
caracteristicas_mujer,2019,Grupos de edad,18 a 29 años,0.8740158072173442
caracteristicas_mujer,2019,Grupos de edad,30 a 44 años,0.9607864987208704
caracteristicas_mujer,2019,Grupos de edad,45 a 64 años,0.9788268887554495
caracteristicas_mujer,2019,Grupos de edad,65 años y más,0.9957534979547557
caracteristicas_mujer,2019,Etnia,Indígena,0.9846657031156749
caracteristicas_mujer,2019,Etnia,Afroecuatoriano,0.8935351293312221
caracteristicas_mujer,2019,Etnia,Montubio,0.9625860804675662
caracteristicas_mujer,2019,Etnia,Mestizo,0.9450107714217639
caracteristicas_mujer,2019,Etnia,Blanco,0.9493757351669375
caracteristicas_mujer,2019,Estado civil/conyugal,Casado,0.9734006980355709
caracteristicas_mujer,2019,Estado civil/conyugal,Unión libre,0.9507574787169387
caracteristicas_mujer,2019,Estado civil/conyugal,Soltero,0.8997818363842631
caracteristicas_mujer,2019,Estado civil/conyugal,Otros,0.9634192185213802
caracteristicas_mujer,2019,Nivel de instrucción,Ninguno,0.9923401481768196
caracteristicas_mujer,2019,Nivel de instrucción,Centro de Alfabetización,0.9818744948652273
caracteristicas_mujer,2019,Nivel de instrucción,Básica,0.976436313425455
caracteristicas_mujer,2019,Nivel de instrucción,Bachillerato,0.9199052827408403
caracteristicas_mujer,2019,Nivel de instrucción,Superior,0.9282129943381745
caracteristicas_mujer,2021,Grupos de edad,15 a 17 años,0.9698021730895493
caracteristicas_mujer,2021,Grupos de edad,18 a 29 años,0.8540868087525673
caracteristicas_mujer,2021,Grupos de edad,30 a 44 años,0.9410208579890234
caracteristicas_mujer,2021,Grupos de edad,45 a 64 años,0.9701603983125886
caracteristicas_mujer,2021,Grupos de edad,65 años y más,0.9952493939091637
caracteristicas_mujer,2021,Etnia,Indígena,0.9810094644450558
caracteristicas_mujer,2021,Etnia,Afroecuatoriano,0.877787844003118
caracteristicas_mujer,2021,Etnia,Montubio,0.9661450958882118
caracteristicas_mujer,2021,Etnia,Mestizo,0.9286050810367561
caracteristicas_mujer,2021,Etnia,Blanco,0.9056611646243632
caracteristicas_mujer,2021,Estado civil/conyugal,Casado,0.965197316074191
caracteristicas_mujer,2021,Estado civil/conyugal,Unión libre,0.940099421428229
caracteristicas_mujer,2021,Estado civil/conyugal,Soltero,0.8799995334931889
caracteristicas_mujer,2021,Estado civil/conyugal,Otros,0.9431755282557345
caracteristicas_mujer,2021,Nivel de instrucción,Ninguno,0.9927065051068265
caracteristicas_mujer,2021,Nivel de instrucción,Centro de Alfabetización,0.986297151282489
caracteristicas_mujer,2021,Nivel de instrucción,Básica,0.9672016739711528
caracteristicas_mujer,2021,Nivel de instrucción,Bachillerato,0.9014174784979844
caracteristicas_mujer,2021,Nivel de instrucción,Superior,0.9143041218006777
caracteristicas_mujer,2022,Grupos de edad,15 a 17 años,0.9854631896163426
caracteristicas_mujer,2022,Grupos de edad,18 a 29 años,0.8795560217378436
caracteristicas_mujer,2022,Grupos de edad,30 a 44 años,0.9546251012818153
caracteristicas_mujer,2022,Grupos de edad,45 a 64 años,0.9798359630124702
caracteristicas_mujer,2022,Grupos de edad,65 años y más,0.9961984518020909
caracteristicas_mujer,2022,Etnia,Indígena,0.9856302313036126
caracteristicas_mujer,2022,Etnia,Afroecuatoriano,0.9066598632611637
caracteristicas_mujer,2022,Etnia,Montubio,0.9687544272186673
caracteristicas_mujer,2022,Etnia,Mestizo,0.9449362741765994
caracteristicas_mujer,2022,Etnia,Blanco,0.9459358102499774
caracteristicas_mujer,2022,Estado civil/conyugal,Casado,0.9741755006315732
caracteristicas_mujer,2022,Estado civil/conyugal,Unión libre,0.9552441698154457
caracteristicas_mujer,2022,Estado civil/conyugal,Soltero,0.9003027453127666
caracteristicas_mujer,2022,Estado civil/conyugal,Otros,0.9623417023503924
caracteristicas_mujer,2022,Nivel de instrucción,Ninguno,0.9946022316314971
caracteristicas_mujer,2022,Nivel de instrucción,Centro de Alfabetización,0.9860510152857956
caracteristicas_mujer,2022,Nivel de instrucción,Básica,0.9755193038416393
caracteristicas_mujer,2022,Nivel de instrucción,Bachillerato,0.9272434850417703
caracteristicas_mujer,2022,Nivel de instrucción,Superior,0.9293837261116273
caracteristicas_mujer,2023,Grupos de edad,15 a 17 años,0.9841649776511314
caracteristicas_mujer,2023,Grupos de edad,18 a 29 años,0.8913609390695244
caracteristicas_mujer,2023,Grupos de edad,30 a 44 años,0.9590145455849258
caracteristicas_mujer,2023,Grupos de edad,45 a 64 años,0.9782966580277218
caracteristicas_mujer,2023,Grupos de edad,65 años y más,0.9966861903526776
caracteristicas_mujer,2023,Etnia,Indígena,0.9881927923243422
caracteristicas_mujer,2023,Etnia,Afroecuatoriano,0.884966587868431
caracteristicas_mujer,2023,Etnia,Montubio,0.9717256230331206
caracteristicas_mujer,2023,Etnia,Mestizo,0.9483815684986775
caracteristicas_mujer,2023,Etnia,Blanco,0.9431926733703558
caracteristicas_mujer,2023,Estado civil/conyugal,Casado,0.9813303700551897
caracteristicas_mujer,2023,Estado civil/conyugal,Unión libre,0.9587635053502855
caracteristicas_mujer,2023,Estado civil/conyugal,Soltero,0.903927024202845
caracteristicas_mujer,2023,Estado civil/conyugal,Otros,0.9657288426406802
caracteristicas_mujer,2023,Nivel de instrucción,Ninguno,0.9921422828014231
caracteristicas_mujer,2023,Nivel de instrucción,Centro de Alfabetización,0.997314498719675
caracteristicas_mujer,2023,Nivel de instrucción,Básica,0.981478659507105
caracteristicas_mujer,2023,Nivel de instrucción,Bachillerato,0.9296519451303875
caracteristicas_mujer,2023,Nivel de instrucción,Superior,0.9315586113182824
caracteristicas_mujer,2024,Grupos de edad,15 a 17 años,0.983114759621563
caracteristicas_mujer,2024,Grupos de edad,18 a 29 años,0.872202079688221
caracteristicas_mujer,2024,Grupos de edad,30 a 44 años,0.963482392154932
caracteristicas_mujer,2024,Grupos de edad,45 a 64 años,0.983846292865566
caracteristicas_mujer,2024,Grupos de edad,65 años y más,0.997560186867484
caracteristicas_mujer,2024,Etnia,Indígena,0.98795846776859
caracteristicas_mujer,2024,Etnia,Afroecuatoriano,0.863164781115336
caracteristicas_mujer,2024,Etnia,Montubio,0.977335755942791
caracteristicas_mujer,2024,Etnia,Mestizo,0.948731562038102
caracteristicas_mujer,2024,Etnia,Blanco,0.960053388788685
caracteristicas_mujer,2024,Estado civil/conyugal,Casado,0.984602192557513
caracteristicas_mujer,2024,Estado civil/conyugal,Unión libre,0.966071237233892
caracteristicas_mujer,2024,Estado civil/conyugal,Soltero,0.900372294335327
caracteristicas_mujer,2024,Estado civil/conyugal,Otros,0.961723394505376
caracteristicas_mujer,2024,Nivel de instrucción,Ninguno,0.997569566975093
caracteristicas_mujer,2024,Nivel de instrucción,Centro de Alfabetización,1
caracteristicas_mujer,2024,Nivel de instrucción,Básica,0.982177323220662
caracteristicas_mujer,2024,Nivel de instrucción,Bachillerato,0.933129063126489
caracteristicas_mujer,2024,Nivel de instrucción,Superior,0.925578934014122
caracteristicas_mujer,2025,Grupos de edad,15 a 17 años,0.9686971283982885
caracteristicas_mujer,2025,Grupos de edad,18 a 29 años,0.8848076197342298
caracteristicas_mujer,2025,Grupos de edad,30 a 44 años,0.9619040040088336
caracteristicas_mujer,2025,Grupos de edad,45 a 64 años,0.985850917528469
caracteristicas_mujer,2025,Grupos de edad,65 años y más,0.9977026648019157
caracteristicas_mujer,2025,Etnia,Indígena,0.980569015079793
caracteristicas_mujer,2025,Etnia,Afroecuatoriano,0.890490207149578
caracteristicas_mujer,2025,Etnia,Montubio,0.965783390675792
caracteristicas_mujer,2025,Etnia,Mestizo,0.9519777646173145
caracteristicas_mujer,2025,Etnia,Blanco,0.9555857757630033
caracteristicas_mujer,2025,Estado civil/conyugal,Casado,0.9805887669253943
caracteristicas_mujer,2025,Estado civil/conyugal,Unión libre,0.9614218575506427
caracteristicas_mujer,2025,Estado civil/conyugal,Soltero,0.9036405446986879
caracteristicas_mujer,2025,Estado civil/conyugal,Otros,0.9754298666352035
caracteristicas_mujer,2025,Nivel de instrucción,Ninguno,0.9951189036975066
caracteristicas_mujer,2025,Nivel de instrucción,Centro de Alfabetización,1
caracteristicas_mujer,2025,Nivel de instrucción,Básica,0.9833690252630762
caracteristicas_mujer,2025,Nivel de instrucción,Bachillerato,0.9380220073488951
caracteristicas_mujer,2025,Nivel de instrucción,Superior,0.9298086361721075
estimadores,2018,Total,valor,0.9608176568298452
estimadores,2018,Total,error,0.0006228643189329367
estimadores,2018,Total,li,0.9595967479907437
estimadores,2018,Total,ls,0.9620385656689467
estimadores,2018,Total,cv,0.06482648549445237
estimadores,2018,Urbano,valor,0.9483454035310148
estimadores,2018,Urbano,error,0.0008529010157343928
estimadores,2018,Urbano,li,0.9466735877641833
estimadores,2018,Urbano,ls,0.9500172192978463
estimadores,2018,Urbano,cv,0.08993569353093822
estimadores,2018,Rural,valor,0.985070304713848
estimadores,2018,Rural,error,0.0006659369585370337
estimadores,2018,Rural,li,0.9837649669472617
estimadores,2018,Rural,ls,0.9863756424804344
estimadores,2018,Rural,cv,0.06760298786293036
estimadores,2018,Quito,valor,0.9143678780567825
estimadores,2018,Quito,error,0.002377684078637458
estimadores,2018,Quito,li,0.9097065763281804
estimadores,2018,Quito,ls,0.9190291797853847
estimadores,2018,Quito,cv,0.2600358275588727
estimadores,2018,Guayaquil,valor,0.9634652551143313
estimadores,2018,Guayaquil,error,0.001303705707768168
estimadores,2018,Guayaquil,li,0.9609094211733098
estimadores,2018,Guayaquil,ls,0.9660210890553529
estimadores,2018,Guayaquil,cv,0.1353142420910095
estimadores,2018,Cuenca,valor,0.9465344868119443
estimadores,2018,Cuenca,error,0.002209899693836884
estimadores,2018,Cuenca,li,0.942202115932453
estimadores,2018,Cuenca,ls,0.9508668576914356
estimadores,2018,Cuenca,cv,0.233472707505896
estimadores,2018,Machala,valor,0.9372438821939906
estimadores,2018,Machala,error,0.002477927703787336
estimadores,2018,Machala,li,0.932386059074094
estimadores,2018,Machala,ls,0.9421017053138871
estimadores,2018,Machala,cv,0.2643845162250368
estimadores,2018,Ambato,valor,0.954024462463621
estimadores,2018,Ambato,error,0.001758731720583303
estimadores,2018,Ambato,li,0.9505765783300821
estimadores,2018,Ambato,ls,0.95747234659716
estimadores,2018,Ambato,cv,0.1843487027619448
estimadores,2018,Azuay,valor,0.9654128274419341
estimadores,2018,Azuay,error,0.001907625975013072
estimadores,2018,Azuay,li,0.9616735902697306
estimadores,2018,Azuay,ls,0.9691520646141376
estimadores,2018,Azuay,cv,0.1975969161366677
estimadores,2018,Bolívar,valor,0.9858044241691719
estimadores,2018,Bolívar,error,0.002675067752850745
estimadores,2018,Bolívar,li,0.9805608843397492
estimadores,2018,Bolívar,ls,0.9910479639985946
estimadores,2018,Bolívar,cv,0.2713588707116292
estimadores,2018,Cañar,valor,0.9612626884564264
estimadores,2018,Cañar,error,0.00453699234559314
estimadores,2018,Cañar,li,0.9523694931178966
estimadores,2018,Cañar,ls,0.9701558837949561
estimadores,2018,Cañar,cv,0.4719825704333265
estimadores,2018,Carchi,valor,0.9661387182096824
estimadores,2018,Carchi,error,0.004975773525456439
estimadores,2018,Carchi,li,0.9563854449944101
estimadores,2018,Carchi,ls,0.9758919914249548
estimadores,2018,Carchi,cv,0.5150164703756899
estimadores,2018,Cotopaxi,valor,0.9808296887354419
estimadores,2018,Cotopaxi,error,0.002006796004133133
estimadores,2018,Cotopaxi,li,0.9768960632166173
estimadores,2018,Cotopaxi,ls,0.9847633142542664
estimadores,2018,Cotopaxi,cv,0.2046018821800188
estimadores,2018,Chimborazo,valor,0.9822509985865929
estimadores,2018,Chimborazo,error,0.00201487546156036
estimadores,2018,Chimborazo,li,0.9783015361018543
estimadores,2018,Chimborazo,ls,0.9862004610713315
estimadores,2018,Chimborazo,cv,0.2051283698830196
estimadores,2018,El Oro,valor,0.9510848658010733
estimadores,2018,El Oro,error,0.002574134155420833
estimadores,2018,El Oro,li,0.9460391711805006
estimadores,2018,El Oro,ls,0.956130560421646
estimadores,2018,El Oro,cv,0.2706524147298578
estimadores,2018,Esmeraldas,valor,0.9242543958534661
estimadores,2018,Esmeraldas,error,0.005265071744083845
estimadores,2018,Esmeraldas,li,0.9139340541105511
estimadores,2018,Esmeraldas,ls,0.9345747375963812
estimadores,2018,Esmeraldas,cv,0.5696561214861221
estimadores,2018,Guayas,valor,0.9658925102075873
estimadores,2018,Guayas,error,0.001158136364767604
estimadores,2018,Guayas,li,0.9636223867125505
estimadores,2018,Guayas,ls,0.968162633702624
estimadores,2018,Guayas,cv,0.1199032348349714
estimadores,2018,Imbabura,valor,0.9586235980763346
estimadores,2018,Imbabura,error,0.003198866090420043
estimadores,2018,Imbabura,li,0.9523533338049971
estimadores,2018,Imbabura,ls,0.964893862347672
estimadores,2018,Imbabura,cv,0.3336936516938653
estimadores,2018,Loja,valor,0.9663826907653118
estimadores,2018,Loja,error,0.003817277743045413
estimadores,2018,Loja,li,0.9589002455583459
estimadores,2018,Loja,ls,0.9738651359722778
estimadores,2018,Loja,cv,0.3950068414431533
estimadores,2018,Los Ríos,valor,0.9690918077598849
estimadores,2018,Los Ríos,error,0.00252938439323861
estimadores,2018,Los Ríos,li,0.9641338294822384
estimadores,2018,Los Ríos,ls,0.9740497860375315
estimadores,2018,Los Ríos,cv,0.2610056521977456
estimadores,2018,Manabí,valor,0.9801957010663237
estimadores,2018,Manabí,error,0.001670683871245507
estimadores,2018,Manabí,li,0.9769209064702189
estimadores,2018,Manabí,ls,0.9834704956624285
estimadores,2018,Manabí,cv,0.1704439092548583
estimadores,2018,Morona Santiago,valor,0.989100492445269
estimadores,2018,Morona Santiago,error,0.002030833828772101
estimadores,2018,Morona Santiago,li,0.9851197491325968
estimadores,2018,Morona Santiago,ls,0.9930812357579412
estimadores,2018,Morona Santiago,cv,0.205321283760707
estimadores,2018,Napo,valor,0.9722315915125272
estimadores,2018,Napo,error,0.003644320344531474
estimadores,2018,Napo,li,0.9650881691235571
estimadores,2018,Napo,ls,0.9793750139014974
estimadores,2018,Napo,cv,0.3748407659600841
estimadores,2018,Pastaza,valor,0.9794961047224975
estimadores,2018,Pastaza,error,0.003752508481918855
estimadores,2018,Pastaza,li,0.972140617122522
estimadores,2018,Pastaza,ls,0.986851592322473
estimadores,2018,Pastaza,cv,0.3831060137785829
estimadores,2018,Pichincha,valor,0.9269362336255514
estimadores,2018,Pichincha,error,0.002037407037299814
estimadores,2018,Pichincha,li,0.9229426058239966
estimadores,2018,Pichincha,ls,0.9309298614271063
estimadores,2018,Pichincha,cv,0.2198001290046509
estimadores,2018,Tungurahua,valor,0.9769155540355856
estimadores,2018,Tungurahua,error,0.001590407374441593
estimadores,2018,Tungurahua,li,0.973798113587954
estimadores,2018,Tungurahua,ls,0.9800329944832172
estimadores,2018,Tungurahua,cv,0.1627988589056347
estimadores,2018,Zamora Chinchipe,valor,0.9717015429319643
estimadores,2018,Zamora Chinchipe,error,0.004530896095145833
estimadores,2018,Zamora Chinchipe,li,0.9628202971719065
estimadores,2018,Zamora Chinchipe,ls,0.9805827886920221
estimadores,2018,Zamora Chinchipe,cv,0.4662847484500777
estimadores,2018,Galápagos,valor,0.9874128601874692
estimadores,2018,Galápagos,error,0.002688451759817429
estimadores,2018,Galápagos,li,0.9821430856679038
estimadores,2018,Galápagos,ls,0.9926826347070347
estimadores,2018,Galápagos,cv,0.2722723055588928
estimadores,2018,Sucumbíos,valor,0.9579886453331838
estimadores,2018,Sucumbíos,error,0.006188018563492204
estimadores,2018,Sucumbíos,li,0.9458591873901839
estimadores,2018,Sucumbíos,ls,0.9701181032761838
estimadores,2018,Sucumbíos,cv,0.645938612491596
estimadores,2018,Orellana,valor,0.9774647529949182
estimadores,2018,Orellana,error,0.004229170378123451
estimadores,2018,Orellana,li,0.9691749355503048
estimadores,2018,Orellana,ls,0.9857545704395316
estimadores,2018,Orellana,cv,0.4326673023416363
estimadores,2018,Santo Domingo,valor,0.9719148468775729
estimadores,2018,Santo Domingo,error,0.003552479027375764
estimadores,2018,Santo Domingo,li,0.9649514474446491
estimadores,2018,Santo Domingo,ls,0.9788782463104967
estimadores,2018,Santo Domingo,cv,0.3655134026184139
estimadores,2018,Santa Elena,valor,0.9687569083435253
estimadores,2018,Santa Elena,error,0.0042347524557656
estimadores,2018,Santa Elena,li,0.9604561491773738
estimadores,2018,Santa Elena,ls,0.9770576675096769
estimadores,2018,Santa Elena,cv,0.4371326200921334
estimadores,2019,Total,valor,0.9584114145739849
estimadores,2019,Total,error,0.0007770490768824332
estimadores,2019,Total,li,0.9568882787790691
estimadores,2019,Total,ls,0.9599345503689007
estimadores,2019,Total,cv,0.08107677611788801
estimadores,2019,Urbano,valor,0.9467181166901617
estimadores,2019,Urbano,error,0.0009480817991363359
estimadores,2019,Urbano,li,0.9448597304340884
estimadores,2019,Urbano,ls,0.948576502946235
estimadores,2019,Urbano,cv,0.100144043134079
estimadores,2019,Rural,valor,0.980754745548245
estimadores,2019,Rural,error,0.001309667157144416
estimadores,2019,Rural,li,0.9781875963348704
estimadores,2019,Rural,ls,0.9833218947616197
estimadores,2019,Rural,cv,0.133536662768051
estimadores,2019,Quito,valor,0.9088013285869116
estimadores,2019,Quito,error,0.00250353255262939
estimadores,2019,Quito,li,0.9038932904704697
estimadores,2019,Quito,ls,0.9137093667033536
estimadores,2019,Quito,cv,0.2754763306213597
estimadores,2019,Guayaquil,valor,0.9694628619288495
estimadores,2019,Guayaquil,error,0.001280942593894599
estimadores,2019,Guayaquil,li,0.9669516443018984
estimadores,2019,Guayaquil,ls,0.9719740795558005
estimadores,2019,Guayaquil,cv,0.1321291040840933
estimadores,2019,Cuenca,valor,0.9477173974571663
estimadores,2019,Cuenca,error,0.002321523426273098
estimadores,2019,Cuenca,li,0.9431661782399868
estimadores,2019,Cuenca,ls,0.9522686166743458
estimadores,2019,Cuenca,cv,0.2449594607529638
estimadores,2019,Machala,valor,0.9403978089259101
estimadores,2019,Machala,error,0.002635753559498666
estimadores,2019,Machala,li,0.9352305587849122
estimadores,2019,Machala,ls,0.9455650590669079
estimadores,2019,Machala,cv,0.2802806997720605
estimadores,2019,Ambato,valor,0.952219916828818
estimadores,2019,Ambato,error,0.001967447809398803
estimadores,2019,Ambato,li,0.9483628434184892
estimadores,2019,Ambato,ls,0.9560769902391468
estimadores,2019,Ambato,cv,0.2066169562962937
estimadores,2019,Azuay,valor,0.9655005990386715
estimadores,2019,Azuay,error,0.001886516539195836
estimadores,2019,Azuay,li,0.9618027362472013
estimadores,2019,Azuay,ls,0.9691984618301417
estimadores,2019,Azuay,cv,0.1953925809133833
estimadores,2019,Bolívar,valor,0.9864500803552679
estimadores,2019,Bolívar,error,0.003125524875775776
estimadores,2019,Bolívar,li,0.9803235705146108
estimadores,2019,Bolívar,ls,0.992576590195925
estimadores,2019,Bolívar,cv,0.3168457216456533
estimadores,2019,Cañar,valor,0.9606672053607764
estimadores,2019,Cañar,error,0.004087723843323819
estimadores,2019,Cañar,li,0.9526546374410294
estimadores,2019,Cañar,ls,0.9686797732805235
estimadores,2019,Cañar,cv,0.425508835995779
estimadores,2019,Carchi,valor,0.950866560439896
estimadores,2019,Carchi,error,0.005250757286733356
estimadores,2019,Carchi,li,0.940574267955713
estimadores,2019,Carchi,ls,0.9611588529240791
estimadores,2019,Carchi,cv,0.5522075867621443
estimadores,2019,Cotopaxi,valor,0.9830364273897018
estimadores,2019,Cotopaxi,error,0.001854798169223539
estimadores,2019,Cotopaxi,li,0.9794007374855027
estimadores,2019,Cotopaxi,ls,0.9866721172939008
estimadores,2019,Cotopaxi,cv,0.188680512496232
estimadores,2019,Chimborazo,valor,0.9870796433238924
estimadores,2019,Chimborazo,error,0.001706267814115179
estimadores,2019,Chimborazo,li,0.9837350957776572
estimadores,2019,Chimborazo,ls,0.9904241908701277
estimadores,2019,Chimborazo,cv,0.1728601968093975
estimadores,2019,El Oro,valor,0.9513383839399218
estimadores,2019,El Oro,error,0.002750127126084878
estimadores,2019,El Oro,li,0.9459477114702824
estimadores,2019,El Oro,ls,0.9567290564095611
estimadores,2019,El Oro,cv,0.2890798029924284
estimadores,2019,Esmeraldas,valor,0.8956265302844381
estimadores,2019,Esmeraldas,error,0.00687697434592957
estimadores,2019,Esmeraldas,li,0.8821466020551588
estimadores,2019,Esmeraldas,ls,0.9091064585137173
estimadores,2019,Esmeraldas,cv,0.7678395082541315
estimadores,2019,Guayas,valor,0.9685303375457721
estimadores,2019,Guayas,error,0.001272608097421813
estimadores,2019,Guayas,li,0.9660358297936239
estimadores,2019,Guayas,ls,0.9710248452979203
estimadores,2019,Guayas,cv,0.1313957909306759
estimadores,2019,Imbabura,valor,0.9324806951186089
estimadores,2019,Imbabura,error,0.01230636610820895
estimadores,2019,Imbabura,li,0.9083583233374666
estimadores,2019,Imbabura,ls,0.9566030668997512
estimadores,2019,Imbabura,cv,1.319744866851492
estimadores,2019,Loja,valor,0.963696414728875
estimadores,2019,Loja,error,0.004782246756035034
estimadores,2019,Loja,li,0.9543224749985034
estimadores,2019,Loja,ls,0.9730703544592466
estimadores,2019,Loja,cv,0.4962399655061977
estimadores,2019,Los Ríos,valor,0.9722038759111387
estimadores,2019,Los Ríos,error,0.002439437317573213
estimadores,2019,Los Ríos,li,0.9674222032878904
estimadores,2019,Los Ríos,ls,0.9769855485343869
estimadores,2019,Los Ríos,cv,0.250918287616062
estimadores,2019,Manabí,valor,0.9766686805237685
estimadores,2019,Manabí,error,0.002373582744242078
estimadores,2019,Manabí,li,0.9720160930006557
estimadores,2019,Manabí,ls,0.9813212680468814
estimadores,2019,Manabí,cv,0.2430284488050923
estimadores,2019,Morona Santiago,valor,0.9872120595868648
estimadores,2019,Morona Santiago,error,0.002418607883614451
estimadores,2019,Morona Santiago,li,0.9824712158602644
estimadores,2019,Morona Santiago,ls,0.9919529033134651
estimadores,2019,Morona Santiago,cv,0.244993753887752
estimadores,2019,Napo,valor,0.9777812981478661
estimadores,2019,Napo,error,0.003603602400009676
estimadores,2019,Napo,li,0.9707176827735059
estimadores,2019,Napo,ls,0.9848449135222263
estimadores,2019,Napo,cv,0.3685489185399328
estimadores,2019,Pastaza,valor,0.9810722968515246
estimadores,2019,Pastaza,error,0.003194879678957054
estimadores,2019,Pastaza,li,0.9748098409214666
estimadores,2019,Pastaza,ls,0.9873347527815827
estimadores,2019,Pastaza,cv,0.3256518086597819
estimadores,2019,Pichincha,valor,0.9199742178750394
estimadores,2019,Pichincha,error,0.002090014251003045
estimadores,2019,Pichincha,li,0.9158774682458413
estimadores,2019,Pichincha,ls,0.9240709675042376
estimadores,2019,Pichincha,cv,0.2271818286202161
estimadores,2019,Tungurahua,valor,0.9779047466997002
estimadores,2019,Tungurahua,error,0.001428739522168131
estimadores,2019,Tungurahua,li,0.975104197323133
estimadores,2019,Tungurahua,ls,0.9807052960762673
estimadores,2019,Tungurahua,cv,0.1461021154657382
estimadores,2019,Zamora Chinchipe,valor,0.9691495862649595
estimadores,2019,Zamora Chinchipe,error,0.004461483857916719
estimadores,2019,Zamora Chinchipe,li,0.9604043911870687
estimadores,2019,Zamora Chinchipe,ls,0.9778947813428503
estimadores,2019,Zamora Chinchipe,cv,0.4603503856521254
estimadores,2019,Galápagos,valor,0.978588910660355
estimadores,2019,Galápagos,error,0.004653494810013134
estimadores,2019,Galápagos,li,0.9694673445618238
estimadores,2019,Galápagos,ls,0.9877104767588862
estimadores,2019,Galápagos,cv,0.4755311203018784
estimadores,2019,Sucumbíos,valor,0.9529731851451266
estimadores,2019,Sucumbíos,error,0.00647605658445677
estimadores,2019,Sucumbíos,li,0.9402791174380254
estimadores,2019,Sucumbíos,ls,0.9656672528522279
estimadores,2019,Sucumbíos,cv,0.6795633586972905
estimadores,2019,Orellana,valor,0.9819120611269493
estimadores,2019,Orellana,error,0.004373067282053228
estimadores,2019,Orellana,li,0.9733401761469249
estimadores,2019,Orellana,ls,0.9904839461069737
estimadores,2019,Orellana,cv,0.4453624163689587
estimadores,2019,Santo Domingo,valor,0.9719149101967
estimadores,2019,Santo Domingo,error,0.003787049414802623
estimadores,2019,Santo Domingo,li,0.9644917104369846
estimadores,2019,Santo Domingo,ls,0.9793381099564153
estimadores,2019,Santo Domingo,cv,0.389648247503085
estimadores,2019,Santa Elena,valor,0.9718667239727532
estimadores,2019,Santa Elena,error,0.004536361255679137
estimadores,2019,Santa Elena,li,0.9629747576700387
estimadores,2019,Santa Elena,ls,0.9807586902754677
estimadores,2019,Santa Elena,cv,0.4667678338790737
estimadores,2021,Total,valor,0.9476400843047842
estimadores,2021,Total,error,0.001130473756711783
estimadores,2021,Total,li,0.9454238344492478
estimadores,2021,Total,ls,0.9498563341603206
estimadores,2021,Total,cv,0.1192935773227797
estimadores,2021,Urbano,valor,0.9320184393391027
estimadores,2021,Urbano,error,0.001492716419178417
estimadores,2021,Urbano,li,0.9290920268251283
estimadores,2021,Urbano,ls,0.9349448518530771
estimadores,2021,Urbano,cv,0.1601595372122581
estimadores,2021,Rural,valor,0.9770992713355943
estimadores,2021,Rural,error,0.001253609352800488
estimadores,2021,Rural,li,0.9746416189305315
estimadores,2021,Rural,ls,0.9795569237406571
estimadores,2021,Rural,cv,0.1282990776450925
estimadores,2021,Quito,valor,0.8821545977860603
estimadores,2021,Quito,error,0.003307428945726287
estimadores,2021,Quito,li,0.8756683800234729
estimadores,2021,Quito,ls,0.8886408155486477
estimadores,2021,Quito,cv,0.3749262265397617
estimadores,2021,Guayaquil,valor,0.9558448898481069
estimadores,2021,Guayaquil,error,0.002107896351378731
estimadores,2021,Guayaquil,li,0.9517110822953634
estimadores,2021,Guayaquil,ls,0.9599786974008504
estimadores,2021,Guayaquil,cv,0.2205270304592721
estimadores,2021,Cuenca,valor,0.9266890449176454
estimadores,2021,Cuenca,error,0.003204490120312652
estimadores,2021,Cuenca,li,0.9204047010724766
estimadores,2021,Cuenca,ls,0.9329733887628141
estimadores,2021,Cuenca,cv,0.3457999355757394
estimadores,2021,Machala,valor,0.9134056545839699
estimadores,2021,Machala,error,0.003936571378779478
estimadores,2021,Machala,li,0.905685622008901
estimadores,2021,Machala,ls,0.9211256871590389
estimadores,2021,Machala,cv,0.4309773383844961
estimadores,2021,Ambato,valor,0.9393102040387981
estimadores,2021,Ambato,error,0.003377336106551382
estimadores,2021,Ambato,li,0.9326868909445447
estimadores,2021,Ambato,ls,0.9459335171330514
estimadores,2021,Ambato,cv,0.3595549257348302
estimadores,2021,Azuay,valor,0.9486436665780738
estimadores,2021,Azuay,error,0.003795395478477451
estimadores,2021,Azuay,li,0.9412029412795531
estimadores,2021,Azuay,ls,0.9560843918765944
estimadores,2021,Azuay,cv,0.4000865248136971
estimadores,2021,Bolívar,valor,0.9892955405052034
estimadores,2021,Bolívar,error,0.002324875163105933
estimadores,2021,Bolívar,li,0.9847377131219648
estimadores,2021,Bolívar,ls,0.993853367888442
estimadores,2021,Bolívar,cv,0.2350030974483812
estimadores,2021,Cañar,valor,0.9595262415750552
estimadores,2021,Cañar,error,0.004928641122196924
estimadores,2021,Cañar,li,0.9498638322442701
estimadores,2021,Cañar,ls,0.9691886509058403
estimadores,2021,Cañar,cv,0.5136536041063969
estimadores,2021,Carchi,valor,0.9370441101773328
estimadores,2021,Carchi,error,0.007454557232219593
estimadores,2021,Carchi,li,0.9224297405018707
estimadores,2021,Carchi,ls,0.951658479852795
estimadores,2021,Carchi,cv,0.7955396284182225
estimadores,2021,Cotopaxi,valor,0.9721270227569427
estimadores,2021,Cotopaxi,error,0.004077554766084629
estimadores,2021,Cotopaxi,li,0.964133135143344
estimadores,2021,Cotopaxi,ls,0.9801209103705415
estimadores,2021,Cotopaxi,cv,0.4194467050736562
estimadores,2021,Chimborazo,valor,0.9774170786461304
estimadores,2021,Chimborazo,error,0.004441622893240257
estimadores,2021,Chimborazo,li,0.9687094496215315
estimadores,2021,Chimborazo,ls,0.9861247076707292
estimadores,2021,Chimborazo,cv,0.45442452257869
estimadores,2021,El Oro,valor,0.9308863063081567
estimadores,2021,El Oro,error,0.004630048600865732
estimadores,2021,El Oro,li,0.9218092760083624
estimadores,2021,El Oro,ls,0.9399633366079511
estimadores,2021,El Oro,cv,0.4973806757592393
estimadores,2021,Esmeraldas,valor,0.8997894533604213
estimadores,2021,Esmeraldas,error,0.006006627222549709
estimadores,2021,Esmeraldas,li,0.888013694184058
estimadores,2021,Esmeraldas,ls,0.9115652125367846
estimadores,2021,Esmeraldas,cv,0.6675591939999861
estimadores,2021,Guayas,valor,0.9606043568032574
estimadores,2021,Guayas,error,0.00219303577376006
estimadores,2021,Guayas,li,0.9563049954178865
estimadores,2021,Guayas,ls,0.9649037181886283
estimadores,2021,Guayas,cv,0.2282975044021394
estimadores,2021,Imbabura,valor,0.9395956201297928
estimadores,2021,Imbabura,error,0.004503570616225313
estimadores,2021,Imbabura,li,0.9307665450023531
estimadores,2021,Imbabura,ls,0.9484246952572325
estimadores,2021,Imbabura,cv,0.4793094518260104
estimadores,2021,Loja,valor,0.9590424379953105
estimadores,2021,Loja,error,0.003346426841370978
estimadores,2021,Loja,li,0.9524818982572417
estimadores,2021,Loja,ls,0.9656029777333793
estimadores,2021,Loja,cv,0.3489341773411012
estimadores,2021,Los Ríos,valor,0.9717576025638436
estimadores,2021,Los Ríos,error,0.004028641589100738
estimadores,2021,Los Ríos,li,0.9638596073323376
estimadores,2021,Los Ríos,ls,0.9796555977953496
estimadores,2021,Los Ríos,cv,0.414572685458981
estimadores,2021,Manabí,valor,0.9738751528352999
estimadores,2021,Manabí,error,0.005410905069834705
estimadores,2021,Manabí,li,0.9632672837820427
estimadores,2021,Manabí,ls,0.9844830218885571
estimadores,2021,Manabí,cv,0.5556056188600376
estimadores,2021,Morona Santiago,valor,0.9860818841008564
estimadores,2021,Morona Santiago,error,0.004845716219494074
estimadores,2021,Morona Santiago,li,0.9765820458183105
estimadores,2021,Morona Santiago,ls,0.9955817223834023
estimadores,2021,Morona Santiago,cv,0.4914111391380611
estimadores,2021,Napo,valor,0.9772773184300908
estimadores,2021,Napo,error,0.003646906760680688
estimadores,2021,Napo,li,0.9701276994906625
estimadores,2021,Napo,ls,0.9844269373695191
estimadores,2021,Napo,cv,0.3731701014548378
estimadores,2021,Pastaza,valor,0.979522100519441
estimadores,2021,Pastaza,error,0.004054451214577504
estimadores,2021,Pastaza,li,0.9715735065204759
estimadores,2021,Pastaza,ls,0.9874706945184061
estimadores,2021,Pastaza,cv,0.4139213614912238
estimadores,2021,Pichincha,valor,0.8922555529102182
estimadores,2021,Pichincha,error,0.002862701456173945
estimadores,2021,Pichincha,li,0.8866433379861465
estimadores,2021,Pichincha,ls,0.8978677678342899
estimadores,2021,Pichincha,cv,0.3208387380540068
estimadores,2021,Tungurahua,valor,0.969376456617115
estimadores,2021,Tungurahua,error,0.002791111415195034
estimadores,2021,Tungurahua,li,0.9639045911854887
estimadores,2021,Tungurahua,ls,0.9748483220487414
estimadores,2021,Tungurahua,cv,0.2879285334549309
estimadores,2021,Zamora Chinchipe,valor,0.9699694434754892
estimadores,2021,Zamora Chinchipe,error,0.004885612206530596
estimadores,2021,Zamora Chinchipe,li,0.9603913906612205
estimadores,2021,Zamora Chinchipe,ls,0.9795474962897579
estimadores,2021,Zamora Chinchipe,cv,0.5036872284373207
estimadores,2021,Galápagos,valor,0.9065935424953357
estimadores,2021,Galápagos,error,0.007259943537943828
estimadores,2021,Galápagos,li,0.8923607054023536
estimadores,2021,Galápagos,ls,0.9208263795883179
estimadores,2021,Galápagos,cv,0.8007936520219786
estimadores,2021,Sucumbíos,valor,0.9458551038741245
estimadores,2021,Sucumbíos,error,0.007193925391749439
estimadores,2021,Sucumbíos,li,0.931751692790457
estimadores,2021,Sucumbíos,ls,0.959958514957792
estimadores,2021,Sucumbíos,cv,0.7605737244831545
estimadores,2021,Orellana,valor,0.9736853533212875
estimadores,2021,Orellana,error,0.006191676467835834
estimadores,2021,Orellana,li,0.961546812292893
estimadores,2021,Orellana,ls,0.985823894349682
estimadores,2021,Orellana,cv,0.6359011611621483
estimadores,2021,Santo Domingo,valor,0.9634681910576987
estimadores,2021,Santo Domingo,error,0.00548335217405429
estimadores,2021,Santo Domingo,li,0.952718292272829
estimadores,2021,Santo Domingo,ls,0.9742180898425683
estimadores,2021,Santo Domingo,cv,0.5691264356153416
estimadores,2021,Santa Elena,valor,0.9639917609629363
estimadores,2021,Santa Elena,error,0.003104295020088056
estimadores,2021,Santa Elena,li,0.95790591124819
estimadores,2021,Santa Elena,ls,0.9700776106776825
estimadores,2021,Santa Elena,cv,0.3220250572460454
estimadores,2022,Total,valor,0.9564900340870274
estimadores,2022,Total,error,0.0009540611424338286
estimadores,2022,Total,li,0.9546197181713614
estimadores,2022,Total,ls,0.9583603500026934
estimadores,2022,Total,cv,0.0997460620009996
estimadores,2022,Urbano,valor,0.9451937691077644
estimadores,2022,Urbano,error,0.001216020993368093
estimadores,2022,Urbano,li,0.9428099141151186
estimadores,2022,Urbano,ls,0.9475776241004102
estimadores,2022,Urbano,cv,0.1286530903093005
estimadores,2022,Rural,valor,0.9780928341971309
estimadores,2022,Rural,error,0.001280305368538658
estimadores,2022,Rural,li,0.9755829578368153
estimadores,2022,Rural,ls,0.9806027105574465
estimadores,2022,Rural,cv,0.1308981442021911
estimadores,2022,Quito,valor,0.9095415030314261
estimadores,2022,Quito,error,0.00323826958545888
estimadores,2022,Quito,li,0.9031915283509669
estimadores,2022,Quito,ls,0.9158914777118853
estimadores,2022,Quito,cv,0.3560331853649336
estimadores,2022,Guayaquil,valor,0.9620722978838055
estimadores,2022,Guayaquil,error,0.00197638482172043
estimadores,2022,Guayaquil,li,0.9581967732415327
estimadores,2022,Guayaquil,ls,0.9659478225260784
estimadores,2022,Guayaquil,cv,0.2054299688357858
estimadores,2022,Cuenca,valor,0.9478603963941225
estimadores,2022,Cuenca,error,0.003342727522738047
estimadores,2022,Cuenca,li,0.9413055884718992
estimadores,2022,Cuenca,ls,0.9544152043163457
estimadores,2022,Cuenca,cv,0.3526603216522756
estimadores,2022,Machala,valor,0.9228633279363645
estimadores,2022,Machala,error,0.003554252492435194
estimadores,2022,Machala,li,0.9158937373141791
estimadores,2022,Machala,ls,0.9298329185585499
estimadores,2022,Machala,cv,0.3851331377944054
estimadores,2022,Ambato,valor,0.9517494284175835
estimadores,2022,Ambato,error,0.002986548584724085
estimadores,2022,Ambato,li,0.9458930574779566
estimadores,2022,Ambato,ls,0.9576057993572104
estimadores,2022,Ambato,cv,0.3137956793617034
estimadores,2022,Azuay,valor,0.9667229145445229
estimadores,2022,Azuay,error,0.002923136286499383
estimadores,2022,Azuay,li,0.9609924764445562
estimadores,2022,Azuay,ls,0.9724533526444895
estimadores,2022,Azuay,cv,0.3023758144676477
estimadores,2022,Bolívar,valor,0.9908763577219558
estimadores,2022,Bolívar,error,0.001921145897715324
estimadores,2022,Bolívar,li,0.9871101947487452
estimadores,2022,Bolívar,ls,0.9946425206951665
estimadores,2022,Bolívar,cv,0.1938835135931668
estimadores,2022,Cañar,valor,0.9632713033544653
estimadores,2022,Cañar,error,0.004066564868473798
estimadores,2022,Cañar,li,0.9552993184812608
estimadores,2022,Cañar,ls,0.9712432882276698
estimadores,2022,Cañar,cv,0.4221619448552575
estimadores,2022,Carchi,valor,0.9411280092091621
estimadores,2022,Carchi,error,0.005678223091365081
estimadores,2022,Carchi,li,0.9299965727129748
estimadores,2022,Carchi,ls,0.9522594457053494
estimadores,2022,Carchi,cv,0.6033422696808843
estimadores,2022,Cotopaxi,valor,0.9830222010653403
estimadores,2022,Cotopaxi,error,0.00293061440535832
estimadores,2022,Cotopaxi,li,0.9772771030614126
estimadores,2022,Cotopaxi,ls,0.9887672990692681
estimadores,2022,Cotopaxi,cv,0.2981229113831098
estimadores,2022,Chimborazo,valor,0.9800245797199333
estimadores,2022,Chimborazo,error,0.004037814279359395
estimadores,2022,Chimborazo,li,0.972108956731742
estimadores,2022,Chimborazo,ls,0.9879402027081245
estimadores,2022,Chimborazo,cv,0.4120115314366198
estimadores,2022,El Oro,valor,0.940300899690938
estimadores,2022,El Oro,error,0.003056341645514498
estimadores,2022,El Oro,li,0.9343093293721468
estimadores,2022,El Oro,ls,0.9462924700097292
estimadores,2022,El Oro,cv,0.3250386813964625
estimadores,2022,Esmeraldas,valor,0.9094013921360797
estimadores,2022,Esmeraldas,error,0.006468619753832015
estimadores,2022,Esmeraldas,li,0.8967204831881268
estimadores,2022,Esmeraldas,ls,0.9220823010840327
estimadores,2022,Esmeraldas,cv,0.7113052398829045
estimadores,2022,Guayas,valor,0.9640709283528583
estimadores,2022,Guayas,error,0.001890705350473109
estimadores,2022,Guayas,li,0.9603644402133208
estimadores,2022,Guayas,ls,0.9677774164923959
estimadores,2022,Guayas,cv,0.1961168307090673
estimadores,2022,Imbabura,valor,0.9285511915578939
estimadores,2022,Imbabura,error,0.004434703664433211
estimadores,2022,Imbabura,li,0.9198575172471545
estimadores,2022,Imbabura,ls,0.9372448658686333
estimadores,2022,Imbabura,cv,0.477593880095378
estimadores,2022,Loja,valor,0.9691600112654778
estimadores,2022,Loja,error,0.003719700849813665
estimadores,2022,Loja,li,0.9618680093260893
estimadores,2022,Loja,ls,0.9764520132048663
estimadores,2022,Loja,cv,0.3838066786264404
estimadores,2022,Los Ríos,valor,0.9816877708491385
estimadores,2022,Los Ríos,error,0.002824075663821546
estimadores,2022,Los Ríos,li,0.9761515285412125
estimadores,2022,Los Ríos,ls,0.9872240131570645
estimadores,2022,Los Ríos,cv,0.2876755469184241
estimadores,2022,Manabí,valor,0.9723162026313628
estimadores,2022,Manabí,error,0.003354438610739255
estimadores,2022,Manabí,li,0.9657402510044205
estimadores,2022,Manabí,ls,0.978892154258305
estimadores,2022,Manabí,cv,0.3449946222906905
estimadores,2022,Morona Santiago,valor,0.9866409420481087
estimadores,2022,Morona Santiago,error,0.003241072302223717
estimadores,2022,Morona Santiago,li,0.980287230696644
estimadores,2022,Morona Santiago,ls,0.9929946533995734
estimadores,2022,Morona Santiago,cv,0.3284956222773169
estimadores,2022,Napo,valor,0.9846520141483736
estimadores,2022,Napo,error,0.003510356371557866
estimadores,2022,Napo,li,0.9777704055183066
estimadores,2022,Napo,ls,0.9915336227784405
estimadores,2022,Napo,cv,0.3565073062480836
estimadores,2022,Pastaza,valor,0.9839385273315756
estimadores,2022,Pastaza,error,0.003648784400088763
estimadores,2022,Pastaza,li,0.9767855481012188
estimadores,2022,Pastaza,ls,0.9910915065619325
estimadores,2022,Pastaza,cv,0.370834589634802
estimadores,2022,Pichincha,valor,0.9145440201627961
estimadores,2022,Pichincha,error,0.002641571271510957
estimadores,2022,Pichincha,li,0.9093655545784317
estimadores,2022,Pichincha,ls,0.9197224857471605
estimadores,2022,Pichincha,cv,0.2888402540799224
estimadores,2022,Tungurahua,valor,0.9778463263436441
estimadores,2022,Tungurahua,error,0.002118988782006805
estimadores,2022,Tungurahua,li,0.9736923174779284
estimadores,2022,Tungurahua,ls,0.9820003352093598
estimadores,2022,Tungurahua,cv,0.2166995697504036
estimadores,2022,Zamora Chinchipe,valor,0.9700596422111382
estimadores,2022,Zamora Chinchipe,error,0.005608104012646335
estimadores,2022,Zamora Chinchipe,li,0.9590656652792141
estimadores,2022,Zamora Chinchipe,ls,0.9810536191430622
estimadores,2022,Zamora Chinchipe,cv,0.5781195061226662
estimadores,2022,Galápagos,valor,0.9440520756228513
estimadores,2022,Galápagos,error,0.007444168754881558
estimadores,2022,Galápagos,li,0.9294587265366067
estimadores,2022,Galápagos,ls,0.958645424709096
estimadores,2022,Galápagos,cv,0.7885336992633765
estimadores,2022,Sucumbíos,valor,0.9545424415395555
estimadores,2022,Sucumbíos,error,0.005695269385054004
estimadores,2022,Sucumbíos,li,0.943377587945688
estimadores,2022,Sucumbíos,ls,0.9657072951334229
estimadores,2022,Sucumbíos,cv,0.5966491522229498
estimadores,2022,Orellana,valor,0.9867293915647035
estimadores,2022,Orellana,error,0.003214011028234704
estimadores,2022,Orellana,li,0.9804287304101169
estimadores,2022,Orellana,ls,0.9930300527192901
estimadores,2022,Orellana,cv,0.3257236538923903
estimadores,2022,Santo Domingo,valor,0.9772714664902854
estimadores,2022,Santo Domingo,error,0.004303394850192079
estimadores,2022,Santo Domingo,li,0.9688352064627815
estimadores,2022,Santo Domingo,ls,0.9857077265177893
estimadores,2022,Santo Domingo,cv,0.4403479481138475
estimadores,2022,Santa Elena,valor,0.973376664589396
estimadores,2022,Santa Elena,error,0.002929966218301237
estimadores,2022,Santa Elena,li,0.9676328372740177
estimadores,2022,Santa Elena,ls,0.9791204919047742
estimadores,2022,Santa Elena,cv,0.3010105260266537
estimadores,2023,Total,valor,0.9615332207746278
estimadores,2023,Total,error,0.001048638674981628
estimadores,2023,Total,li,0.9594774923512697
estimadores,2023,Total,ls,0.9635889491979859
estimadores,2023,Total,cv,0.1090590166127414
estimadores,2023,Urbano,valor,0.9500799192586784
estimadores,2023,Urbano,error,0.001341070073939218
estimadores,2023,Urbano,li,0.9474509146887677
estimadores,2023,Urbano,ls,0.9527089238285891
estimadores,2023,Urbano,cv,0.1411533963359229
estimadores,2023,Rural,valor,0.9835942968929023
estimadores,2023,Rural,error,0.001148785624319315
estimadores,2023,Rural,li,0.981342242570855
estimadores,2023,Rural,ls,0.9858463512149497
estimadores,2023,Rural,cv,0.1167946609642044
estimadores,2023,Quito,valor,0.9206494987894148
estimadores,2023,Quito,error,0.00329143851229609
estimadores,2023,Quito,li,0.9141952261232069
estimadores,2023,Quito,ls,0.9271037714556227
estimadores,2023,Quito,cv,0.3575126599888541
estimadores,2023,Guayaquil,valor,0.9657721013109604
estimadores,2023,Guayaquil,error,0.002259505935754589
estimadores,2023,Guayaquil,li,0.9613413737291463
estimadores,2023,Guayaquil,ls,0.9702028288927744
estimadores,2023,Guayaquil,cv,0.2339585014609022
estimadores,2023,Cuenca,valor,0.9578753456607977
estimadores,2023,Cuenca,error,0.002898813744735569
estimadores,2023,Cuenca,li,0.9521909817429608
estimadores,2023,Cuenca,ls,0.9635597095786346
estimadores,2023,Cuenca,cv,0.3026295392054172
estimadores,2023,Machala,valor,0.9311012496313147
estimadores,2023,Machala,error,0.003978079294374813
estimadores,2023,Machala,li,0.9233005240951175
estimadores,2023,Machala,ls,0.9389019751675118
estimadores,2023,Machala,cv,0.4272445446668663
estimadores,2023,Ambato,valor,0.9591444050793021
estimadores,2023,Ambato,error,0.003051935487252901
estimadores,2023,Ambato,li,0.9531597805083679
estimadores,2023,Ambato,ls,0.9651290296502363
estimadores,2023,Ambato,cv,0.3181935348932747
estimadores,2023,Azuay,valor,0.9701608204027677
estimadores,2023,Azuay,error,0.002577042949844816
estimadores,2023,Azuay,li,0.965108841521383
estimadores,2023,Azuay,ls,0.9752127992841525
estimadores,2023,Azuay,cv,0.2656304909092228
estimadores,2023,Bolívar,valor,0.9929327053520522
estimadores,2023,Bolívar,error,0.002372234883907413
estimadores,2023,Bolívar,li,0.9882822277432463
estimadores,2023,Bolívar,ls,0.9975831829608582
estimadores,2023,Bolívar,cv,0.2389119495330067
estimadores,2023,Cañar,valor,0.9723703488105245
estimadores,2023,Cañar,error,0.007069033644259727
estimadores,2023,Cañar,li,0.958512369189056
estimadores,2023,Cañar,ls,0.986228328431993
estimadores,2023,Cañar,cv,0.7269898401269734
estimadores,2023,Carchi,valor,0.9545732468152416
estimadores,2023,Carchi,error,0.00969465061737275
estimadores,2023,Carchi,li,0.9355680648549175
estimadores,2023,Carchi,ls,0.9735784287755657
estimadores,2023,Carchi,cv,1.01560049474644
estimadores,2023,Cotopaxi,valor,0.9859133399134186
estimadores,2023,Cotopaxi,error,0.004261443704921541
estimadores,2023,Cotopaxi,li,0.977559298471164
estimadores,2023,Cotopaxi,ls,0.9942673813556732
estimadores,2023,Cotopaxi,cv,0.4322330911250044
estimadores,2023,Chimborazo,valor,0.982317790510792
estimadores,2023,Chimborazo,error,0.003274692332824106
estimadores,2023,Chimborazo,li,0.9758981549709745
estimadores,2023,Chimborazo,ls,0.9887374260506095
estimadores,2023,Chimborazo,cv,0.3333638425830922
estimadores,2023,El Oro,valor,0.9436198165331159
estimadores,2023,El Oro,error,0.003086104671766838
estimadores,2023,El Oro,li,0.9375698841373644
estimadores,2023,El Oro,ls,0.9496697489288674
estimadores,2023,El Oro,cv,0.3270495826492144
estimadores,2023,Esmeraldas,valor,0.9095211836149383
estimadores,2023,Esmeraldas,error,0.006792070078952194
estimadores,2023,Esmeraldas,li,0.8962061573357611
estimadores,2023,Esmeraldas,ls,0.9228362098941154
estimadores,2023,Esmeraldas,cv,0.7467742589520308
estimadores,2023,Guayas,valor,0.9691537313915758
estimadores,2023,Guayas,error,0.002335933755313972
estimadores,2023,Guayas,li,0.9645744177247738
estimadores,2023,Guayas,ls,0.9737330450583778
estimadores,2023,Guayas,cv,0.2410281960076532
estimadores,2023,Imbabura,valor,0.9439527570807478
estimadores,2023,Imbabura,error,0.004579755140683817
estimadores,2023,Imbabura,li,0.9349747048313504
estimadores,2023,Imbabura,ls,0.9529308093301452
estimadores,2023,Imbabura,cv,0.4851678334885202
estimadores,2023,Loja,valor,0.9642988209467679
estimadores,2023,Loja,error,0.003673539062480162
estimadores,2023,Loja,li,0.9570972949633886
estimadores,2023,Loja,ls,0.9715003469301472
estimadores,2023,Loja,cv,0.3809544285114242
estimadores,2023,Los Ríos,valor,0.9802536440983952
estimadores,2023,Los Ríos,error,0.004543581465733497
estimadores,2023,Los Ríos,li,0.9713465059336552
estimadores,2023,Los Ríos,ls,0.9891607822631352
estimadores,2023,Los Ríos,cv,0.4635107957096689
estimadores,2023,Manabí,valor,0.98096068927144
estimadores,2023,Manabí,error,0.003145821972906991
estimadores,2023,Manabí,li,0.9747936883789328
estimadores,2023,Manabí,ls,0.9871276901639472
estimadores,2023,Manabí,cv,0.3206878733584517
estimadores,2023,Morona Santiago,valor,0.9944474762650458
estimadores,2023,Morona Santiago,error,0.001808983591619832
estimadores,2023,Morona Santiago,li,0.9909011842243232
estimadores,2023,Morona Santiago,ls,0.9979937683057685
estimadores,2023,Morona Santiago,cv,0.1819084099256833
estimadores,2023,Napo,valor,0.992305488651319
estimadores,2023,Napo,error,0.002748137699665408
estimadores,2023,Napo,li,0.9869180993481321
estimadores,2023,Napo,ls,0.9976928779545058
estimadores,2023,Napo,cv,0.2769447242905518
estimadores,2023,Pastaza,valor,0.9895430824378538
estimadores,2023,Pastaza,error,0.004018085502177326
estimadores,2023,Pastaza,li,0.9816661151169093
estimadores,2023,Pastaza,ls,0.9974200497587984
estimadores,2023,Pastaza,cv,0.4060546300094694
estimadores,2023,Pichincha,valor,0.924552225033979
estimadores,2023,Pichincha,error,0.002721291761960629
estimadores,2023,Pichincha,li,0.9192174639224736
estimadores,2023,Pichincha,ls,0.9298869861454845
estimadores,2023,Pichincha,cv,0.2943361865643249
estimadores,2023,Tungurahua,valor,0.980101763857075
estimadores,2023,Tungurahua,error,0.002092311729835056
estimadores,2023,Tungurahua,li,0.9760000415039273
estimadores,2023,Tungurahua,ls,0.9842034862102228
estimadores,2023,Tungurahua,cv,0.2134790291164266
estimadores,2023,Zamora Chinchipe,valor,0.9748352717122355
estimadores,2023,Zamora Chinchipe,error,0.004169610930836711
estimadores,2023,Zamora Chinchipe,li,0.9666612572405533
estimadores,2023,Zamora Chinchipe,ls,0.9830092861839177
estimadores,2023,Zamora Chinchipe,cv,0.4277246681393727
estimadores,2023,Galápagos,valor,0.957595446232995
estimadores,2023,Galápagos,error,0.005135599246028202
estimadores,2023,Galápagos,li,0.9475277293034993
estimadores,2023,Galápagos,ls,0.9676631631624907
estimadores,2023,Galápagos,cv,0.5363015526264989
estimadores,2023,Sucumbíos,valor,0.9726215680186795
estimadores,2023,Sucumbíos,error,0.009840575062200436
estimadores,2023,Sucumbíos,li,0.9533303189543548
estimadores,2023,Sucumbíos,ls,0.9919128170830042
estimadores,2023,Sucumbíos,cv,1.01175784968933
estimadores,2023,Orellana,valor,0.9874093842910869
estimadores,2023,Orellana,error,0.003080044614746678
estimadores,2023,Orellana,li,0.9813713318991545
estimadores,2023,Orellana,ls,0.9934474366830194
estimadores,2023,Orellana,cv,0.3119318758508664
estimadores,2023,Santo Domingo,valor,0.9808122747306448
estimadores,2023,Santo Domingo,error,0.003151487867982727
estimadores,2023,Santo Domingo,li,0.9746341665408113
estimadores,2023,Santo Domingo,ls,0.9869903829204784
estimadores,2023,Santo Domingo,cv,0.3213140729553168
estimadores,2023,Santa Elena,valor,0.971435250645369
estimadores,2023,Santa Elena,error,0.003921636018692705
estimadores,2023,Santa Elena,li,0.963747360791571
estimadores,2023,Santa Elena,ls,0.9791231404991669
estimadores,2023,Santa Elena,cv,0.4036950497819987
estimadores,2024,Total,valor,0.962509866281151
estimadores,2024,Total,error,0.00139402227403987
estimadores,2024,Total,li,0.959776946988609
estimadores,2024,Total,ls,0.965242785573693
estimadores,2024,Total,cv,0.144831998390412
estimadores,2024,Urbano,valor,0.950498919339479
estimadores,2024,Urbano,error,0.00172239680085301
estimadores,2024,Urbano,li,0.947122236244723
estimadores,2024,Urbano,ls,0.953875602434236
estimadores,2024,Urbano,cv,0.181209758981098
estimadores,2024,Rural,valor,0.985512317436185
estimadores,2024,Rural,error,0.00128163702678689
estimadores,2024,Rural,li,0.982999724472808
estimadores,2024,Rural,ls,0.988024910399561
estimadores,2024,Rural,cv,0.130047793833879
estimadores,2024,Quito,valor,0.917987413876746
estimadores,2024,Quito,error,0.0033946276918875
estimadores,2024,Quito,li,0.911332395744738
estimadores,2024,Quito,ls,0.924642432008754
estimadores,2024,Quito,cv,0.36979022158394
estimadores,2024,Guayaquil,valor,0.966663590365573
estimadores,2024,Guayaquil,error,0.00253597809119526
estimadores,2024,Guayaquil,li,0.961691916971283
estimadores,2024,Guayaquil,ls,0.971635263759863
estimadores,2024,Guayaquil,cv,0.262343396034623
estimadores,2024,Cuenca,valor,0.950497645794242
estimadores,2024,Cuenca,error,0.00308972464315685
estimadores,2024,Cuenca,li,0.944440376665065
estimadores,2024,Cuenca,ls,0.956554914923418
estimadores,2024,Cuenca,cv,0.325063892249313
estimadores,2024,Machala,valor,0.935944677132672
estimadores,2024,Machala,error,0.00385589095198391
estimadores,2024,Machala,li,0.928385372687645
estimadores,2024,Machala,ls,0.943503981577699
estimadores,2024,Machala,cv,0.411978511785193
estimadores,2024,Ambato,valor,0.948590623108239
estimadores,2024,Ambato,error,0.00324434205626338
estimadores,2024,Ambato,li,0.942230233348129
estimadores,2024,Ambato,ls,0.954951012868349
estimadores,2024,Ambato,cv,0.342017091169705
estimadores,2024,Azuay,valor,0.970950097066161
estimadores,2024,Azuay,error,0.00351923072501588
estimadores,2024,Azuay,li,0.9640508001737
estimadores,2024,Azuay,ls,0.977849393958621
estimadores,2024,Azuay,cv,0.362452275935668
estimadores,2024,Bolívar,valor,0.994857797087492
estimadores,2024,Bolívar,error,0.0017474512454184
estimadores,2024,Bolívar,li,0.991431995857257
estimadores,2024,Bolívar,ls,0.998283598317727
estimadores,2024,Bolívar,cv,0.175648343967768
estimadores,2024,Cañar,valor,0.988166073604855
estimadores,2024,Cañar,error,0.00711959646201112
estimadores,2024,Cañar,li,0.974208418201144
estimadores,2024,Cañar,ls,1.00212372900857
estimadores,2024,Cañar,cv,0.720485822392045
estimadores,2024,Carchi,valor,0.950966300740502
estimadores,2024,Carchi,error,0.00852679484990904
estimadores,2024,Carchi,li,0.934249894853146
estimadores,2024,Carchi,ls,0.967682706627859
estimadores,2024,Carchi,cv,0.896645322054984
estimadores,2024,Cotopaxi,valor,0.98663352942423
estimadores,2024,Cotopaxi,error,0.0044333916772281
estimadores,2024,Cotopaxi,li,0.977942060233439
estimadores,2024,Cotopaxi,ls,0.99532499861502
estimadores,2024,Cotopaxi,cv,0.449345328839098
estimadores,2024,Chimborazo,valor,0.984472301754272
estimadores,2024,Chimborazo,error,0.00359391614906375
estimadores,2024,Chimborazo,li,0.977426587376199
estimadores,2024,Chimborazo,ls,0.991518016132344
estimadores,2024,Chimborazo,cv,0.365060158895238
estimadores,2024,El Oro,valor,0.952380477229679
estimadores,2024,El Oro,error,0.00375536477178708
estimadores,2024,El Oro,li,0.945018249934983
estimadores,2024,El Oro,ls,0.959742704524375
estimadores,2024,El Oro,cv,0.394313497764132
estimadores,2024,Esmeraldas,valor,0.913734402748195
estimadores,2024,Esmeraldas,error,0.00880920536504875
estimadores,2024,Esmeraldas,li,0.896464343479816
estimadores,2024,Esmeraldas,ls,0.931004462016573
estimadores,2024,Esmeraldas,cv,0.964088179076297
estimadores,2024,Guayas,valor,0.972137395028137
estimadores,2024,Guayas,error,0.00220492353203099
estimadores,2024,Guayas,li,0.967814739521489
estimadores,2024,Guayas,ls,0.976460050534784
estimadores,2024,Guayas,cv,0.226811924251425
estimadores,2024,Imbabura,valor,0.93727365931482
estimadores,2024,Imbabura,error,0.00538987836014613
estimadores,2024,Imbabura,li,0.926707040094159
estimadores,2024,Imbabura,ls,0.947840278535481
estimadores,2024,Imbabura,cv,0.575059194993949
estimadores,2024,Loja,valor,0.964474771078169
estimadores,2024,Loja,error,0.00415856331921579
estimadores,2024,Loja,li,0.956322090783178
estimadores,2024,Loja,ls,0.97262745137316
estimadores,2024,Loja,cv,0.431173882813648
estimadores,2024,Los Ríos,valor,0.980916777169109
estimadores,2024,Los Ríos,error,0.0050643145055829
estimadores,2024,Los Ríos,li,0.970988411551464
estimadores,2024,Los Ríos,ls,0.990845142786754
estimadores,2024,Los Ríos,cv,0.516283809539718
estimadores,2024,Manabí,valor,0.976387140955143
estimadores,2024,Manabí,error,0.0102764588045508
estimadores,2024,Manabí,li,0.956240595918539
estimadores,2024,Manabí,ls,0.996533685991747
estimadores,2024,Manabí,cv,1.05249837625862
estimadores,2024,Morona Santiago,valor,0.991433585991533
estimadores,2024,Morona Santiago,error,0.00282768678952759
estimadores,2024,Morona Santiago,li,0.98589003053745
estimadores,2024,Morona Santiago,ls,0.996977141445616
estimadores,2024,Morona Santiago,cv,0.285211922359844
estimadores,2024,Napo,valor,0.992239702848939
estimadores,2024,Napo,error,0.00126816146534983
estimadores,2024,Napo,li,0.989753528130461
estimadores,2024,Napo,ls,0.994725877567417
estimadores,2024,Napo,cv,0.12780797439456
estimadores,2024,Pastaza,valor,0.976237669264742
estimadores,2024,Pastaza,error,0.0128969571613997
estimadores,2024,Pastaza,li,0.950953752574274
estimadores,2024,Pastaza,ls,1.00152158595521
estimadores,2024,Pastaza,cv,1.32108784238095
estimadores,2024,Pichincha,valor,0.926661974819798
estimadores,2024,Pichincha,error,0.00267955874372689
estimadores,2024,Pichincha,li,0.921408817877758
estimadores,2024,Pichincha,ls,0.931915131761839
estimadores,2024,Pichincha,cv,0.2891624795814
estimadores,2024,Tungurahua,valor,0.978781551323971
estimadores,2024,Tungurahua,error,0.00208639506057752
estimadores,2024,Tungurahua,li,0.974691265667062
estimadores,2024,Tungurahua,ls,0.98287183698088
estimadores,2024,Tungurahua,cv,0.213162483268643
estimadores,2024,Zamora Chinchipe,valor,0.973927261385686
estimadores,2024,Zamora Chinchipe,error,0.00496441004263209
estimadores,2024,Zamora Chinchipe,li,0.964194754069083
estimadores,2024,Zamora Chinchipe,ls,0.983659768702289
estimadores,2024,Zamora Chinchipe,cv,0.509731089729311
estimadores,2024,Galápagos,valor,0.971621332274208
estimadores,2024,Galápagos,error,0.00497577030904877
estimadores,2024,Galápagos,li,0.961866553655463
estimadores,2024,Galápagos,ls,0.981376110892953
estimadores,2024,Galápagos,cv,0.512110031322832
estimadores,2024,Sucumbíos,valor,0.953213947880581
estimadores,2024,Sucumbíos,error,0.00946318438561643
estimadores,2024,Sucumbíos,li,0.934661791535627
estimadores,2024,Sucumbíos,ls,0.971766104225535
estimadores,2024,Sucumbíos,cv,0.99276604236198
estimadores,2024,Orellana,valor,0.99163921136022
estimadores,2024,Orellana,error,0.00310991705111952
estimadores,2024,Orellana,li,0.985542355904259
estimadores,2024,Orellana,ls,0.997736066816181
estimadores,2024,Orellana,cv,0.313613763503128
estimadores,2024,Santo Domingo,valor,0.981845966123642
estimadores,2024,Santo Domingo,error,0.00391207710652471
estimadores,2024,Santo Domingo,li,0.97417651119639
estimadores,2024,Santo Domingo,ls,0.989515421050894
estimadores,2024,Santo Domingo,cv,0.398441022472161
estimadores,2024,Santa Elena,valor,0.971681998547173
estimadores,2024,Santa Elena,error,0.00352053144434165
estimadores,2024,Santa Elena,li,0.964780151651743
estimadores,2024,Santa Elena,ls,0.978583845442604
estimadores,2024,Santa Elena,cv,0.362313128122723
estimadores,2025,Total,valor,0.9640000000000001
estimadores,2025,Total,error,0.001
estimadores,2025,Total,li,0.9620000000000001
estimadores,2025,Total,ls,0.9670000000000001
estimadores,2025,Total,cv,0.1
estimadores,2025,Urbano,valor,0.955
estimadores,2025,Urbano,error,0.002
estimadores,2025,Urbano,li,0.9520000000000001
estimadores,2025,Urbano,ls,0.9590000000000001
estimadores,2025,Urbano,cv,0.2
estimadores,2025,Rural,valor,0.981
estimadores,2025,Rural,error,0.001
estimadores,2025,Rural,li,0.978
estimadores,2025,Rural,ls,0.9840000000000001
estimadores,2025,Rural,cv,0.2
estimadores,2025,Quito,valor,0.9279999999999999
estimadores,2025,Quito,error,0.005
estimadores,2025,Quito,li,0.9179999999999999
estimadores,2025,Quito,ls,0.937
estimadores,2025,Quito,cv,0.5
estimadores,2025,Guayaquil,valor,0.973
estimadores,2025,Guayaquil,error,0.002
estimadores,2025,Guayaquil,li,0.9690000000000001
estimadores,2025,Guayaquil,ls,0.978
estimadores,2025,Guayaquil,cv,0.2
estimadores,2025,Cuenca,valor,0.9640000000000001
estimadores,2025,Cuenca,error,0.005
estimadores,2025,Cuenca,li,0.955
estimadores,2025,Cuenca,ls,0.973
estimadores,2025,Cuenca,cv,0.5
estimadores,2025,Machala,valor,0.9490000000000001
estimadores,2025,Machala,error,0.004
estimadores,2025,Machala,li,0.9420000000000001
estimadores,2025,Machala,ls,0.9570000000000001
estimadores,2025,Machala,cv,0.4
estimadores,2025,Ambato,valor,0.963
estimadores,2025,Ambato,error,0.003
estimadores,2025,Ambato,li,0.9570000000000001
estimadores,2025,Ambato,ls,0.968
estimadores,2025,Ambato,cv,0.3
estimadores,2025,Azuay,valor,0.975
estimadores,2025,Azuay,error,0.003
estimadores,2025,Azuay,li,0.9690000000000001
estimadores,2025,Azuay,ls,0.981
estimadores,2025,Azuay,cv,0.3
estimadores,2025,Bolívar,valor,0.988
estimadores,2025,Bolívar,error,0.003
estimadores,2025,Bolívar,li,0.982
estimadores,2025,Bolívar,ls,0.995
estimadores,2025,Bolívar,cv,0.4
estimadores,2025,Cañar,valor,0.9640000000000001
estimadores,2025,Cañar,error,0.008
estimadores,2025,Cañar,li,0.9490000000000001
estimadores,2025,Cañar,ls,0.98
estimadores,2025,Cañar,cv,0.8
estimadores,2025,Carchi,valor,0.951
estimadores,2025,Carchi,error,0.005
estimadores,2025,Carchi,li,0.941
estimadores,2025,Carchi,ls,0.961
estimadores,2025,Carchi,cv,0.5
estimadores,2025,Cotopaxi,valor,0.9790000000000001
estimadores,2025,Cotopaxi,error,0.004
estimadores,2025,Cotopaxi,li,0.971
estimadores,2025,Cotopaxi,ls,0.986
estimadores,2025,Cotopaxi,cv,0.4
estimadores,2025,Chimborazo,valor,0.982
estimadores,2025,Chimborazo,error,0.003
estimadores,2025,Chimborazo,li,0.976
estimadores,2025,Chimborazo,ls,0.9890000000000001
estimadores,2025,Chimborazo,cv,0.3
estimadores,2025,El Oro,valor,0.961
estimadores,2025,El Oro,error,0.003
estimadores,2025,El Oro,li,0.955
estimadores,2025,El Oro,ls,0.968
estimadores,2025,El Oro,cv,0.3
estimadores,2025,Esmeraldas,valor,0.909
estimadores,2025,Esmeraldas,error,0.006
estimadores,2025,Esmeraldas,li,0.897
estimadores,2025,Esmeraldas,ls,0.9209999999999999
estimadores,2025,Esmeraldas,cv,0.7
estimadores,2025,Guayas,valor,0.975
estimadores,2025,Guayas,error,0.003
estimadores,2025,Guayas,li,0.9690000000000001
estimadores,2025,Guayas,ls,0.981
estimadores,2025,Guayas,cv,0.3
estimadores,2025,Imbabura,valor,0.9390000000000001
estimadores,2025,Imbabura,error,0.006999999999999999
estimadores,2025,Imbabura,li,0.9259999999999999
estimadores,2025,Imbabura,ls,0.9520000000000001
estimadores,2025,Imbabura,cv,0.7
estimadores,2025,Loja,valor,0.96
estimadores,2025,Loja,error,0.005
estimadores,2025,Loja,li,0.95
estimadores,2025,Loja,ls,0.97
estimadores,2025,Loja,cv,0.5
estimadores,2025,Los Ríos,valor,0.983
estimadores,2025,Los Ríos,error,0.004
estimadores,2025,Los Ríos,li,0.975
estimadores,2025,Los Ríos,ls,0.991
estimadores,2025,Los Ríos,cv,0.4
estimadores,2025,Manabí,valor,0.975
estimadores,2025,Manabí,error,0.005
estimadores,2025,Manabí,li,0.966
estimadores,2025,Manabí,ls,0.985
estimadores,2025,Manabí,cv,0.5
estimadores,2025,Morona Santiago,valor,0.9990000000000001
estimadores,2025,Morona Santiago,error,0.001
estimadores,2025,Morona Santiago,li,0.997
estimadores,2025,Morona Santiago,ls,1.0
estimadores,2025,Morona Santiago,cv,0.1
estimadores,2025,Napo,valor,0.988
estimadores,2025,Napo,error,0.003
estimadores,2025,Napo,li,0.983
estimadores,2025,Napo,ls,0.9940000000000001
estimadores,2025,Napo,cv,0.3
estimadores,2025,Pastaza,valor,0.9790000000000001
estimadores,2025,Pastaza,error,0.005
estimadores,2025,Pastaza,li,0.97
estimadores,2025,Pastaza,ls,0.988
estimadores,2025,Pastaza,cv,0.5
estimadores,2025,Pichincha,valor,0.934
estimadores,2025,Pichincha,error,0.004
estimadores,2025,Pichincha,li,0.925
estimadores,2025,Pichincha,ls,0.9420000000000001
estimadores,2025,Pichincha,cv,0.5
estimadores,2025,Tungurahua,valor,0.981
estimadores,2025,Tungurahua,error,0.003
estimadores,2025,Tungurahua,li,0.975
estimadores,2025,Tungurahua,ls,0.986
estimadores,2025,Tungurahua,cv,0.3
estimadores,2025,Zamora Chinchipe,valor,0.9840000000000001
estimadores,2025,Zamora Chinchipe,error,0.003
estimadores,2025,Zamora Chinchipe,li,0.978
estimadores,2025,Zamora Chinchipe,ls,0.991
estimadores,2025,Zamora Chinchipe,cv,0.3
estimadores,2025,Galápagos,valor,0.9690000000000001
estimadores,2025,Galápagos,error,0.006
estimadores,2025,Galápagos,li,0.9570000000000001
estimadores,2025,Galápagos,ls,0.981
estimadores,2025,Galápagos,cv,0.6
estimadores,2025,Sucumbíos,valor,0.935
estimadores,2025,Sucumbíos,error,0.012
estimadores,2025,Sucumbíos,li,0.9109999999999999
estimadores,2025,Sucumbíos,ls,0.958
estimadores,2025,Sucumbíos,cv,1.3
estimadores,2025,Orellana,valor,0.9890000000000001
estimadores,2025,Orellana,error,0.004
estimadores,2025,Orellana,li,0.982
estimadores,2025,Orellana,ls,0.997
estimadores,2025,Orellana,cv,0.4
estimadores,2025,Santo Domingo,valor,0.987
estimadores,2025,Santo Domingo,error,0.003
estimadores,2025,Santo Domingo,li,0.98
estimadores,2025,Santo Domingo,ls,0.993
estimadores,2025,Santo Domingo,cv,0.3
estimadores,2025,Santa Elena,valor,0.98
estimadores,2025,Santa Elena,error,0.004
estimadores,2025,Santa Elena,li,0.972
estimadores,2025,Santa Elena,ls,0.987
estimadores,2025,Santa Elena,cv,0.4
