seccion,anio,desagregacion,categoria,valor
territorio,2018,,Total,0.6426881533014718
territorio,2018,,Urbano,0.6050819643316679
territorio,2018,,Rural,0.727309058771358
territorio,2018,,Quito,0.5664433947464679
territorio,2018,,Guayaquil,0.6252038084062341
territorio,2018,,Cuenca,0.5932095488405043
territorio,2018,,Machala,0.597182047029264
territorio,2018,,Ambato,0.6343899353719543
territorio,2018,,Azuay,0.6804390737725708
territorio,2018,,Bolívar,0.735265897713389
territorio,2018,,Cañar,0.687433626241527
territorio,2018,,Carchi,0.6041214603529097
territorio,2018,,Cotopaxi,0.8067149907183624
territorio,2018,,Chimborazo,0.790035837332245
territorio,2018,,El Oro,0.6186066320762005
territorio,2018,,Esmeraldas,0.5651970440318397
territorio,2018,,Guayas,0.6235894943875536
territorio,2018,,Imbabura,0.630349852876423
territorio,2018,,Loja,0.6898321739677649
territorio,2018,,Los Ríos,0.6309284132346239
territorio,2018,,Manabí,0.6238445068921884
territorio,2018,,Morona Santiago,0.8267115652483935
territorio,2018,,Napo,0.805729700699588
territorio,2018,,Pastaza,0.7960997282781473
territorio,2018,,Pichincha,0.581121856522418
territorio,2018,,Tungurahua,0.7498604866965001
territorio,2018,,Zamora Chinchipe,0.7346805431407066
territorio,2018,,Galápagos,0.7687478971053576
territorio,2018,,Sucumbíos,0.6269627937928258
territorio,2018,,Orellana,0.820400806825179
territorio,2018,,Santo Domingo,0.644762472783594
territorio,2018,,Santa Elena,0.5864593323054325
territorio,2018,,Sierra,0.6560403978681928
territorio,2018,,Costa,0.6187377952499312
territorio,2018,,Amazonia,0.7557491412189921
territorio,2018,,Insular,0.7687478971053576
territorio,2018,,Zona 1,0.6007797298633091
territorio,2018,,Zona 2,0.6980514984294279
territorio,2018,,Zona 3,0.7810343421214654
territorio,2018,,Zona 4,0.6287821865222152
territorio,2018,,Zona 5,0.6319236069874994
territorio,2018,,Zona 6,0.6985763748307419
territorio,2018,,Zona 7,0.6564707222556546
territorio,2018,,Zona 8,0.6242699646956198
territorio,2018,,Zona 9,0.5735965395140465
territorio,2019,,Total,0.6446478808580944
territorio,2019,,Urbano,0.6046169323195897
territorio,2019,,Rural,0.7343234514700838
territorio,2019,,Quito,0.5739212877355941
territorio,2019,,Guayaquil,0.6187326463495847
territorio,2019,,Cuenca,0.5817824641252736
territorio,2019,,Machala,0.5816068767087651
territorio,2019,,Ambato,0.6380706050801844
territorio,2019,,Azuay,0.6775457240411967
territorio,2019,,Bolívar,0.7199716589506122
territorio,2019,,Cañar,0.6899336666227596
territorio,2019,,Carchi,0.6545324334781423
territorio,2019,,Cotopaxi,0.8083317538138655
territorio,2019,,Chimborazo,0.8105236592805812
territorio,2019,,El Oro,0.6253890249542913
territorio,2019,,Esmeraldas,0.5571595567961813
territorio,2019,,Guayas,0.617973457288181
territorio,2019,,Imbabura,0.6034218329284976
territorio,2019,,Loja,0.7151511873068885
territorio,2019,,Los Ríos,0.6202067166176889
territorio,2019,,Manabí,0.6258641203025141
territorio,2019,,Morona Santiago,0.8708035160123645
territorio,2019,,Napo,0.8072790720148754
territorio,2019,,Pastaza,0.8250165390813621
territorio,2019,,Pichincha,0.5924275237801657
territorio,2019,,Tungurahua,0.7502055025504581
territorio,2019,,Zamora Chinchipe,0.7283775878649691
territorio,2019,,Galápagos,0.7483369307793802
territorio,2019,,Sucumbíos,0.6570497257235215
territorio,2019,,Orellana,0.8126906204823692
territorio,2019,,Santo Domingo,0.6333391129231909
territorio,2019,,Santa Elena,0.5937300135655542
territorio,2019,,Sierra,0.6623429661527528
territorio,2019,,Costa,0.6154147182477778
territorio,2019,,Amazonia,0.7731110765699126
territorio,2019,,Insular,0.7483369307793802
territorio,2019,,Zona 1,0.5994987450455587
territorio,2019,,Zona 2,0.690714755323992
territorio,2019,,Zona 3,0.7892159300480611
territorio,2019,,Zona 4,0.6276156906902749
territorio,2019,,Zona 5,0.6242717471713276
territorio,2019,,Zona 6,0.7022561832712648
territorio,2019,,Zona 7,0.6698484138837192
territorio,2019,,Zona 8,0.6197961481952199
territorio,2019,,Zona 9,0.5865123429925496
territorio,2021,,Total,0.6253957487439434
territorio,2021,,Urbano,0.5840874432841139
territorio,2021,,Rural,0.7165521383425537
territorio,2021,,Quito,0.555133427649712
territorio,2021,,Guayaquil,0.6013263217878368
territorio,2021,,Cuenca,0.6018725134449447
territorio,2021,,Machala,0.5845707117411053
territorio,2021,,Ambato,0.6383291982161786
territorio,2021,,Azuay,0.6650331552606265
territorio,2021,,Bolívar,0.6739884008507125
territorio,2021,,Cañar,0.7120174172021089
territorio,2021,,Carchi,0.5881419414489902
territorio,2021,,Cotopaxi,0.7818030369475462
territorio,2021,,Chimborazo,0.7994427976773489
territorio,2021,,El Oro,0.6106996654919564
territorio,2021,,Esmeraldas,0.5253613646784783
territorio,2021,,Guayas,0.6006818452125371
territorio,2021,,Imbabura,0.5930357152369651
territorio,2021,,Loja,0.6705702544351972
territorio,2021,,Los Ríos,0.6029423670249492
territorio,2021,,Manabí,0.5966764934656842
territorio,2021,,Morona Santiago,0.8289687557243205
territorio,2021,,Napo,0.8418196512373036
territorio,2021,,Pastaza,0.8407199798586681
territorio,2021,,Pichincha,0.5660407425471593
territorio,2021,,Tungurahua,0.765565854074278
territorio,2021,,Zamora Chinchipe,0.7353738700917348
territorio,2021,,Galápagos,0.6732559388801117
territorio,2021,,Sucumbíos,0.6451015417636403
territorio,2021,,Orellana,0.8396267698405769
territorio,2021,,Santo Domingo,0.6264640283143464
territorio,2021,,Santa Elena,0.555927673108876
territorio,2021,,Sierra,0.6428093096344556
territorio,2021,,Costa,0.5938378401786378
territorio,2021,,Amazonia,0.7738142528828601
territorio,2021,,Insular,0.6732559388801117
territorio,2021,,Zona 1,0.5734345249644788
territorio,2021,,Zona 2,0.6792168275406801
territorio,2021,,Zona 3,0.7844860511695317
territorio,2021,,Zona 4,0.6037308892258207
territorio,2021,,Zona 5,0.6034153771173344
territorio,2021,,Zona 6,0.6943097103440188
territorio,2021,,Zona 7,0.6453723096537087
territorio,2021,,Zona 8,0.5998269330992931
territorio,2021,,Zona 9,0.5618389141437664
territorio,2022,,Total,0.6305116930465419
territorio,2022,,Urbano,0.5951832809471128
territorio,2022,,Rural,0.7081979121788389
territorio,2022,,Quito,0.578159314538646
territorio,2022,,Guayaquil,0.6038075345818383
territorio,2022,,Cuenca,0.6179036278374499
territorio,2022,,Machala,0.5988893123320055
territorio,2022,,Ambato,0.6687674090473492
territorio,2022,,Azuay,0.6970515605433597
territorio,2022,,Bolívar,0.6624668581969323
territorio,2022,,Cañar,0.7111763000543497
territorio,2022,,Carchi,0.5903203727331239
territorio,2022,,Cotopaxi,0.8305152278985402
territorio,2022,,Chimborazo,0.802370434917904
territorio,2022,,El Oro,0.6268647872091158
territorio,2022,,Esmeraldas,0.5193970445146034
territorio,2022,,Guayas,0.5982472559718395
territorio,2022,,Imbabura,0.5831770715207423
territorio,2022,,Loja,0.704421506981678
territorio,2022,,Los Ríos,0.6037080399946946
territorio,2022,,Manabí,0.579380010317519
territorio,2022,,Morona Santiago,0.847079026157998
territorio,2022,,Napo,0.8587330230975114
territorio,2022,,Pastaza,0.8867854654928501
territorio,2022,,Pichincha,0.5802784896958145
territorio,2022,,Tungurahua,0.780544199607154
territorio,2022,,Zamora Chinchipe,0.7378576007951739
territorio,2022,,Galápagos,0.6756049010208959
territorio,2022,,Sucumbíos,0.6687717725517034
territorio,2022,,Orellana,0.8828404521856467
territorio,2022,,Santo Domingo,0.6016261026619878
territorio,2022,,Santa Elena,0.5618755168627478
territorio,2022,,Sierra,0.6555113649801695
territorio,2022,,Costa,0.590586119972238
territorio,2022,,Amazonia,0.802677635309053
territorio,2022,,Insular,0.6756049010208959
territorio,2022,,Zona 1,0.5689421299141558
territorio,2022,,Zona 2,0.6890285635105088
territorio,2022,,Zona 3,0.8071821875140177
territorio,2022,,Zona 4,0.5846573204700866
territorio,2022,,Zona 5,0.5982133025704238
territorio,2022,,Zona 6,0.7174573004577935
territorio,2022,,Zona 7,0.6666712058911708
territorio,2022,,Zona 8,0.6012120298147933
territorio,2022,,Zona 9,0.5787537325037477
territorio,2023,,Total,0.6222517678031324
territorio,2023,,Urbano,0.5850292755612794
territorio,2023,,Rural,0.7058027001401945
territorio,2023,,Quito,0.5845033458046309
territorio,2023,,Guayaquil,0.5856084217370626
territorio,2023,,Cuenca,0.635098115141597
territorio,2023,,Machala,0.6028151941786913
territorio,2023,,Ambato,0.6922266648907159
territorio,2023,,Azuay,0.6960716685948105
territorio,2023,,Bolívar,0.6233708508764385
territorio,2023,,Cañar,0.7300902496149203
territorio,2023,,Carchi,0.6330496139367287
territorio,2023,,Cotopaxi,0.8862677272376518
territorio,2023,,Chimborazo,0.8324915949413559
territorio,2023,,El Oro,0.6151952391383405
territorio,2023,,Esmeraldas,0.5202453624854761
territorio,2023,,Guayas,0.5690262615792487
territorio,2023,,Imbabura,0.6061831341939733
territorio,2023,,Loja,0.6847680989710913
territorio,2023,,Los Ríos,0.5601983752465605
territorio,2023,,Manabí,0.5529353463393842
territorio,2023,,Morona Santiago,0.8443094719968364
territorio,2023,,Napo,0.9130786358347697
territorio,2023,,Pastaza,0.9037632366198937
territorio,2023,,Pichincha,0.5904748281756994
territorio,2023,,Tungurahua,0.7982283422876365
territorio,2023,,Zamora Chinchipe,0.7162499866309456
territorio,2023,,Galápagos,0.6701464491894079
territorio,2023,,Sucumbíos,0.7261203111510064
territorio,2023,,Orellana,0.9007631962857819
territorio,2023,,Santo Domingo,0.6059255397542321
territorio,2023,,Santa Elena,0.5197599793655628
territorio,2023,,Sierra,0.6663810378642891
territorio,2023,,Costa,0.563365246594185
territorio,2023,,Amazonia,0.8232998303283413
territorio,2023,,Insular,0.6701464491894082
territorio,2023,,Zona 1,0.5883447863031
territorio,2023,,Zona 2,0.7271928501693179
territorio,2023,,Zona 3,0.8378303524245986
territorio,2023,,Zona 4,0.5649671107310857
territorio,2023,,Zona 5,0.5534762122889219
territorio,2023,,Zona 6,0.72088279889302
territorio,2023,,Zona 7,0.6511007278837602
territorio,2023,,Zona 8,0.5812492630934757
territorio,2023,,Zona 9,0.5867639402389851
territorio,2024,,Total,0.618485680846226
territorio,2024,,Urbano,0.579701978851363
territorio,2024,,Rural,0.705691577489022
territorio,2024,,Quito,0.591357607778531
territorio,2024,,Guayaquil,0.570513845046274
territorio,2024,,Cuenca,0.619295805622487
territorio,2024,,Machala,0.591298307136373
territorio,2024,,Ambato,0.683154408613089
territorio,2024,,Azuay,0.693914371225436
territorio,2024,,Bolívar,0.609168582385568
territorio,2024,,Cañar,0.791642304635738
territorio,2024,,Carchi,0.647340835021845
territorio,2024,,Cotopaxi,0.878123682023342
territorio,2024,,Chimborazo,0.840137496935086
territorio,2024,,El Oro,0.623479254483068
territorio,2024,,Esmeraldas,0.547782242044844
territorio,2024,,Guayas,0.555299865210907
territorio,2024,,Imbabura,0.59529052001469
territorio,2024,,Loja,0.683582301672683
territorio,2024,,Los Ríos,0.542787226824155
territorio,2024,,Manabí,0.529941260605404
territorio,2024,,Morona Santiago,0.838180282671982
territorio,2024,,Napo,0.892235167114993
territorio,2024,,Pastaza,0.858732476245498
territorio,2024,,Pichincha,0.606256102397482
territorio,2024,,Tungurahua,0.809989366828945
territorio,2024,,Zamora Chinchipe,0.750727119374314
territorio,2024,,Galápagos,0.660629587728564
territorio,2024,,Sucumbíos,0.634952561812994
territorio,2024,,Orellana,0.928772057897892
territorio,2024,,Santo Domingo,0.568533989565566
territorio,2024,,Santa Elena,0.508733707730179
territorio,2024,,Sierra,0.672785622972338
territorio,2024,,Costa,0.552225066664698
territorio,2024,,Amazonia,0.796593456784026
territorio,2024,,Insular,0.660629587728564
territorio,2024,,Zona 1,0.588621688932918
territorio,2024,,Zona 2,0.744295470859072
territorio,2024,,Zona 3,0.840778919010082
territorio,2024,,Zona 4,0.538659721706522
territorio,2024,,Zona 5,0.537611128182646
territorio,2024,,Zona 6,0.732197901534475
territorio,2024,,Zona 7,0.65813246747245
territorio,2024,,Zona 8,0.568761713737394
territorio,2024,,Zona 9,0.600654063409613
territorio,2025,,Total,0.6197350524595787
territorio,2025,,Urbano,0.5843570157346265
territorio,2025,,Rural,0.6959758437991225
territorio,2025,,Quito,0.5894650531095453
territorio,2025,,Guayaquil,0.5682363406296947
territorio,2025,,Cuenca,0.6210188519600104
territorio,2025,,Machala,0.6014416661077727
territorio,2025,,Ambato,0.6723557072954857
territorio,2025,,Azuay,0.6754836517907976
territorio,2025,,Bolívar,0.5776839329971816
territorio,2025,,Cañar,0.6916035417095593
territorio,2025,,Carchi,0.6176203953099965
territorio,2025,,Cotopaxi,0.8358359246387168
territorio,2025,,Chimborazo,0.8248103833506317
territorio,2025,,El Oro,0.6253159903073401
territorio,2025,,Esmeraldas,0.530175488742141
territorio,2025,,Guayas,0.5602515549321371
territorio,2025,,Imbabura,0.5990116587254339
territorio,2025,,Loja,0.6502434149287257
territorio,2025,,Los Ríos,0.5762970985113658
territorio,2025,,Manabí,0.5587908419847943
territorio,2025,,Morona Santiago,0.892186808568413
territorio,2025,,Napo,0.8945632502769137
territorio,2025,,Pastaza,0.8426722962512935
territorio,2025,,Pichincha,0.6095629317781199
territorio,2025,,Tungurahua,0.7880754231607446
territorio,2025,,Zamora Chinchipe,0.7560710200794825
territorio,2025,,Galápagos,0.6206955745038717
territorio,2025,,Sucumbíos,0.6079481296597912
territorio,2025,,Orellana,0.9007577798234094
territorio,2025,,Santo Domingo,0.5839954681180648
territorio,2025,,Santa Elena,0.5143305329340973
territorio,2025,,Sierra,0.661915502467556
territorio,2025,,Costa,0.5629808635042661
territorio,2025,,Amazonia,0.7941473385737511
territorio,2025,,Insular,0.6206955745038719
territorio,2025,,Zona 1,0.5751373665919176
territorio,2025,,Zona 2,0.752334076796204
territorio,2025,,Zona 3,0.8165881647089172
territorio,2025,,Zona 4,0.5645943041747382
territorio,2025,,Zona 5,0.5482445713994432
territorio,2025,,Zona 6,0.7005557873833841
territorio,2025,,Zona 7,0.6455696814561207
territorio,2025,,Zona 8,0.5733268062773437
territorio,2025,,Zona 9,0.5969767506940676
caracteristicas,2018,Sexo,Hombre,0.7664571043815678
caracteristicas,2018,Sexo,Mujer,0.527152676692418
caracteristicas,2018,Grupos de edad,15 a 17 años,0.2069254530281666
caracteristicas,2018,Grupos de edad,18 a 29 años,0.5948812267776851
caracteristicas,2018,Grupos de edad,30 a 44 años,0.8158548507801291
caracteristicas,2018,Grupos de edad,45 a 64 años,0.7667995895329431
caracteristicas,2018,Grupos de edad,65 años y más,0.4130562901177317
caracteristicas,2018,Etnia,Indígena,0.8272606068811932
caracteristicas,2018,Etnia,Afroecuatoriano,0.6058062917658151
caracteristicas,2018,Etnia,Montubio,0.645878667999596
caracteristicas,2018,Etnia,Mestizo,0.627195509755213
caracteristicas,2018,Etnia,Blanco,0.6420028176976471
caracteristicas,2018,Estado civil/conyugal,Casado,0.7284503980873892
caracteristicas,2018,Estado civil/conyugal,Unión libre,0.7105678527724909
caracteristicas,2018,Estado civil/conyugal,Soltero,0.5088336738889991
caracteristicas,2018,Estado civil/conyugal,Otro,0.6382294504996409
caracteristicas,2018,Nivel de instrucción,Ninguno,0.5358689520745811
caracteristicas,2018,Nivel de instrucción,Centro de alfabetización,0.7763738345613798
caracteristicas,2018,Nivel de instrucción,Básica,0.6637843450004798
caracteristicas,2018,Nivel de instrucción,Bachillerato,0.6024194615475021
caracteristicas,2018,Nivel de instrucción,Superior,0.6901686210563552
caracteristicas,2018,Quintiles de ingreso,Quintil 1,0.6122676380382913
caracteristicas,2018,Quintiles de ingreso,Quintil 2,0.5947253473515519
caracteristicas,2018,Quintiles de ingreso,Quintil 3,0.6288945419863604
caracteristicas,2018,Quintiles de ingreso,Quintil 4,0.660859982786722
caracteristicas,2018,Quintiles de ingreso,Quintil 5,0.7008689411313167
caracteristicas,2019,Sexo,Hombre,0.7626692597923228
caracteristicas,2019,Sexo,Mujer,0.5352332241488537
caracteristicas,2019,Grupos de edad,15 a 17 años,0.2114263259521563
caracteristicas,2019,Grupos de edad,18 a 29 años,0.5914888017403853
caracteristicas,2019,Grupos de edad,30 a 44 años,0.8161599062271856
caracteristicas,2019,Grupos de edad,45 a 64 años,0.7725302972015198
caracteristicas,2019,Grupos de edad,65 años y más,0.4186683619052177
caracteristicas,2019,Etnia,Indígena,0.8238943679923686
caracteristicas,2019,Etnia,Afroecuatoriano,0.6154910751857987
caracteristicas,2019,Etnia,Montubio,0.6446431379702942
caracteristicas,2019,Etnia,Mestizo,0.6280267102936657
caracteristicas,2019,Etnia,Blanco,0.6339077947433448
caracteristicas,2019,Estado civil/conyugal,Casado,0.7297450693492982
caracteristicas,2019,Estado civil/conyugal,Unión libre,0.7173914910136717
caracteristicas,2019,Estado civil/conyugal,Soltero,0.5130438289010847
caracteristicas,2019,Estado civil/conyugal,Otro,0.6340202242873603
caracteristicas,2019,Nivel de instrucción,Ninguno,0.5405648306880172
caracteristicas,2019,Nivel de instrucción,Centro de alfabetización,0.7968995263712083
caracteristicas,2019,Nivel de instrucción,Básica,0.6674366381123115
caracteristicas,2019,Nivel de instrucción,Bachillerato,0.6056926430981662
caracteristicas,2019,Nivel de instrucción,Superior,0.6874141467236108
caracteristicas,2019,Quintiles de ingreso,Quintil 1,0.6277644348783533
caracteristicas,2019,Quintiles de ingreso,Quintil 2,0.5936933220693399
caracteristicas,2019,Quintiles de ingreso,Quintil 3,0.6283473197757733
caracteristicas,2019,Quintiles de ingreso,Quintil 4,0.6619378681846559
caracteristicas,2019,Quintiles de ingreso,Quintil 5,0.699915829357721
caracteristicas,2021,Sexo,Hombre,0.7531259784428046
caracteristicas,2021,Sexo,Mujer,0.5080145701020802
caracteristicas,2021,Grupos de edad,15 a 17 años,0.2103550111079556
caracteristicas,2021,Grupos de edad,18 a 29 años,0.5773353340242425
caracteristicas,2021,Grupos de edad,30 a 44 años,0.7965285553871302
caracteristicas,2021,Grupos de edad,45 a 64 años,0.7468537790404952
caracteristicas,2021,Grupos de edad,65 años y más,0.3787857192787425
caracteristicas,2021,Etnia,Indígena,0.7974710836610011
caracteristicas,2021,Etnia,Afroecuatoriano,0.5735906936818377
caracteristicas,2021,Etnia,Montubio,0.626353539359902
caracteristicas,2021,Etnia,Mestizo,0.6123782539005604
caracteristicas,2021,Etnia,Blanco,0.560450025516171
caracteristicas,2021,Estado civil/conyugal,Casado,0.7040732622872331
caracteristicas,2021,Estado civil/conyugal,Unión libre,0.7023696970972276
caracteristicas,2021,Estado civil/conyugal,Soltero,0.508888500025167
caracteristicas,2021,Estado civil/conyugal,Otro,0.6022393898410403
caracteristicas,2021,Nivel de instrucción,Ninguno,0.4590835968624962
caracteristicas,2021,Nivel de instrucción,Centro de alfabetización,0.7890918424437788
caracteristicas,2021,Nivel de instrucción,Básica,0.640979804372897
caracteristicas,2021,Nivel de instrucción,Bachillerato,0.5987762239379947
caracteristicas,2021,Nivel de instrucción,Superior,0.6731337593285396
caracteristicas,2021,Quintiles de ingreso,Quintil 1,0.5845510231768175
caracteristicas,2021,Quintiles de ingreso,Quintil 2,0.5775909752563758
caracteristicas,2021,Quintiles de ingreso,Quintil 3,0.6112883468165685
caracteristicas,2021,Quintiles de ingreso,Quintil 4,0.6536791883572096
caracteristicas,2021,Quintiles de ingreso,Quintil 5,0.6850400740809056
caracteristicas,2022,Sexo,Hombre,0.7527166747173675
caracteristicas,2022,Sexo,Mujer,0.5192981414355016
caracteristicas,2022,Grupos de edad,15 a 17 años,0.1838576906935629
caracteristicas,2022,Grupos de edad,18 a 29 años,0.5883302259853643
caracteristicas,2022,Grupos de edad,30 a 44 años,0.7972629980116148
caracteristicas,2022,Grupos de edad,45 a 64 años,0.7571798049611494
caracteristicas,2022,Grupos de edad,65 años y más,0.386913021547961
caracteristicas,2022,Etnia,Indígena,0.8149998354800355
caracteristicas,2022,Etnia,Afroecuatoriano,0.564146563597169
caracteristicas,2022,Etnia,Montubio,0.616561041956969
caracteristicas,2022,Etnia,Mestizo,0.6176400362525339
caracteristicas,2022,Etnia,Blanco,0.5937424926563296
caracteristicas,2022,Estado civil/conyugal,Casado,0.7097863257075698
caracteristicas,2022,Estado civil/conyugal,Unión libre,0.7047304873575839
caracteristicas,2022,Estado civil/conyugal,Soltero,0.5159437458607945
caracteristicas,2022,Estado civil/conyugal,Otro,0.6119005127731745
caracteristicas,2022,Nivel de instrucción,Ninguno,0.4732920745137951
caracteristicas,2022,Nivel de instrucción,Centro de alfabetización,0.7854528253833634
caracteristicas,2022,Nivel de instrucción,Básica,0.6320386349809319
caracteristicas,2022,Nivel de instrucción,Bachillerato,0.6147464086968849
caracteristicas,2022,Nivel de instrucción,Superior,0.6893108524001115
caracteristicas,2022,Quintiles de ingreso,Quintil 1,0.5717819289754561
caracteristicas,2022,Quintiles de ingreso,Quintil 2,0.5730881051919533
caracteristicas,2022,Quintiles de ingreso,Quintil 3,0.6219714866366448
caracteristicas,2022,Quintiles de ingreso,Quintil 4,0.6636176398389126
caracteristicas,2022,Quintiles de ingreso,Quintil 5,0.7009341681581248
caracteristicas,2023,Sexo,Hombre,0.7505922256378615
caracteristicas,2023,Sexo,Mujer,0.5063946505137512
caracteristicas,2023,Grupos de edad,15 a 17 años,0.1771193748696599
caracteristicas,2023,Grupos de edad,18 a 29 años,0.5859079330282414
caracteristicas,2023,Grupos de edad,30 a 44 años,0.7947262144169547
caracteristicas,2023,Grupos de edad,45 a 64 años,0.7449802015522803
caracteristicas,2023,Grupos de edad,65 años y más,0.3725848241126002
caracteristicas,2023,Etnia,Indígena,0.828626143012132
caracteristicas,2023,Etnia,Afroecuatoriano,0.5642325194603898
caracteristicas,2023,Etnia,Montubio,0.5897872275621009
caracteristicas,2023,Etnia,Mestizo,0.6030195706464218
caracteristicas,2023,Etnia,Blanco,0.6149448489918771
caracteristicas,2023,Estado civil/conyugal,Casado,0.698497613452932
caracteristicas,2023,Estado civil/conyugal,Unión libre,0.6933839054818759
caracteristicas,2023,Estado civil/conyugal,Soltero,0.5209054924461605
caracteristicas,2023,Estado civil/conyugal,Otro,0.5960864610050228
caracteristicas,2023,Nivel de instrucción,Ninguno,0.4898707011111917
caracteristicas,2023,Nivel de instrucción,Centro de alfabetización,0.8408668597380387
caracteristicas,2023,Nivel de instrucción,Básica,0.6248055782540926
caracteristicas,2023,Nivel de instrucción,Bachillerato,0.6045049953511661
caracteristicas,2023,Nivel de instrucción,Superior,0.6779094382458817
caracteristicas,2023,Quintiles de ingreso,Quintil 1,0.5646200800695395
caracteristicas,2023,Quintiles de ingreso,Quintil 2,0.5626425129006876
caracteristicas,2023,Quintiles de ingreso,Quintil 3,0.6099758821030073
caracteristicas,2023,Quintiles de ingreso,Quintil 4,0.6489096833415318
caracteristicas,2023,Quintiles de ingreso,Quintil 5,0.7005103396361265
caracteristicas,2024,Sexo,Hombre,0.750896489475581
caracteristicas,2024,Sexo,Mujer,0.498939211911471
caracteristicas,2024,Grupos de edad,15 a 17 años,0.177213689162362
caracteristicas,2024,Grupos de edad,18 a 29 años,0.568779179664243
caracteristicas,2024,Grupos de edad,30 a 44 años,0.78990908238411
caracteristicas,2024,Grupos de edad,45 a 64 años,0.746842814451905
caracteristicas,2024,Grupos de edad,65 años y más,0.372202805697631
caracteristicas,2024,Etnia,Indígena,0.817138239187466
caracteristicas,2024,Etnia,Afroecuatoriano,0.561647518491227
caracteristicas,2024,Etnia,Montubio,0.574123277380307
caracteristicas,2024,Etnia,Mestizo,0.598711968856098
caracteristicas,2024,Etnia,Blanco,0.5770522044657
caracteristicas,2024,Estado civil/conyugal,Casado,0.6929756155334
caracteristicas,2024,Estado civil/conyugal,Unión libre,0.68292368159227
caracteristicas,2024,Estado civil/conyugal,Soltero,0.521617277782372
caracteristicas,2024,Estado civil/conyugal,Otro,0.593310086593667
caracteristicas,2024,Nivel de instrucción,Ninguno,0.485055227673336
caracteristicas,2024,Nivel de instrucción,Centro de alfabetización,0.894434583037311
caracteristicas,2024,Nivel de instrucción,Básica,0.618098914664452
caracteristicas,2024,Nivel de instrucción,Bachillerato,0.601245898411745
caracteristicas,2024,Nivel de instrucción,Superior,0.679653705732219
caracteristicas,2024,Quintiles de ingreso,Quintil 1,0.566064858475044
caracteristicas,2024,Quintiles de ingreso,Quintil 2,0.542065130945691
caracteristicas,2024,Quintiles de ingreso,Quintil 3,0.597881477922656
caracteristicas,2024,Quintiles de ingreso,Quintil 4,0.652423729676862
caracteristicas,2024,Quintiles de ingreso,Quintil 5,0.707369072814172
caracteristicas,2025,Sexo,Hombre,0.7544853720566825
caracteristicas,2025,Sexo,Mujer,0.497310069884122
caracteristicas,2025,Grupos de edad,15 a 17 años,0.16127219236934867
caracteristicas,2025,Grupos de edad,18 a 29 años,0.5817415677949662
caracteristicas,2025,Grupos de edad,30 a 44 años,0.7876895471105129
caracteristicas,2025,Grupos de edad,45 a 64 años,0.7487767635476344
caracteristicas,2025,Grupos de edad,65 años y más,0.38369761788586937
caracteristicas,2025,Etnia,Indígena,0.7942196909015383
caracteristicas,2025,Etnia,Afroecuatoriano,0.5572433063369776
caracteristicas,2025,Etnia,Montubio,0.5789783438654055
caracteristicas,2025,Etnia,Mestizo,0.6035854227425201
caracteristicas,2025,Etnia,Blanco,0.5699191353815106
caracteristicas,2025,Estado civil/conyugal,Casado,0.6890947276421736
caracteristicas,2025,Estado civil/conyugal,Unión libre,0.6889021737405921
caracteristicas,2025,Estado civil/conyugal,Soltero,0.5189787673453542
caracteristicas,2025,Estado civil/conyugal,Otro,0.6039448948252958
caracteristicas,2025,Nivel de instrucción,Ninguno,0.4525270285420512
caracteristicas,2025,Nivel de instrucción,Centro de alfabetización,0.8854266575950369
caracteristicas,2025,Nivel de instrucción,Básica,0.6189334061820528
caracteristicas,2025,Nivel de instrucción,Bachillerato,0.6063528876016526
caracteristicas,2025,Nivel de instrucción,Superior,0.6822914765004318
caracteristicas,2025,Quintiles de ingreso,Quintil 1,0.5420591716502041
caracteristicas,2025,Quintiles de ingreso,Quintil 2,0.5426410649771429
caracteristicas,2025,Quintiles de ingreso,Quintil 3,0.5980729424397131
caracteristicas,2025,Quintiles de ingreso,Quintil 4,0.6687570647803582
caracteristicas,2025,Quintiles de ingreso,Quintil 5,0.7138877563179559
ci,2018,Límite inferior,Total,0.6398435148225089
ci,2018,Límite inferior,Urbano,0.6020953032531613
ci,2018,Límite inferior,Rural,0.7217313996036487
ci,2018,Límite superior,Total,0.6455327917804347
ci,2018,Límite superior,Urbano,0.6080686254101746
ci,2018,Límite superior,Rural,0.7328867179390672
ci,2019,Límite inferior,Total,0.641457266264219
ci,2019,Límite inferior,Urbano,0.6014364046161509
ci,2019,Límite inferior,Rural,0.7276499665658225
ci,2019,Límite superior,Total,0.6478384954519699
ci,2019,Límite superior,Urbano,0.6077974600230285
ci,2019,Límite superior,Rural,0.7409969363743452
ci,2021,Límite inferior,Total,0.6204772101986045
ci,2021,Límite inferior,Urbano,0.5794058742456143
ci,2021,Límite inferior,Rural,0.7068776068333219
ci,2021,Límite superior,Total,0.6303142872892824
ci,2021,Límite superior,Urbano,0.5887690123226135
ci,2021,Límite superior,Rural,0.7262266698517855
ci,2022,Límite inferior,Total,0.6248196020909257
ci,2022,Límite inferior,Urbano,0.590129521942938
ci,2022,Límite inferior,Rural,0.6957617626949051
ci,2022,Límite superior,Total,0.636203784002158
ci,2022,Límite superior,Urbano,0.6002370399512876
ci,2022,Límite superior,Rural,0.7206340616627727
ci,2023,Límite inferior,Total,0.6152942188488755
ci,2023,Límite inferior,Urbano,0.5798863153334428
ci,2023,Límite inferior,Rural,0.6898368644388673
ci,2023,Límite superior,Total,0.6292093167573893
ci,2023,Límite superior,Urbano,0.5901722357891159
ci,2023,Límite superior,Rural,0.7217685358415218
ci,2024,Límite inferior,Total,0.609215881021686
ci,2024,Límite inferior,Urbano,0.573816204698183
ci,2024,Límite inferior,Rural,0.684550559169318
ci,2024,Límite superior,Total,0.627755480670767
ci,2024,Límite superior,Urbano,0.585587753004544
ci,2024,Límite superior,Rural,0.726832595808725
ci,2025,Límite inferior,Total,0.611
ci,2025,Límite inferior,Urbano,0.5760000000000001
ci,2025,Límite inferior,Rural,0.6809999999999999
ci,2025,Límite superior,Total,0.628
ci,2025,Límite superior,Urbano,0.5920000000000001
ci,2025,Límite superior,Rural,0.711
territorio_hombre,2018,,Urbano,0.7314424030092831
territorio_hombre,2018,,Rural,0.8420829488522663
territorio_hombre,2018,,Quito,0.656076894280833
territorio_hombre,2018,,Guayaquil,0.7627297720795908
territorio_hombre,2018,,Cuenca,0.6722078542790662
territorio_hombre,2018,,Machala,0.7415370517463549
territorio_hombre,2018,,Ambato,0.7047840538441024
territorio_hombre,2018,,Sierra,0.7393309348478622
territorio_hombre,2018,,Costa,0.7833836020194499
territorio_hombre,2018,,Amazonia,0.845846366930098
territorio_hombre,2018,,Insular,0.85639588266373
territorio_hombre,2018,,Zona 1,0.7454704872436797
territorio_hombre,2018,,Zona 2,0.7909155445439521
territorio_hombre,2018,,Zona 3,0.8249455081321543
territorio_hombre,2018,,Zona 4,0.7892622525056722
territorio_hombre,2018,,Zona 5,0.8139338808192899
territorio_hombre,2018,,Zona 6,0.7637199794970954
territorio_hombre,2018,,Zona 7,0.7779535106137955
territorio_hombre,2018,,Zona 8,0.7657439919161146
territorio_hombre,2018,,Zona 9,0.6670344062118885
territorio_hombre,2018,,Total,0.7664571043815678
territorio_hombre,2019,,Urbano,0.727658025783376
territorio_hombre,2019,,Rural,0.8380106860553426
territorio_hombre,2019,,Quito,0.6587780800451245
territorio_hombre,2019,,Guayaquil,0.7617498563966845
territorio_hombre,2019,,Cuenca,0.6637543086050878
territorio_hombre,2019,,Machala,0.7234132522360099
territorio_hombre,2019,,Ambato,0.7024363465274177
territorio_hombre,2019,,Sierra,0.738770455042789
territorio_hombre,2019,,Costa,0.7762476028969207
territorio_hombre,2019,,Amazonia,0.8475072291360669
territorio_hombre,2019,,Insular,0.8483598791338122
territorio_hombre,2019,,Zona 1,0.7332817390628159
territorio_hombre,2019,,Zona 2,0.7783594923492732
territorio_hombre,2019,,Zona 3,0.8282890846853895
territorio_hombre,2019,,Zona 4,0.7760352107309103
territorio_hombre,2019,,Zona 5,0.8029791393307968
territorio_hombre,2019,,Zona 6,0.7656142169222799
territorio_hombre,2019,,Zona 7,0.7767606294734447
territorio_hombre,2019,,Zona 8,0.7653381468559042
territorio_hombre,2019,,Zona 9,0.6710026582318719
territorio_hombre,2019,,Total,0.7626692597923228
territorio_hombre,2021,,Urbano,0.7164751829357296
territorio_hombre,2021,,Rural,0.830687097840495
territorio_hombre,2021,,Quito,0.6376685702900624
territorio_hombre,2021,,Guayaquil,0.7571465592510518
territorio_hombre,2021,,Cuenca,0.6914341293172138
territorio_hombre,2021,,Machala,0.7214903673263862
territorio_hombre,2021,,Ambato,0.6998585375229887
territorio_hombre,2021,,Sierra,0.7270945075613546
territorio_hombre,2021,,Costa,0.767674788682272
territorio_hombre,2021,,Amazonia,0.8543733491835716
territorio_hombre,2021,,Insular,0.7714479908181172
territorio_hombre,2021,,Zona 1,0.725489772988909
territorio_hombre,2021,,Zona 2,0.7473435182535804
territorio_hombre,2021,,Zona 3,0.8341836416742462
territorio_hombre,2021,,Zona 4,0.777118262407925
territorio_hombre,2021,,Zona 5,0.7921074837044552
territorio_hombre,2021,,Zona 6,0.7694198098399214
territorio_hombre,2021,,Zona 7,0.7573727448769186
territorio_hombre,2021,,Zona 8,0.7550646485534294
territorio_hombre,2021,,Zona 9,0.6504561503864184
territorio_hombre,2021,,Total,0.7531259784428046
territorio_hombre,2022,,Urbano,0.719820242461244
territorio_hombre,2022,,Rural,0.8217268626367635
territorio_hombre,2022,,Quito,0.6617423475195906
territorio_hombre,2022,,Guayaquil,0.7429651019784248
territorio_hombre,2022,,Cuenca,0.6938855134746837
territorio_hombre,2022,,Machala,0.7270198250466223
territorio_hombre,2022,,Ambato,0.7322904629895022
territorio_hombre,2022,,Sierra,0.7330664240513882
territorio_hombre,2022,,Costa,0.7607912178228194
territorio_hombre,2022,,Amazonia,0.858844808672133
territorio_hombre,2022,,Insular,0.7937898247299897
territorio_hombre,2022,,Zona 1,0.7122668901372573
territorio_hombre,2022,,Zona 2,0.75139181835741
territorio_hombre,2022,,Zona 3,0.8417976553460303
territorio_hombre,2022,,Zona 4,0.7684081006369918
territorio_hombre,2022,,Zona 5,0.7911289840705829
territorio_hombre,2022,,Zona 6,0.776506420043531
territorio_hombre,2022,,Zona 7,0.7666975221639672
territorio_hombre,2022,,Zona 8,0.7408537914287615
territorio_hombre,2022,,Zona 9,0.665033975722106
territorio_hombre,2022,,Total,0.7527166747173675
territorio_hombre,2023,,Urbano,0.7172513885846863
territorio_hombre,2023,,Rural,0.8232591488816952
territorio_hombre,2023,,Quito,0.6765092021707613
territorio_hombre,2023,,Guayaquil,0.742418211504259
territorio_hombre,2023,,Cuenca,0.712608003910531
territorio_hombre,2023,,Machala,0.7357842466135324
territorio_hombre,2023,,Ambato,0.752775119583455
territorio_hombre,2023,,Sierra,0.7425055238792878
territorio_hombre,2023,,Costa,0.746042729114441
territorio_hombre,2023,,Amazonia,0.8828678519273103
territorio_hombre,2023,,Insular,0.7604540428982509
territorio_hombre,2023,,Zona 1,0.7228804415020452
territorio_hombre,2023,,Zona 2,0.8024250637050575
territorio_hombre,2023,,Zona 3,0.8631536664023849
territorio_hombre,2023,,Zona 4,0.7454561643493874
territorio_hombre,2023,,Zona 5,0.7614313829791076
territorio_hombre,2023,,Zona 6,0.7788418849615116
territorio_hombre,2023,,Zona 7,0.7589447050275512
territorio_hombre,2023,,Zona 8,0.740828743276417
territorio_hombre,2023,,Zona 9,0.6779065599993052
territorio_hombre,2023,,Total,0.7505922256378615
territorio_hombre,2024,,Urbano,0.717903418951194
territorio_hombre,2024,,Rural,0.822191902483968
territorio_hombre,2024,,Quito,0.682962140917461
territorio_hombre,2024,,Guayaquil,0.737803138968154
territorio_hombre,2024,,Cuenca,0.710004365448537
territorio_hombre,2024,,Machala,0.725637111688846
territorio_hombre,2024,,Ambato,0.74777398669752
territorio_hombre,2024,,Sierra,0.752183589335241
territorio_hombre,2024,,Costa,0.738202081919811
territorio_hombre,2024,,Amazonia,0.868819813855093
territorio_hombre,2024,,Insular,0.774907598563544
territorio_hombre,2024,,Zona 1,0.726041508117165
territorio_hombre,2024,,Zona 2,0.821358968561275
territorio_hombre,2024,,Zona 3,0.86825648528567
territorio_hombre,2024,,Zona 4,0.733795904855982
territorio_hombre,2024,,Zona 5,0.742043120949651
territorio_hombre,2024,,Zona 6,0.792326856350411
territorio_hombre,2024,,Zona 7,0.771454839422846
territorio_hombre,2024,,Zona 8,0.737518924962251
territorio_hombre,2024,,Zona 9,0.688918728479419
territorio_hombre,2024,,Total,0.750896489475581
territorio_hombre,2025,,Urbano,0.7244884089045104
territorio_hombre,2025,,Rural,0.8160070185648272
territorio_hombre,2025,,Quito,0.6764820511838425
territorio_hombre,2025,,Guayaquil,0.7277442042464985
territorio_hombre,2025,,Cuenca,0.704471809871613
territorio_hombre,2025,,Machala,0.7300091334349821
territorio_hombre,2025,,Ambato,0.752252889185794
territorio_hombre,2025,,Sierra,0.7450556085392057
territorio_hombre,2025,,Costa,0.7527505787595589
territorio_hombre,2025,,Amazonia,0.8584248192664832
territorio_hombre,2025,,Insular,0.758766753853875
territorio_hombre,2025,,Zona 1,0.7111908523147532
territorio_hombre,2025,,Zona 2,0.8366238293877082
territorio_hombre,2025,,Zona 3,0.8528007696313138
territorio_hombre,2025,,Zona 4,0.7642179704550159
territorio_hombre,2025,,Zona 5,0.7651992759370841
territorio_hombre,2025,,Zona 6,0.7675324216540858
territorio_hombre,2025,,Zona 7,0.7611344196233724
territorio_hombre,2025,,Zona 8,0.7364454931804986
territorio_hombre,2025,,Zona 9,0.6845213683474389
territorio_hombre,2025,,Total,0.7544853720566825
caracteristicas_hombre,2018,Grupos de edad,15 a 17 años,0.2553488199640262
caracteristicas_hombre,2018,Grupos de edad,18 a 29 años,0.7269763621559816
caracteristicas_hombre,2018,Grupos de edad,30 a 44 años,0.9564554541112474
caracteristicas_hombre,2018,Grupos de edad,45 a 64 años,0.9098855126132099
caracteristicas_hombre,2018,Grupos de edad,65 años y más,0.5308945425151447
caracteristicas_hombre,2018,Etnia,Indígena,0.8763916889134289
caracteristicas_hombre,2018,Etnia,Afroecuatoriano,0.7448434073934344
caracteristicas_hombre,2018,Etnia,Montubio,0.8362762383626129
caracteristicas_hombre,2018,Etnia,Mestizo,0.7525287671553351
caracteristicas_hombre,2018,Etnia,Blanco,0.769642889893624
caracteristicas_hombre,2018,Estado civil/conyugal,Casado,0.8619379511758699
caracteristicas_hombre,2018,Estado civil/conyugal,Unión libre,0.9326242123592289
caracteristicas_hombre,2018,Estado civil/conyugal,Soltero,0.5708769645303818
caracteristicas_hombre,2018,Estado civil/conyugal,Otros,0.7578720258787045
caracteristicas_hombre,2018,Nivel de instrucción,Ninguno,0.6574972454179697
caracteristicas_hombre,2018,Nivel de instrucción,Centro de Alfabetización,0.8526964820075867
caracteristicas_hombre,2018,Nivel de instrucción,Básica,0.804492716361966
caracteristicas_hombre,2018,Nivel de instrucción,Bachillerato,0.7367980224680998
caracteristicas_hombre,2018,Nivel de instrucción,Superior,0.7533995969476915
caracteristicas_hombre,2019,Grupos de edad,15 a 17 años,0.2527688277473714
caracteristicas_hombre,2019,Grupos de edad,18 a 29 años,0.7192637516846625
caracteristicas_hombre,2019,Grupos de edad,30 a 44 años,0.9533151525011474
caracteristicas_hombre,2019,Grupos de edad,45 a 64 años,0.9108283701487527
caracteristicas_hombre,2019,Grupos de edad,65 años y más,0.5276406891046118
caracteristicas_hombre,2019,Etnia,Indígena,0.8717468634407199
caracteristicas_hombre,2019,Etnia,Afroecuatoriano,0.7476574036470152
caracteristicas_hombre,2019,Etnia,Montubio,0.8127208584066848
caracteristicas_hombre,2019,Etnia,Mestizo,0.7488204672216036
caracteristicas_hombre,2019,Etnia,Blanco,0.752666039024029
caracteristicas_hombre,2019,Estado civil/conyugal,Casado,0.8561904889994516
caracteristicas_hombre,2019,Estado civil/conyugal,Unión libre,0.9310711851771665
caracteristicas_hombre,2019,Estado civil/conyugal,Soltero,0.5713383052138692
caracteristicas_hombre,2019,Estado civil/conyugal,Otros,0.7502854394453157
caracteristicas_hombre,2019,Nivel de instrucción,Ninguno,0.6459488005696208
caracteristicas_hombre,2019,Nivel de instrucción,Centro de Alfabetización,0.865691980735344
caracteristicas_hombre,2019,Nivel de instrucción,Básica,0.8002416998125959
caracteristicas_hombre,2019,Nivel de instrucción,Bachillerato,0.7361774281684802
caracteristicas_hombre,2019,Nivel de instrucción,Superior,0.7479983513179017
caracteristicas_hombre,2021,Grupos de edad,15 a 17 años,0.2568485415435658
caracteristicas_hombre,2021,Grupos de edad,18 a 29 años,0.7234466899416082
caracteristicas_hombre,2021,Grupos de edad,30 a 44 años,0.9400584793200027
caracteristicas_hombre,2021,Grupos de edad,45 a 64 años,0.8929145491501946
caracteristicas_hombre,2021,Grupos de edad,65 años y más,0.4814738479952367
caracteristicas_hombre,2021,Etnia,Indígena,0.8572390974837322
caracteristicas_hombre,2021,Etnia,Afroecuatoriano,0.7199780806332826
caracteristicas_hombre,2021,Etnia,Montubio,0.8272339673699937
caracteristicas_hombre,2021,Etnia,Mestizo,0.7406700125466948
caracteristicas_hombre,2021,Etnia,Blanco,0.7083139787832164
caracteristicas_hombre,2021,Estado civil/conyugal,Casado,0.832531113557446
caracteristicas_hombre,2021,Estado civil/conyugal,Unión libre,0.9265212440088435
caracteristicas_hombre,2021,Estado civil/conyugal,Soltero,0.575044155444467
caracteristicas_hombre,2021,Estado civil/conyugal,Otros,0.7391808797913436
caracteristicas_hombre,2021,Nivel de instrucción,Ninguno,0.5630932116898647
caracteristicas_hombre,2021,Nivel de instrucción,Centro de Alfabetización,0.8198748260755304
caracteristicas_hombre,2021,Nivel de instrucción,Básica,0.7829224605834819
caracteristicas_hombre,2021,Nivel de instrucción,Bachillerato,0.7440669366238857
caracteristicas_hombre,2021,Nivel de instrucción,Superior,0.7375272271821439
caracteristicas_hombre,2022,Grupos de edad,15 a 17 años,0.2082995964787395
caracteristicas_hombre,2022,Grupos de edad,18 a 29 años,0.7247101877013231
caracteristicas_hombre,2022,Grupos de edad,30 a 44 años,0.943723048314269
caracteristicas_hombre,2022,Grupos de edad,45 a 64 años,0.8997000073084649
caracteristicas_hombre,2022,Grupos de edad,65 años y más,0.4883313300764541
caracteristicas_hombre,2022,Etnia,Indígena,0.8709227948263535
caracteristicas_hombre,2022,Etnia,Afroecuatoriano,0.6922279191078808
caracteristicas_hombre,2022,Etnia,Montubio,0.8007682716188077
caracteristicas_hombre,2022,Etnia,Mestizo,0.7417531422432762
caracteristicas_hombre,2022,Etnia,Blanco,0.7360380629754474
caracteristicas_hombre,2022,Estado civil/conyugal,Casado,0.8405668556325744
caracteristicas_hombre,2022,Estado civil/conyugal,Unión libre,0.9264305053421371
caracteristicas_hombre,2022,Estado civil/conyugal,Soltero,0.5731232371357923
caracteristicas_hombre,2022,Estado civil/conyugal,Otros,0.7361751748238119
caracteristicas_hombre,2022,Nivel de instrucción,Ninguno,0.5620423401928945
caracteristicas_hombre,2022,Nivel de instrucción,Centro de Alfabetización,0.8076180460868311
caracteristicas_hombre,2022,Nivel de instrucción,Básica,0.7724352216315231
caracteristicas_hombre,2022,Nivel de instrucción,Bachillerato,0.7470728748551746
caracteristicas_hombre,2022,Nivel de instrucción,Superior,0.7540540843284191
caracteristicas_hombre,2023,Grupos de edad,15 a 17 años,0.202740419399259
caracteristicas_hombre,2023,Grupos de edad,18 a 29 años,0.7266197715530128
caracteristicas_hombre,2023,Grupos de edad,30 a 44 años,0.9513283704954868
caracteristicas_hombre,2023,Grupos de edad,45 a 64 años,0.903989709679303
caracteristicas_hombre,2023,Grupos de edad,65 años y más,0.4664958112708036
caracteristicas_hombre,2023,Etnia,Indígena,0.8669947329136912
caracteristicas_hombre,2023,Etnia,Afroecuatoriano,0.6948355330190416
caracteristicas_hombre,2023,Etnia,Montubio,0.776830833247955
caracteristicas_hombre,2023,Etnia,Mestizo,0.7386622811221181
caracteristicas_hombre,2023,Etnia,Blanco,0.7166209520923263
caracteristicas_hombre,2023,Estado civil/conyugal,Casado,0.8337716605519734
caracteristicas_hombre,2023,Estado civil/conyugal,Unión libre,0.9282907550917165
caracteristicas_hombre,2023,Estado civil/conyugal,Soltero,0.5819719870359837
caracteristicas_hombre,2023,Estado civil/conyugal,Otros,0.7238952981798741
caracteristicas_hombre,2023,Nivel de instrucción,Ninguno,0.5575150681406577
caracteristicas_hombre,2023,Nivel de instrucción,Centro de Alfabetización,0.8640566494044872
caracteristicas_hombre,2023,Nivel de instrucción,Básica,0.7682558914965062
caracteristicas_hombre,2023,Nivel de instrucción,Bachillerato,0.7530538690059109
caracteristicas_hombre,2023,Nivel de instrucción,Superior,0.7412231746423698
caracteristicas_hombre,2024,Grupos de edad,15 a 17 años,0.207820113878673
caracteristicas_hombre,2024,Grupos de edad,18 a 29 años,0.723361210941297
caracteristicas_hombre,2024,Grupos de edad,30 a 44 años,0.953968158963821
caracteristicas_hombre,2024,Grupos de edad,45 a 64 años,0.899313165979315
caracteristicas_hombre,2024,Grupos de edad,65 años y más,0.474509419997227
caracteristicas_hombre,2024,Etnia,Indígena,0.865259111575473
caracteristicas_hombre,2024,Etnia,Afroecuatoriano,0.691993859305547
caracteristicas_hombre,2024,Etnia,Montubio,0.765658451896685
caracteristicas_hombre,2024,Etnia,Mestizo,0.738823176253002
caracteristicas_hombre,2024,Etnia,Blanco,0.6969988378354
caracteristicas_hombre,2024,Estado civil/conyugal,Casado,0.827746236794867
caracteristicas_hombre,2024,Estado civil/conyugal,Unión libre,0.929515384596044
caracteristicas_hombre,2024,Estado civil/conyugal,Soltero,0.583332646346671
caracteristicas_hombre,2024,Estado civil/conyugal,Otros,0.719951890256529
caracteristicas_hombre,2024,Nivel de instrucción,Ninguno,0.535793575078791
caracteristicas_hombre,2024,Nivel de instrucción,Centro de Alfabetización,0.940292764615781
caracteristicas_hombre,2024,Nivel de instrucción,Básica,0.766712084993611
caracteristicas_hombre,2024,Nivel de instrucción,Bachillerato,0.751381924766708
caracteristicas_hombre,2024,Nivel de instrucción,Superior,0.757084687461227
caracteristicas_hombre,2025,Grupos de edad,15 a 17 años,0.201323867684219
caracteristicas_hombre,2025,Grupos de edad,18 a 29 años,0.736073231184916
caracteristicas_hombre,2025,Grupos de edad,30 a 44 años,0.9525833475704749
caracteristicas_hombre,2025,Grupos de edad,45 a 64 años,0.9142654526483733
caracteristicas_hombre,2025,Grupos de edad,65 años y más,0.4872300896688245
caracteristicas_hombre,2025,Etnia,Indígena,0.8500110244621503
caracteristicas_hombre,2025,Etnia,Afroecuatoriano,0.6905774320679025
caracteristicas_hombre,2025,Etnia,Montubio,0.789313337731557
caracteristicas_hombre,2025,Etnia,Mestizo,0.7441075430499291
caracteristicas_hombre,2025,Etnia,Blanco,0.6912275344447691
caracteristicas_hombre,2025,Estado civil/conyugal,Casado,0.8330596076948075
caracteristicas_hombre,2025,Estado civil/conyugal,Unión libre,0.9378216454222482
caracteristicas_hombre,2025,Estado civil/conyugal,Soltero,0.5778866242969334
caracteristicas_hombre,2025,Estado civil/conyugal,Otros,0.7277651635136695
caracteristicas_hombre,2025,Nivel de instrucción,Ninguno,0.5458088568566529
caracteristicas_hombre,2025,Nivel de instrucción,Centro de Alfabetización,0.9077769531156614
caracteristicas_hombre,2025,Nivel de instrucción,Básica,0.7751533288868577
caracteristicas_hombre,2025,Nivel de instrucción,Bachillerato,0.7529108384273806
caracteristicas_hombre,2025,Nivel de instrucción,Superior,0.7542047292509578
territorio_mujer,2018,,Urbano,0.4899915682760601
territorio_mujer,2018,,Rural,0.6140844158554233
territorio_mujer,2018,,Quito,0.4859485755558269
territorio_mujer,2018,,Guayaquil,0.4996547294569912
territorio_mujer,2018,,Cuenca,0.5263359425984757
territorio_mujer,2018,,Machala,0.4620333099239264
territorio_mujer,2018,,Ambato,0.5730184067847943
territorio_mujer,2018,,Sierra,0.5818242759969586
territorio_mujer,2018,,Costa,0.459503695151723
territorio_mujer,2018,,Amazonia,0.6632031818185868
territorio_mujer,2018,,Insular,0.6826508579854861
territorio_mujer,2018,,Zona 1,0.4647404002512922
territorio_mujer,2018,,Zona 2,0.6093810121683264
territorio_mujer,2018,,Zona 3,0.7418100094633606
territorio_mujer,2018,,Zona 4,0.4701174227598435
territorio_mujer,2018,,Zona 5,0.4497463785015159
territorio_mujer,2018,,Zona 6,0.644053258837489
territorio_mujer,2018,,Zona 7,0.5404079362664832
territorio_mujer,2018,,Zona 8,0.4944044066428928
territorio_mujer,2018,,Zona 9,0.4891692625319476
territorio_mujer,2018,,Total,0.527152676692418
territorio_mujer,2019,,Urbano,0.4932641017805481
territorio_mujer,2019,,Rural,0.6328738187182834
territorio_mujer,2019,,Quito,0.4985611822455105
territorio_mujer,2019,,Guayaquil,0.4892218996143555
territorio_mujer,2019,,Cuenca,0.5127728023123732
territorio_mujer,2019,,Machala,0.4508104544275821
territorio_mujer,2019,,Ambato,0.5820022790181598
territorio_mujer,2019,,Sierra,0.5947393791317637
territorio_mujer,2019,,Costa,0.4607031417375541
territorio_mujer,2019,,Amazonia,0.697952425394136
territorio_mujer,2019,,Insular,0.6531381141831436
territorio_mujer,2019,,Zona 1,0.474100525461887
territorio_mujer,2019,,Zona 2,0.6076314489581947
territorio_mujer,2019,,Zona 3,0.7549763378737745
territorio_mujer,2019,,Zona 4,0.4804870232385233
territorio_mujer,2019,,Zona 5,0.4472097827375086
territorio_mujer,2019,,Zona 6,0.649460798207669
territorio_mujer,2019,,Zona 7,0.5697025628341529
territorio_mujer,2019,,Zona 8,0.4872342066337779
territorio_mujer,2019,,Zona 9,0.510204243870099
territorio_mujer,2019,,Total,0.5352332241488537
territorio_mujer,2021,,Urbano,0.4654623591076825
territorio_mujer,2021,,Rural,0.6056581079187205
territorio_mujer,2021,,Quito,0.4811252988393774
territorio_mujer,2021,,Guayaquil,0.4592158345210389
territorio_mujer,2021,,Cuenca,0.5257913503198465
territorio_mujer,2021,,Machala,0.4583103652764992
territorio_mujer,2021,,Ambato,0.5836132905976281
territorio_mujer,2021,,Sierra,0.5680492329730261
territorio_mujer,2021,,Costa,0.4302713802657162
territorio_mujer,2021,,Amazonia,0.6909215715763664
territorio_mujer,2021,,Insular,0.5757273948551428
territorio_mujer,2021,,Zona 1,0.4346532078138363
territorio_mujer,2021,,Zona 2,0.6114925684833421
territorio_mujer,2021,,Zona 3,0.7405571892248708
territorio_mujer,2021,,Zona 4,0.437934339460731
territorio_mujer,2021,,Zona 5,0.4210233883063486
territorio_mujer,2021,,Zona 6,0.6317238289638729
territorio_mujer,2021,,Zona 7,0.5404412752399204
territorio_mujer,2021,,Zona 8,0.4575461725765457
territorio_mujer,2021,,Zona 9,0.4827900563452447
territorio_mujer,2021,,Total,0.5080145701020802
territorio_mujer,2022,,Urbano,0.4849312787999055
territorio_mujer,2022,,Rural,0.5982375855450209
territorio_mujer,2022,,Quito,0.5043533475496961
territorio_mujer,2022,,Guayaquil,0.4745745431732385
territorio_mujer,2022,,Cuenca,0.5536013380371669
territorio_mujer,2022,,Machala,0.4827582467140865
territorio_mujer,2022,,Ambato,0.6122414348358368
territorio_mujer,2022,,Sierra,0.5870352336299072
territorio_mujer,2022,,Costa,0.4327941081931534
territorio_mujer,2022,,Amazonia,0.7455450685377377
territorio_mujer,2022,,Insular,0.5583857309265066
territorio_mujer,2022,,Zona 1,0.4362076382515502
territorio_mujer,2022,,Zona 2,0.6267046040583474
territorio_mujer,2022,,Zona 3,0.777266264605825
territorio_mujer,2022,,Zona 4,0.4133703731310718
territorio_mujer,2022,,Zona 5,0.4161324633451726
territorio_mujer,2022,,Zona 6,0.6681355246001516
territorio_mujer,2022,,Zona 7,0.5744220568338483
territorio_mujer,2022,,Zona 8,0.4739526595149392
territorio_mujer,2022,,Zona 9,0.5020163999501257
territorio_mujer,2022,,Total,0.5192981414355016
territorio_mujer,2023,,Urbano,0.4677233665557713
territorio_mujer,2023,,Rural,0.5955611269710386
territorio_mujer,2023,,Quito,0.5025394859931919
territorio_mujer,2023,,Guayaquil,0.4408038912940679
territorio_mujer,2023,,Cuenca,0.5696125812958824
territorio_mujer,2023,,Machala,0.4811577460293164
territorio_mujer,2023,,Ambato,0.6390407519156762
territorio_mujer,2023,,Sierra,0.6004278057285891
territorio_mujer,2023,,Costa,0.3938765280551725
territorio_mujer,2023,,Amazonia,0.7623632207382328
territorio_mujer,2023,,Insular,0.5761059090113928
territorio_mujer,2023,,Zona 1,0.4607688482935333
territorio_mujer,2023,,Zona 2,0.6515226403200388
territorio_mujer,2023,,Zona 3,0.8170487204663626
territorio_mujer,2023,,Zona 4,0.3976789281891084
territorio_mujer,2023,,Zona 5,0.3597122034727617
territorio_mujer,2023,,Zona 6,0.6754483567674465
territorio_mujer,2023,,Zona 7,0.551151290035094
territorio_mujer,2023,,Zona 8,0.4344187684955957
territorio_mujer,2023,,Zona 9,0.5055627371255451
territorio_mujer,2023,,Total,0.5063946505137512
territorio_mujer,2024,,Urbano,0.457821535856181
territorio_mujer,2024,,Rural,0.594820882453041
territorio_mujer,2024,,Quito,0.510660422906811
territorio_mujer,2024,,Guayaquil,0.419861351005704
territorio_mujer,2024,,Cuenca,0.544313432263416
territorio_mujer,2024,,Machala,0.469583676023373
territorio_mujer,2024,,Ambato,0.629406255603847
territorio_mujer,2024,,Sierra,0.604254092961013
territorio_mujer,2024,,Costa,0.379361103322731
territorio_mujer,2024,,Amazonia,0.722617377173031
territorio_mujer,2024,,Insular,0.546619460966718
territorio_mujer,2024,,Zona 1,0.459245512279037
territorio_mujer,2024,,Zona 2,0.6691300040673
territorio_mujer,2024,,Zona 3,0.81762424568195
territorio_mujer,2024,,Zona 4,0.359562501997162
territorio_mujer,2024,,Zona 5,0.342822674293735
territorio_mujer,2024,,Zona 6,0.685960057700301
territorio_mujer,2024,,Zona 7,0.553670799111572
territorio_mujer,2024,,Zona 8,0.415481516955309
territorio_mujer,2024,,Zona 9,0.522262175220158
territorio_mujer,2024,,Total,0.498939211911471
territorio_mujer,2025,,Urbano,0.4608358497919178
territorio_mujer,2025,,Rural,0.579594763860564
territorio_mujer,2025,,Quito,0.5145927654069322
territorio_mujer,2025,,Guayaquil,0.42351742711327417
territorio_mujer,2025,,Cuenca,0.5493951780505492
territorio_mujer,2025,,Machala,0.490864759338505
territorio_mujer,2025,,Ambato,0.6041447122856852
territorio_mujer,2025,,Sierra,0.589450796898114
territorio_mujer,2025,,Costa,0.38587543587510303
territorio_mujer,2025,,Amazonia,0.7276794012988127
territorio_mujer,2025,,Insular,0.48457791627979335
territorio_mujer,2025,,Zona 1,0.447860809798225
territorio_mujer,2025,,Zona 2,0.6688229658263849
territorio_mujer,2025,,Zona 3,0.7864144983207303
territorio_mujer,2025,,Zona 4,0.37692726989088715
territorio_mujer,2025,,Zona 5,0.34068147419372374
territorio_mujer,2025,,Zona 6,0.6442372523586241
territorio_mujer,2025,,Zona 7,0.539191328064371
territorio_mujer,2025,,Zona 8,0.42480159137290907
territorio_mujer,2025,,Zona 9,0.5203467631094889
territorio_mujer,2025,,Total,0.497310069884122
caracteristicas_mujer,2018,Grupos de edad,15 a 17 años,0.1562168515534792
caracteristicas_mujer,2018,Grupos de edad,18 a 29 años,0.4638139495724668
caracteristicas_mujer,2018,Grupos de edad,30 a 44 años,0.6907738235956323
caracteristicas_mujer,2018,Grupos de edad,45 a 64 años,0.6371092655546602
caracteristicas_mujer,2018,Grupos de edad,65 años y más,0.3077520135436186
caracteristicas_mujer,2018,Etnia,Indígena,0.7814759392124423
caracteristicas_mujer,2018,Etnia,Afroecuatoriano,0.4772674556419013
caracteristicas_mujer,2018,Etnia,Montubio,0.4324869380650677
caracteristicas_mujer,2018,Etnia,Mestizo,0.5116191183044516
caracteristicas_mujer,2018,Etnia,Blanco,0.5113088278066255
caracteristicas_mujer,2018,Estado civil/conyugal,Casado,0.5956030592230942
caracteristicas_mujer,2018,Estado civil/conyugal,Unión libre,0.4888475052981583
caracteristicas_mujer,2018,Estado civil/conyugal,Soltero,0.4354233653852795
caracteristicas_mujer,2018,Estado civil/conyugal,Otros,0.5900449501054673
caracteristicas_mujer,2018,Nivel de instrucción,Ninguno,0.4612254373786999
caracteristicas_mujer,2018,Nivel de instrucción,Centro de Alfabetización,0.7378210516734899
caracteristicas_mujer,2018,Nivel de instrucción,Básica,0.5297626259685944
caracteristicas_mujer,2018,Nivel de instrucción,Bachillerato,0.4657187426568287
caracteristicas_mujer,2018,Nivel de instrucción,Superior,0.6360443814928013
caracteristicas_mujer,2019,Grupos de edad,15 a 17 años,0.1674023394263282
caracteristicas_mujer,2019,Grupos de edad,18 a 29 años,0.4650905338911034
caracteristicas_mujer,2019,Grupos de edad,30 a 44 años,0.696067508908293
caracteristicas_mujer,2019,Grupos de edad,45 a 64 años,0.6483060611966203
caracteristicas_mujer,2019,Grupos de edad,65 años y más,0.3215186366132972
caracteristicas_mujer,2019,Etnia,Indígena,0.7799881136321251
caracteristicas_mujer,2019,Etnia,Afroecuatoriano,0.4888004571067238
caracteristicas_mujer,2019,Etnia,Montubio,0.4592749334958679
caracteristicas_mujer,2019,Etnia,Mestizo,0.517547930121667
caracteristicas_mujer,2019,Etnia,Blanco,0.5116022189536892
caracteristicas_mujer,2019,Estado civil/conyugal,Casado,0.6041860948443328
caracteristicas_mujer,2019,Estado civil/conyugal,Unión libre,0.5040323715516257
caracteristicas_mujer,2019,Estado civil/conyugal,Soltero,0.4441727505423375
caracteristicas_mujer,2019,Estado civil/conyugal,Otros,0.5891990836003098
caracteristicas_mujer,2019,Nivel de instrucción,Ninguno,0.4745282572623747
caracteristicas_mujer,2019,Nivel de instrucción,Centro de Alfabetización,0.7610793448790297
caracteristicas_mujer,2019,Nivel de instrucción,Básica,0.5412460493759124
caracteristicas_mujer,2019,Nivel de instrucción,Bachillerato,0.4746798137678353
caracteristicas_mujer,2019,Nivel de instrucción,Superior,0.6365564961108561
caracteristicas_mujer,2021,Grupos de edad,15 a 17 años,0.161080483732295
caracteristicas_mujer,2021,Grupos de edad,18 a 29 años,0.4336039589677904
caracteristicas_mujer,2021,Grupos de edad,30 a 44 años,0.6727294294815336
caracteristicas_mujer,2021,Grupos de edad,45 a 64 años,0.6147282575257506
caracteristicas_mujer,2021,Grupos de edad,65 años y más,0.2903743731300357
caracteristicas_mujer,2021,Etnia,Indígena,0.7404159044265605
caracteristicas_mujer,2021,Etnia,Afroecuatoriano,0.4450460306167944
caracteristicas_mujer,2021,Etnia,Montubio,0.4121317702204824
caracteristicas_mujer,2021,Etnia,Mestizo,0.4956694605189112
caracteristicas_mujer,2021,Etnia,Blanco,0.4251551227759515
caracteristicas_mujer,2021,Estado civil/conyugal,Casado,0.57621577609879
caracteristicas_mujer,2021,Estado civil/conyugal,Unión libre,0.4780554651733665
caracteristicas_mujer,2021,Estado civil/conyugal,Soltero,0.4316685525131773
caracteristicas_mujer,2021,Estado civil/conyugal,Otros,0.5461805269552417
caracteristicas_mujer,2021,Nivel de instrucción,Ninguno,0.3958343837437744
caracteristicas_mujer,2021,Nivel de instrucción,Centro de Alfabetización,0.7728889219086192
caracteristicas_mujer,2021,Nivel de instrucción,Básica,0.5075963478524014
caracteristicas_mujer,2021,Nivel de instrucción,Bachillerato,0.4548517360322564
caracteristicas_mujer,2021,Nivel de instrucción,Superior,0.6192754477762522
caracteristicas_mujer,2022,Grupos de edad,15 a 17 años,0.1575960371617031
caracteristicas_mujer,2022,Grupos de edad,18 a 29 años,0.4557835951779634
caracteristicas_mujer,2022,Grupos de edad,30 a 44 años,0.6711199027669122
caracteristicas_mujer,2022,Grupos de edad,45 a 64 años,0.6310695543623664
caracteristicas_mujer,2022,Grupos de edad,65 años y más,0.2999406066993814
caracteristicas_mujer,2022,Etnia,Indígena,0.7629246371445466
caracteristicas_mujer,2022,Etnia,Afroecuatoriano,0.446413063774789
caracteristicas_mujer,2022,Etnia,Montubio,0.3991630320708728
caracteristicas_mujer,2022,Etnia,Mestizo,0.5063461819078684
caracteristicas_mujer,2022,Etnia,Blanco,0.4656859691023778
caracteristicas_mujer,2022,Estado civil/conyugal,Casado,0.5800400476279065
caracteristicas_mujer,2022,Estado civil/conyugal,Unión libre,0.4827046102194351
caracteristicas_mujer,2022,Estado civil/conyugal,Soltero,0.4491151817228973
caracteristicas_mujer,2022,Estado civil/conyugal,Otros,0.562454806379203
caracteristicas_mujer,2022,Nivel de instrucción,Ninguno,0.4196824385659853
caracteristicas_mujer,2022,Nivel de instrucción,Centro de Alfabetización,0.7707343827486927
caracteristicas_mujer,2022,Nivel de instrucción,Básica,0.5034627062464084
caracteristicas_mujer,2022,Nivel de instrucción,Bachillerato,0.4822995696004346
caracteristicas_mujer,2022,Nivel de instrucción,Superior,0.6363344146812409
caracteristicas_mujer,2023,Grupos de edad,15 a 17 años,0.149090319866323
caracteristicas_mujer,2023,Grupos de edad,18 a 29 años,0.4498804141609669
caracteristicas_mujer,2023,Grupos de edad,30 a 44 años,0.6645428497602198
caracteristicas_mujer,2023,Grupos de edad,45 a 64 años,0.6032431073410413
caracteristicas_mujer,2023,Grupos de edad,65 años y más,0.2922321956643372
caracteristicas_mujer,2023,Etnia,Indígena,0.7941875164277499
caracteristicas_mujer,2023,Etnia,Afroecuatoriano,0.4460228683089084
caracteristicas_mujer,2023,Etnia,Montubio,0.3854724707093899
caracteristicas_mujer,2023,Etnia,Mestizo,0.4817643143473289
caracteristicas_mujer,2023,Etnia,Blanco,0.5129849980199713
caracteristicas_mujer,2023,Estado civil/conyugal,Casado,0.564740381268998
caracteristicas_mujer,2023,Estado civil/conyugal,Unión libre,0.4588898918788143
caracteristicas_mujer,2023,Estado civil/conyugal,Soltero,0.4496590078032748
caracteristicas_mujer,2023,Estado civil/conyugal,Otros,0.5468034705150451
caracteristicas_mujer,2023,Nivel de instrucción,Ninguno,0.4508435585922422
caracteristicas_mujer,2023,Nivel de instrucción,Centro de Alfabetización,0.8249336694210697
caracteristicas_mujer,2023,Nivel de instrucción,Básica,0.4943004994793335
caracteristicas_mujer,2023,Nivel de instrucción,Bachillerato,0.4549142098799872
caracteristicas_mujer,2023,Nivel de instrucción,Superior,0.6272715899638583
caracteristicas_mujer,2024,Grupos de edad,15 a 17 años,0.142541258264869
caracteristicas_mujer,2024,Grupos de edad,18 a 29 años,0.423758568224131
caracteristicas_mujer,2024,Grupos de edad,30 a 44 años,0.655045001492095
caracteristicas_mujer,2024,Grupos de edad,45 a 64 años,0.60873471076016
caracteristicas_mujer,2024,Grupos de edad,65 años y más,0.282036362638108
caracteristicas_mujer,2024,Etnia,Indígena,0.773441458192153
caracteristicas_mujer,2024,Etnia,Afroecuatoriano,0.449307556213832
caracteristicas_mujer,2024,Etnia,Montubio,0.347451124364907
caracteristicas_mujer,2024,Etnia,Mestizo,0.473607512166051
caracteristicas_mujer,2024,Etnia,Blanco,0.461753405911576
caracteristicas_mujer,2024,Estado civil/conyugal,Casado,0.560166666009521
caracteristicas_mujer,2024,Estado civil/conyugal,Unión libre,0.438562893167749
caracteristicas_mujer,2024,Estado civil/conyugal,Soltero,0.450249305236318
caracteristicas_mujer,2024,Estado civil/conyugal,Otros,0.542949649432716
caracteristicas_mujer,2024,Nivel de instrucción,Ninguno,0.451895036498632
caracteristicas_mujer,2024,Nivel de instrucción,Centro de Alfabetización,0.868977290225852
caracteristicas_mujer,2024,Nivel de instrucción,Básica,0.482738543752696
caracteristicas_mujer,2024,Nivel de instrucción,Bachillerato,0.45221284178294
caracteristicas_mujer,2024,Nivel de instrucción,Superior,0.617666209669585
caracteristicas_mujer,2025,Grupos de edad,15 a 17 años,0.11499104051198136
caracteristicas_mujer,2025,Grupos de edad,18 a 29 años,0.43653953576074656
caracteristicas_mujer,2025,Grupos de edad,30 a 44 años,0.6533468245363978
caracteristicas_mujer,2025,Grupos de edad,45 a 64 años,0.5984795727572901
caracteristicas_mujer,2025,Grupos de edad,65 años y más,0.28879302212401664
caracteristicas_mujer,2025,Etnia,Indígena,0.7418838037211778
caracteristicas_mujer,2025,Etnia,Afroecuatoriano,0.4363399377544448
caracteristicas_mujer,2025,Etnia,Montubio,0.33223698090720044
caracteristicas_mujer,2025,Etnia,Mestizo,0.4779603718217771
caracteristicas_mujer,2025,Etnia,Blanco,0.45279300910056036
caracteristicas_mujer,2025,Estado civil/conyugal,Casado,0.5460709500244401
caracteristicas_mujer,2025,Estado civil/conyugal,Unión libre,0.44035044478854746
caracteristicas_mujer,2025,Estado civil/conyugal,Soltero,0.4505658756299816
caracteristicas_mujer,2025,Estado civil/conyugal,Otros,0.5548452569299467
caracteristicas_mujer,2025,Nivel de instrucción,Ninguno,0.38897103155262724
caracteristicas_mujer,2025,Nivel de instrucción,Centro de Alfabetización,0.8747120524287659
caracteristicas_mujer,2025,Nivel de instrucción,Básica,0.4742592403536547
caracteristicas_mujer,2025,Nivel de instrucción,Bachillerato,0.45874853883818223
caracteristicas_mujer,2025,Nivel de instrucción,Superior,0.6271683123902777
estimadores,2018,Total,valor,0.6426881533014718
estimadores,2018,Total,error,0.001451233500867641
estimadores,2018,Total,li,0.6398435148225089
estimadores,2018,Total,ls,0.6455327917804347
estimadores,2018,Total,cv,0.225806791896302
estimadores,2018,Urbano,valor,0.6050819643316679
estimadores,2018,Urbano,error,0.001523688386035795
estimadores,2018,Urbano,li,0.6020953032531613
estimadores,2018,Urbano,ls,0.6080686254101746
estimadores,2018,Urbano,cv,0.2518152045266722
estimadores,2018,Rural,valor,0.727309058771358
estimadores,2018,Rural,error,0.002845523570205079
estimadores,2018,Rural,li,0.7217313996036487
estimadores,2018,Rural,ls,0.7328867179390672
estimadores,2018,Rural,cv,0.3912399461945403
estimadores,2018,Quito,valor,0.5664433947464679
estimadores,2018,Quito,error,0.003443945205222278
estimadores,2018,Quito,li,0.5596917544076416
estimadores,2018,Quito,ls,0.5731950350852941
estimadores,2018,Quito,cv,0.6079945917215152
estimadores,2018,Guayaquil,valor,0.6252038084062341
estimadores,2018,Guayaquil,error,0.002774896664250477
estimadores,2018,Guayaquil,li,0.6197637961127694
estimadores,2018,Guayaquil,ls,0.6306438206996988
estimadores,2018,Guayaquil,cv,0.4438387333762773
estimadores,2018,Cuenca,valor,0.5932095488405043
estimadores,2018,Cuenca,error,0.004219070924900196
estimadores,2018,Cuenca,li,0.5849383227461604
estimadores,2018,Cuenca,ls,0.6014807749348481
estimadores,2018,Cuenca,cv,0.7112277496454417
estimadores,2018,Machala,valor,0.597182047029264
estimadores,2018,Machala,error,0.004101182918115577
estimadores,2018,Machala,li,0.589141933038813
estimadores,2018,Machala,ls,0.605222161019715
estimadores,2018,Machala,cv,0.6867558960483292
estimadores,2018,Ambato,valor,0.6343899353719543
estimadores,2018,Ambato,error,0.003627259239436595
estimadores,2018,Ambato,li,0.6272789192723879
estimadores,2018,Ambato,ls,0.6415009514715208
estimadores,2018,Ambato,cv,0.5717712462304224
estimadores,2018,Azuay,valor,0.6804390737725708
estimadores,2018,Azuay,error,0.0050246763190247
estimadores,2018,Azuay,li,0.6705899436409375
estimadores,2018,Azuay,ls,0.6902882039042042
estimadores,2018,Azuay,cv,0.7384461758150213
estimadores,2018,Bolívar,valor,0.735265897713389
estimadores,2018,Bolívar,error,0.01177422953025178
estimadores,2018,Bolívar,li,0.7121866162870226
estimadores,2018,Bolívar,ls,0.7583451791397554
estimadores,2018,Bolívar,cv,1.601356674757878
estimadores,2018,Cañar,valor,0.687433626241527
estimadores,2018,Cañar,error,0.01127798364911136
estimadores,2018,Cañar,li,0.6653270622501392
estimadores,2018,Cañar,ls,0.7095401902329149
estimadores,2018,Cañar,cv,1.640592374099094
estimadores,2018,Carchi,valor,0.6041214603529097
estimadores,2018,Carchi,error,0.009000808980749207
estimadores,2018,Carchi,li,0.5864785052026006
estimadores,2018,Carchi,ls,0.6217644155032188
estimadores,2018,Carchi,cv,1.489900553357466
estimadores,2018,Cotopaxi,valor,0.8067149907183624
estimadores,2018,Cotopaxi,error,0.00736102812277232
estimadores,2018,Cotopaxi,li,0.7922862555560009
estimadores,2018,Cotopaxi,ls,0.8211437258807239
estimadores,2018,Cotopaxi,cv,0.9124694851917258
estimadores,2018,Chimborazo,valor,0.790035837332245
estimadores,2018,Chimborazo,error,0.00942727766187785
estimadores,2018,Chimborazo,li,0.7715569386761626
estimadores,2018,Chimborazo,ls,0.8085147359883275
estimadores,2018,Chimborazo,cv,1.193272155059627
estimadores,2018,El Oro,valor,0.6186066320762005
estimadores,2018,El Oro,error,0.004682346618036137
estimadores,2018,El Oro,li,0.6094285202468195
estimadores,2018,El Oro,ls,0.6277847439055815
estimadores,2018,El Oro,cv,0.7569182700678454
estimadores,2018,Esmeraldas,valor,0.5651970440318397
estimadores,2018,Esmeraldas,error,0.007537553330575303
estimadores,2018,Esmeraldas,li,0.5504222926024038
estimadores,2018,Esmeraldas,ls,0.5799717954612755
estimadores,2018,Esmeraldas,cv,1.333615136555931
estimadores,2018,Guayas,valor,0.6235894943875536
estimadores,2018,Guayas,error,0.002651564630153285
estimadores,2018,Guayas,li,0.6183920242548138
estimadores,2018,Guayas,ls,0.6287869645202935
estimadores,2018,Guayas,cv,0.4252099584771658
estimadores,2018,Imbabura,valor,0.630349852876423
estimadores,2018,Imbabura,error,0.008274592333015598
estimadores,2018,Imbabura,li,0.6141303928555822
estimadores,2018,Imbabura,ls,0.6465693128972637
estimadores,2018,Imbabura,cv,1.312698384120634
estimadores,2018,Loja,valor,0.6898321739677649
estimadores,2018,Loja,error,0.00821588483443085
estimadores,2018,Loja,li,0.6737277895769851
estimadores,2018,Loja,ls,0.7059365583585446
estimadores,2018,Loja,cv,1.190997628767424
estimadores,2018,Los Ríos,valor,0.6309284132346239
estimadores,2018,Los Ríos,error,0.005556801565209521
estimadores,2018,Los Ríos,li,0.6200362366531809
estimadores,2018,Los Ríos,ls,0.6418205898160669
estimadores,2018,Los Ríos,cv,0.8807340814976276
estimadores,2018,Manabí,valor,0.6238445068921884
estimadores,2018,Manabí,error,0.004956492001373473
estimadores,2018,Manabí,li,0.6141290283979632
estimadores,2018,Manabí,ls,0.6335599853864136
estimadores,2018,Manabí,cv,0.7945075971038477
estimadores,2018,Morona Santiago,valor,0.8267115652483935
estimadores,2018,Morona Santiago,error,0.01075303806315393
estimadores,2018,Morona Santiago,li,0.8056339744803246
estimadores,2018,Morona Santiago,ls,0.8477891560164624
estimadores,2018,Morona Santiago,cv,1.300700088781639
estimadores,2018,Napo,valor,0.805729700699588
estimadores,2018,Napo,error,0.01236616830572138
estimadores,2018,Napo,li,0.7814901292048871
estimadores,2018,Napo,ls,0.829969272194289
estimadores,2018,Napo,cv,1.534778759549791
estimadores,2018,Pastaza,valor,0.7960997282781473
estimadores,2018,Pastaza,error,0.01931860500143285
estimadores,2018,Pastaza,li,0.7582323229887123
estimadores,2018,Pastaza,ls,0.8339671335675823
estimadores,2018,Pastaza,cv,2.426656399345381
estimadores,2018,Pichincha,valor,0.581121856522418
estimadores,2018,Pichincha,error,0.003046489481642601
estimadores,2018,Pichincha,li,0.5751502735896542
estimadores,2018,Pichincha,ls,0.5870934394551818
estimadores,2018,Pichincha,cv,0.5242427982099269
estimadores,2018,Tungurahua,valor,0.7498604866965001
estimadores,2018,Tungurahua,error,0.005351792693960622
estimadores,2018,Tungurahua,li,0.7393701586965118
estimadores,2018,Tungurahua,ls,0.7603508146964884
estimadores,2018,Tungurahua,cv,0.7137051210069583
estimadores,2018,Zamora Chinchipe,valor,0.7346805431407066
estimadores,2018,Zamora Chinchipe,error,0.01084885972438644
estimadores,2018,Zamora Chinchipe,li,0.7134151273365583
estimadores,2018,Zamora Chinchipe,ls,0.755945958944855
estimadores,2018,Zamora Chinchipe,cv,1.476677152495198
estimadores,2018,Galápagos,valor,0.7687478971053576
estimadores,2018,Galápagos,error,0.01189224880498989
estimadores,2018,Galápagos,li,0.7454372799428891
estimadores,2018,Galápagos,ls,0.7920585142678261
estimadores,2018,Galápagos,cv,1.546963425821254
estimadores,2018,Sucumbíos,valor,0.6269627937928258
estimadores,2018,Sucumbíos,error,0.0143117218998143
estimadores,2018,Sucumbíos,li,0.5989096412215219
estimadores,2018,Sucumbíos,ls,0.6550159463641297
estimadores,2018,Sucumbíos,cv,2.282706731803846
estimadores,2018,Orellana,valor,0.820400806825179
estimadores,2018,Orellana,error,0.01996582483557141
estimadores,2018,Orellana,li,0.7812647521809449
estimadores,2018,Orellana,ls,0.8595368614694131
estimadores,2018,Orellana,cv,2.433667137997583
estimadores,2018,Santo Domingo,valor,0.644762472783594
estimadores,2018,Santo Domingo,error,0.007888066149628187
estimadores,2018,Santo Domingo,li,0.6293006628953702
estimadores,2018,Santo Domingo,ls,0.6602242826718178
estimadores,2018,Santo Domingo,cv,1.223406522959303
estimadores,2018,Santa Elena,valor,0.5864593323054325
estimadores,2018,Santa Elena,error,0.00961351388905442
estimadores,2018,Santa Elena,li,0.5676153823066911
estimadores,2018,Santa Elena,ls,0.6053032823041739
estimadores,2018,Santa Elena,cv,1.639246467655771
estimadores,2019,Total,valor,0.6446478808580944
estimadores,2019,Total,error,0.001627736760658085
estimadores,2019,Total,li,0.641457266264219
estimadores,2019,Total,ls,0.6478384954519699
estimadores,2019,Total,cv,0.2525001336375132
estimadores,2019,Urbano,valor,0.6046169323195897
estimadores,2019,Urbano,error,0.001622590792105187
estimadores,2019,Urbano,li,0.6014364046161509
estimadores,2019,Urbano,ls,0.6077974600230285
estimadores,2019,Urbano,cv,0.2683667468392226
estimadores,2019,Rural,valor,0.7343234514700838
estimadores,2019,Rural,error,0.003404571871893991
estimadores,2019,Rural,li,0.7276499665658225
estimadores,2019,Rural,ls,0.7409969363743452
estimadores,2019,Rural,cv,0.4636338203659689
estimadores,2019,Quito,valor,0.5739212877355941
estimadores,2019,Quito,error,0.003499130068945589
estimadores,2019,Quito,li,0.5670614353503173
estimadores,2019,Quito,ls,0.580781140120871
estimadores,2019,Quito,cv,0.6096881477861543
estimadores,2019,Guayaquil,valor,0.6187326463495847
estimadores,2019,Guayaquil,error,0.003074132281090473
estimadores,2019,Guayaquil,li,0.6127059787934828
estimadores,2019,Guayaquil,ls,0.6247593139056866
estimadores,2019,Guayaquil,cv,0.496843394190903
estimadores,2019,Cuenca,valor,0.5817824641252736
estimadores,2019,Cuenca,error,0.004512528959724744
estimadores,2019,Cuenca,li,0.572935898853887
estimadores,2019,Cuenca,ls,0.5906290293966602
estimadores,2019,Cuenca,cv,0.7756385312351172
estimadores,2019,Machala,valor,0.5816068767087651
estimadores,2019,Machala,error,0.00422581825601061
estimadores,2019,Machala,li,0.5733223920305558
estimadores,2019,Machala,ls,0.5898913613869744
estimadores,2019,Machala,cv,0.7265763912428177
estimadores,2019,Ambato,valor,0.6380706050801844
estimadores,2019,Ambato,error,0.003928313646821433
estimadores,2019,Ambato,li,0.630369361854212
estimadores,2019,Ambato,ls,0.6457718483061569
estimadores,2019,Ambato,cv,0.6156550098915423
estimadores,2019,Azuay,valor,0.6775457240411967
estimadores,2019,Azuay,error,0.005412745000847308
estimadores,2019,Azuay,li,0.6669359107040279
estimadores,2019,Azuay,ls,0.6881555373783655
estimadores,2019,Azuay,cv,0.79887523583843
estimadores,2019,Bolívar,valor,0.7199716589506122
estimadores,2019,Bolívar,error,0.01364444866686291
estimadores,2019,Bolívar,li,0.6932264393954076
estimadores,2019,Bolívar,ls,0.7467168785058168
estimadores,2019,Bolívar,cv,1.895136912298776
estimadores,2019,Cañar,valor,0.6899336666227596
estimadores,2019,Cañar,error,0.012361433473923
estimadores,2019,Cañar,li,0.6657033543287899
estimadores,2019,Cañar,ls,0.7141639789167292
estimadores,2019,Cañar,cv,1.791684341834265
estimadores,2019,Carchi,valor,0.6545324334781423
estimadores,2019,Carchi,error,0.01015364949808115
estimadores,2019,Carchi,li,0.6346297176012969
estimadores,2019,Carchi,ls,0.6744351493549876
estimadores,2019,Carchi,cv,1.551282866782525
estimadores,2019,Cotopaxi,valor,0.8083317538138655
estimadores,2019,Cotopaxi,error,0.007262150022155456
estimadores,2019,Cotopaxi,li,0.7940968219725308
estimadores,2019,Cotopaxi,ls,0.8225666856552001
estimadores,2019,Cotopaxi,cv,0.8984120675565729
estimadores,2019,Chimborazo,valor,0.8105236592805812
estimadores,2019,Chimborazo,error,0.009940565185278331
estimadores,2019,Chimborazo,li,0.791038621454995
estimadores,2019,Chimborazo,ls,0.8300086971061674
estimadores,2019,Chimborazo,cv,1.226437386676849
estimadores,2019,El Oro,valor,0.6253890249542913
estimadores,2019,El Oro,error,0.004778739865763843
estimadores,2019,El Oro,li,0.6160219592686355
estimadores,2019,El Oro,ls,0.6347560906399471
estimadores,2019,El Oro,cv,0.7641227580086033
estimadores,2019,Esmeraldas,valor,0.5571595567961813
estimadores,2019,Esmeraldas,error,0.008135429645052959
estimadores,2019,Esmeraldas,li,0.5412128624778327
estimadores,2019,Esmeraldas,ls,0.57310625111453
estimadores,2019,Esmeraldas,cv,1.460161554408918
estimadores,2019,Guayas,valor,0.617973457288181
estimadores,2019,Guayas,error,0.002788345524897768
estimadores,2019,Guayas,li,0.6125078708742516
estimadores,2019,Guayas,ls,0.6234390437021103
estimadores,2019,Guayas,cv,0.4512079753609017
estimadores,2019,Imbabura,valor,0.6034218329284976
estimadores,2019,Imbabura,error,0.01241904277276395
estimadores,2019,Imbabura,li,0.5790785975415147
estimadores,2019,Imbabura,ls,0.6277650683154805
estimadores,2019,Imbabura,cv,2.05810298783729
estimadores,2019,Loja,valor,0.7151511873068885
estimadores,2019,Loja,error,0.01019768859188993
estimadores,2019,Loja,li,0.6951621480276334
estimadores,2019,Loja,ls,0.7351402265861436
estimadores,2019,Loja,cv,1.425948634762437
estimadores,2019,Los Ríos,valor,0.6202067166176889
estimadores,2019,Los Ríos,error,0.00596406432646776
estimadores,2019,Los Ríos,li,0.6085162325426429
estimadores,2019,Los Ríos,ls,0.6318972006927349
estimadores,2019,Los Ríos,cv,0.9616252398866166
estimadores,2019,Manabí,valor,0.6258641203025141
estimadores,2019,Manabí,error,0.005771861194324629
estimadores,2019,Manabí,li,0.6145503839505806
estimadores,2019,Manabí,ls,0.6371778566544477
estimadores,2019,Manabí,cv,0.9222227328728757
estimadores,2019,Morona Santiago,valor,0.8708035160123645
estimadores,2019,Morona Santiago,error,0.009874247081141714
estimadores,2019,Morona Santiago,li,0.8514484718786397
estimadores,2019,Morona Santiago,ls,0.8901585601460893
estimadores,2019,Morona Santiago,cv,1.13392365781416
estimadores,2019,Napo,valor,0.8072790720148754
estimadores,2019,Napo,error,0.01961814100566238
estimadores,2019,Napo,li,0.7688244959985006
estimadores,2019,Napo,ls,0.8457336480312502
estimadores,2019,Napo,cv,2.430156024817758
estimadores,2019,Pastaza,valor,0.8250165390813621
estimadores,2019,Pastaza,error,0.01862154767199848
estimadores,2019,Pastaza,li,0.7885154393956819
estimadores,2019,Pastaza,ls,0.8615176387670422
estimadores,2019,Pastaza,cv,2.257112044412245
estimadores,2019,Pichincha,valor,0.5924275237801657
estimadores,2019,Pichincha,error,0.003129020701088992
estimadores,2019,Pichincha,li,0.5862941615838135
estimadores,2019,Pichincha,ls,0.5985608859765179
estimadores,2019,Pichincha,cv,0.5281693667983747
estimadores,2019,Tungurahua,valor,0.7502055025504581
estimadores,2019,Tungurahua,error,0.005877188706154993
estimadores,2019,Tungurahua,li,0.7386853080632136
estimadores,2019,Tungurahua,ls,0.7617256970377027
estimadores,2019,Tungurahua,cv,0.7834105036785836
estimadores,2019,Zamora Chinchipe,valor,0.7283775878649691
estimadores,2019,Zamora Chinchipe,error,0.01947073016669994
estimadores,2019,Zamora Chinchipe,li,0.6902119597825949
estimadores,2019,Zamora Chinchipe,ls,0.7665432159473433
estimadores,2019,Zamora Chinchipe,cv,2.673164371212029
estimadores,2019,Galápagos,valor,0.7483369307793802
estimadores,2019,Galápagos,error,0.009667137200481122
estimadores,2019,Galápagos,li,0.7293878538903249
estimadores,2019,Galápagos,ls,0.7672860076684356
estimadores,2019,Galápagos,cv,1.291816132929984
estimadores,2019,Sucumbíos,valor,0.6570497257235215
estimadores,2019,Sucumbíos,error,0.01742824661458202
estimadores,2019,Sucumbíos,li,0.6228876797845544
estimadores,2019,Sucumbíos,ls,0.6912117716624886
estimadores,2019,Sucumbíos,cv,2.652500401760401
estimadores,2019,Orellana,valor,0.8126906204823692
estimadores,2019,Orellana,error,0.02981825619998325
estimadores,2019,Orellana,li,0.7542422486724694
estimadores,2019,Orellana,ls,0.871138992292269
estimadores,2019,Orellana,cv,3.669078422768648
estimadores,2019,Santo Domingo,valor,0.6333391129231909
estimadores,2019,Santo Domingo,error,0.009373953170771368
estimadores,2019,Santo Domingo,li,0.6149647218595665
estimadores,2019,Santo Domingo,ls,0.6517135039868153
estimadores,2019,Santo Domingo,cv,1.480084362310371
estimadores,2019,Santa Elena,valor,0.5937300135655542
estimadores,2019,Santa Elena,error,0.008792559789994624
estimadores,2019,Santa Elena,li,0.5764952430169442
estimadores,2019,Santa Elena,ls,0.6109647841141642
estimadores,2019,Santa Elena,cv,1.480902024338008
estimadores,2021,Total,valor,0.6253957487439434
estimadores,2021,Total,error,0.00250886831573375
estimadores,2021,Total,li,0.6204772101986045
estimadores,2021,Total,ls,0.6303142872892824
estimadores,2021,Total,cv,0.4011649137002624
estimadores,2021,Urbano,valor,0.5840874432841139
estimadores,2021,Urbano,error,0.002387993937699708
estimadores,2021,Urbano,li,0.5794058742456143
estimadores,2021,Urbano,ls,0.5887690123226135
estimadores,2021,Urbano,cv,0.4088418549580308
estimadores,2021,Rural,valor,0.7165521383425537
estimadores,2021,Rural,error,0.004934824714565055
estimadores,2021,Rural,li,0.7068776068333219
estimadores,2021,Rural,ls,0.7262266698517855
estimadores,2021,Rural,cv,0.6886902502279494
estimadores,2021,Quito,valor,0.555133427649712
estimadores,2021,Quito,error,0.004161143255448773
estimadores,2021,Quito,li,0.546972988172291
estimadores,2021,Quito,ls,0.5632938671271329
estimadores,2021,Quito,cv,0.7495753359811086
estimadores,2021,Guayaquil,valor,0.6013263217878368
estimadores,2021,Guayaquil,error,0.004846707667128396
estimadores,2021,Guayaquil,li,0.5918214184104865
estimadores,2021,Guayaquil,ls,0.6108312251651872
estimadores,2021,Guayaquil,cv,0.8060029124815922
estimadores,2021,Cuenca,valor,0.6018725134449447
estimadores,2021,Cuenca,error,0.005584584549764311
estimadores,2021,Cuenca,li,0.590920555911347
estimadores,2021,Cuenca,ls,0.6128244709785425
estimadores,2021,Cuenca,cv,0.9278683483649649
estimadores,2021,Machala,valor,0.5845707117411053
estimadores,2021,Machala,error,0.005350170544978721
estimadores,2021,Machala,li,0.574078464720047
estimadores,2021,Machala,ls,0.5950629587621636
estimadores,2021,Machala,cv,0.9152306876688351
estimadores,2021,Ambato,valor,0.6383291982161786
estimadores,2021,Ambato,error,0.006531524932005106
estimadores,2021,Ambato,li,0.6255201910201152
estimadores,2021,Ambato,ls,0.651138205412242
estimadores,2021,Ambato,cv,1.023222022470155
estimadores,2021,Azuay,valor,0.6650331552606265
estimadores,2021,Azuay,error,0.01172538970696608
estimadores,2021,Azuay,li,0.6420459857582819
estimadores,2021,Azuay,ls,0.688020324762971
estimadores,2021,Azuay,cv,1.763128592043039
estimadores,2021,Bolívar,valor,0.6739884008507125
estimadores,2021,Bolívar,error,0.01161466754024933
estimadores,2021,Bolívar,li,0.6512182978406205
estimadores,2021,Bolívar,ls,0.6967585038608046
estimadores,2021,Bolívar,cv,1.723274098721761
estimadores,2021,Cañar,valor,0.7120174172021089
estimadores,2021,Cañar,error,0.01613204700195603
estimadores,2021,Cañar,li,0.6803911678303339
estimadores,2021,Cañar,ls,0.7436436665738838
estimadores,2021,Cañar,cv,2.265681514554424
estimadores,2021,Carchi,valor,0.5881419414489902
estimadores,2021,Carchi,error,0.011138855486024
estimadores,2021,Carchi,li,0.566304649425576
estimadores,2021,Carchi,ls,0.6099792334724045
estimadores,2021,Carchi,cv,1.893905994628013
estimadores,2021,Cotopaxi,valor,0.7818030369475462
estimadores,2021,Cotopaxi,error,0.01283765086970396
estimadores,2021,Cotopaxi,li,0.7566353227880342
estimadores,2021,Cotopaxi,ls,0.8069707511070581
estimadores,2021,Cotopaxi,cv,1.642056920094221
estimadores,2021,Chimborazo,valor,0.7994427976773489
estimadores,2021,Chimborazo,error,0.01683231317714266
estimadores,2021,Chimborazo,li,0.7664437037632549
estimadores,2021,Chimborazo,ls,0.832441891591443
estimadores,2021,Chimborazo,cv,2.105505637932596
estimadores,2021,El Oro,valor,0.6106996654919564
estimadores,2021,El Oro,error,0.006797887788858763
estimadores,2021,El Oro,li,0.5973726714418075
estimadores,2021,El Oro,ls,0.6240266595421053
estimadores,2021,El Oro,cv,1.113131081115403
estimadores,2021,Esmeraldas,valor,0.5253613646784783
estimadores,2021,Esmeraldas,error,0.008426209102381493
estimadores,2021,Esmeraldas,li,0.5088421101599212
estimadores,2021,Esmeraldas,ls,0.5418806191970353
estimadores,2021,Esmeraldas,cv,1.603888231777063
estimadores,2021,Guayas,valor,0.6006818452125371
estimadores,2021,Guayas,error,0.004673515391962142
estimadores,2021,Guayas,li,0.5915196004452672
estimadores,2021,Guayas,ls,0.609844089979807
estimadores,2021,Guayas,cv,0.7780350661852496
estimadores,2021,Imbabura,valor,0.5930357152369651
estimadores,2021,Imbabura,error,0.00906684010842557
estimadores,2021,Imbabura,li,0.5752605286008048
estimadores,2021,Imbabura,ls,0.6108109018731254
estimadores,2021,Imbabura,cv,1.52888601402407
estimadores,2021,Loja,valor,0.6705702544351972
estimadores,2021,Loja,error,0.01041945651495487
estimadores,2021,Loja,li,0.6501433160546947
estimadores,2021,Loja,ls,0.6909971928156998
estimadores,2021,Loja,cv,1.553820266562657
estimadores,2021,Los Ríos,valor,0.6029423670249492
estimadores,2021,Los Ríos,error,0.01204819172174327
estimadores,2021,Los Ríos,li,0.5793223567544233
estimadores,2021,Los Ríos,ls,0.626562377295475
estimadores,2021,Los Ríos,cv,1.998232730135005
estimadores,2021,Manabí,valor,0.5966764934656842
estimadores,2021,Manabí,error,0.009284685874283587
estimadores,2021,Manabí,li,0.57847422869649
estimadores,2021,Manabí,ls,0.6148787582348784
estimadores,2021,Manabí,cv,1.556066976990365
estimadores,2021,Morona Santiago,valor,0.8289687557243205
estimadores,2021,Morona Santiago,error,0.01546737252091489
estimadores,2021,Morona Santiago,li,0.7986455747657428
estimadores,2021,Morona Santiago,ls,0.8592919366828982
estimadores,2021,Morona Santiago,cv,1.865857116339699
estimadores,2021,Napo,valor,0.8418196512373036
estimadores,2021,Napo,error,0.0142977695091216
estimadores,2021,Napo,li,0.8137894313959647
estimadores,2021,Napo,ls,0.8698498710786425
estimadores,2021,Napo,cv,1.698436177880475
estimadores,2021,Pastaza,valor,0.8407199798586681
estimadores,2021,Pastaza,error,0.02285174572185288
estimadores,2021,Pastaza,li,0.7959200230588843
estimadores,2021,Pastaza,ls,0.8855199366584519
estimadores,2021,Pastaza,cv,2.718116170582082
estimadores,2021,Pichincha,valor,0.5660407425471593
estimadores,2021,Pichincha,error,0.004068457252228999
estimadores,2021,Pichincha,li,0.5580646906796065
estimadores,2021,Pichincha,ls,0.5740167944147121
estimadores,2021,Pichincha,cv,0.7187569633099402
estimadores,2021,Tungurahua,valor,0.765565854074278
estimadores,2021,Tungurahua,error,0.008246529835516528
estimadores,2021,Tungurahua,li,0.749398853755087
estimadores,2021,Tungurahua,ls,0.7817328543934691
estimadores,2021,Tungurahua,cv,1.077180988628108
estimadores,2021,Zamora Chinchipe,valor,0.7353738700917348
estimadores,2021,Zamora Chinchipe,error,0.01241105741483116
estimadores,2021,Zamora Chinchipe,li,0.7110424757732535
estimadores,2021,Zamora Chinchipe,ls,0.7597052644102161
estimadores,2021,Zamora Chinchipe,cv,1.687720752612944
estimadores,2021,Galápagos,valor,0.6732559388801117
estimadores,2021,Galápagos,error,0.01473305671822916
estimadores,2021,Galápagos,li,0.6443723554314197
estimadores,2021,Galápagos,ls,0.7021395223288037
estimadores,2021,Galápagos,cv,2.188329261935068
estimadores,2021,Sucumbíos,valor,0.6451015417636403
estimadores,2021,Sucumbíos,error,0.02153699608444642
estimadores,2021,Sucumbíos,li,0.6028791003832591
estimadores,2021,Sucumbíos,ls,0.6873239831440215
estimadores,2021,Sucumbíos,cv,3.338543576499061
estimadores,2021,Orellana,valor,0.8396267698405769
estimadores,2021,Orellana,error,0.01968068023057476
estimadores,2021,Orellana,li,0.8010435633384605
estimadores,2021,Orellana,ls,0.8782099763426934
estimadores,2021,Orellana,cv,2.343979603498303
estimadores,2021,Santo Domingo,valor,0.6264640283143464
estimadores,2021,Santo Domingo,error,0.01084963732433717
estimadores,2021,Santo Domingo,li,0.605193737224121
estimadores,2021,Santo Domingo,ls,0.6477343194045719
estimadores,2021,Santo Domingo,cv,1.731885125715958
estimadores,2021,Santa Elena,valor,0.555927673108876
estimadores,2021,Santa Elena,error,0.007119652710812266
estimadores,2021,Santa Elena,li,0.541969871470604
estimadores,2021,Santa Elena,ls,0.569885474747148
estimadores,2021,Santa Elena,cv,1.280679673849932
estimadores,2022,Total,valor,0.6305116930465419
estimadores,2022,Total,error,0.002903575141752845
estimadores,2022,Total,li,0.6248196020909257
estimadores,2022,Total,ls,0.636203784002158
estimadores,2022,Total,cv,0.4605109110226309
estimadores,2022,Urbano,valor,0.5951832809471128
estimadores,2022,Urbano,error,0.002577957578568461
estimadores,2022,Urbano,li,0.590129521942938
estimadores,2022,Urbano,ls,0.6002370399512876
estimadores,2022,Urbano,cv,0.4331367599012808
estimadores,2022,Rural,valor,0.7081979121788389
estimadores,2022,Rural,error,0.006343766250791388
estimadores,2022,Rural,li,0.6957617626949051
estimadores,2022,Rural,ls,0.7206340616627727
estimadores,2022,Rural,cv,0.8957617837751289
estimadores,2022,Quito,valor,0.578159314538646
estimadores,2022,Quito,error,0.004988545308078133
estimadores,2022,Quito,li,0.5683771961687417
estimadores,2022,Quito,ls,0.5879414329085503
estimadores,2022,Quito,cv,0.8628322994430773
estimadores,2022,Guayaquil,valor,0.6038075345818383
estimadores,2022,Guayaquil,error,0.004868525235539692
estimadores,2022,Guayaquil,li,0.5942607654939049
estimadores,2022,Guayaquil,ls,0.6133543036697717
estimadores,2022,Guayaquil,cv,0.8063041543380784
estimadores,2022,Cuenca,valor,0.6179036278374499
estimadores,2022,Cuenca,error,0.006934461226873231
estimadores,2022,Cuenca,li,0.6043057317848792
estimadores,2022,Cuenca,ls,0.6315015238900206
estimadores,2022,Cuenca,cv,1.122256111546485
estimadores,2022,Machala,valor,0.5988893123320055
estimadores,2022,Machala,error,0.004803673128872211
estimadores,2022,Machala,li,0.5894697127784315
estimadores,2022,Machala,ls,0.6083089118855795
estimadores,2022,Machala,cv,0.802096986865113
estimadores,2022,Ambato,valor,0.6687674090473492
estimadores,2022,Ambato,error,0.006363042122132027
estimadores,2022,Ambato,li,0.6562900178666802
estimadores,2022,Ambato,ls,0.6812448002280183
estimadores,2022,Ambato,cv,0.9514581655819773
estimadores,2022,Azuay,valor,0.6970515605433597
estimadores,2022,Azuay,error,0.01241659699560411
estimadores,2022,Azuay,li,0.6727103962862698
estimadores,2022,Azuay,ls,0.7213927248004496
estimadores,2022,Azuay,cv,1.781302517409935
estimadores,2022,Bolívar,valor,0.6624668581969323
estimadores,2022,Bolívar,error,0.01380859667574572
estimadores,2022,Bolívar,li,0.6353968550420237
estimadores,2022,Bolívar,ls,0.6895368613518409
estimadores,2022,Bolívar,cv,2.084420753262924
estimadores,2022,Cañar,valor,0.7111763000543497
estimadores,2022,Cañar,error,0.01624251115829542
estimadores,2022,Cañar,li,0.6793349161234986
estimadores,2022,Cañar,ls,0.7430176839852008
estimadores,2022,Cañar,cv,2.283893762637216
estimadores,2022,Carchi,valor,0.5903203727331239
estimadores,2022,Carchi,error,0.01298317244623269
estimadores,2022,Carchi,li,0.5648685091344458
estimadores,2022,Carchi,ls,0.615772236331802
estimadores,2022,Carchi,cv,2.199343449070189
estimadores,2022,Cotopaxi,valor,0.8305152278985402
estimadores,2022,Cotopaxi,error,0.01460465528267454
estimadores,2022,Cotopaxi,li,0.8018846527675592
estimadores,2022,Cotopaxi,ls,0.8591458030295211
estimadores,2022,Cotopaxi,cv,1.758505418332765
estimadores,2022,Chimborazo,valor,0.802370434917904
estimadores,2022,Chimborazo,error,0.02221692398911379
estimadores,2022,Chimborazo,li,0.7588169720570449
estimadores,2022,Chimborazo,ls,0.8459238977787632
estimadores,2022,Chimborazo,cv,2.76891109421136
estimadores,2022,El Oro,valor,0.6268647872091158
estimadores,2022,El Oro,error,0.006683264476537465
estimadores,2022,El Oro,li,0.6137630944945527
estimadores,2022,El Oro,ls,0.6399664799236788
estimadores,2022,El Oro,cv,1.066141313550604
estimadores,2022,Esmeraldas,valor,0.5193970445146034
estimadores,2022,Esmeraldas,error,0.007400296467359728
estimadores,2022,Esmeraldas,li,0.5048897014859993
estimadores,2022,Esmeraldas,ls,0.5339043875432076
estimadores,2022,Esmeraldas,cv,1.424786017847982
estimadores,2022,Guayas,valor,0.5982472559718395
estimadores,2022,Guayas,error,0.004582369237097821
estimadores,2022,Guayas,li,0.5892641020266545
estimadores,2022,Guayas,ls,0.6072304099170245
estimadores,2022,Guayas,cv,0.7659657760826438
estimadores,2022,Imbabura,valor,0.5831770715207423
estimadores,2022,Imbabura,error,0.006242708010560333
estimadores,2022,Imbabura,li,0.570939033904808
estimadores,2022,Imbabura,ls,0.5954151091366765
estimadores,2022,Imbabura,cv,1.070465269541773
estimadores,2022,Loja,valor,0.704421506981678
estimadores,2022,Loja,error,0.01259432923129248
estimadores,2022,Loja,li,0.6797319212090794
estimadores,2022,Loja,ls,0.7291110927542767
estimadores,2022,Loja,cv,1.787896750236511
estimadores,2022,Los Ríos,valor,0.6037080399946946
estimadores,2022,Los Ríos,error,0.009838894256798243
estimadores,2022,Los Ríos,li,0.5844201351607331
estimadores,2022,Los Ríos,ls,0.6229959448286561
estimadores,2022,Los Ríos,cv,1.629743784244568
estimadores,2022,Manabí,valor,0.579380010317519
estimadores,2022,Manabí,error,0.01220004775585848
estimadores,2022,Manabí,li,0.5554633633912455
estimadores,2022,Manabí,ls,0.6032966572437924
estimadores,2022,Manabí,cv,2.105707400773537
estimadores,2022,Morona Santiago,valor,0.847079026157998
estimadores,2022,Morona Santiago,error,0.01753092380790819
estimadores,2022,Morona Santiago,li,0.8127118725701112
estimadores,2022,Morona Santiago,ls,0.8814461797458848
estimadores,2022,Morona Santiago,cv,2.069573589541137
estimadores,2022,Napo,valor,0.8587330230975114
estimadores,2022,Napo,error,0.01392244156646772
estimadores,2022,Napo,li,0.8314398414673833
estimadores,2022,Napo,ls,0.8860262047276396
estimadores,2022,Napo,cv,1.621277066561209
estimadores,2022,Pastaza,valor,0.8867854654928501
estimadores,2022,Pastaza,error,0.01958745161534435
estimadores,2022,Pastaza,li,0.8483867498612085
estimadores,2022,Pastaza,ls,0.9251841811244916
estimadores,2022,Pastaza,cv,2.208815139348073
estimadores,2022,Pichincha,valor,0.5802784896958145
estimadores,2022,Pichincha,error,0.004097555872776084
estimadores,2022,Pichincha,li,0.5722457508876566
estimadores,2022,Pichincha,ls,0.5883112285039724
estimadores,2022,Pichincha,cv,0.7061360959500752
estimadores,2022,Tungurahua,valor,0.780544199607154
estimadores,2022,Tungurahua,error,0.009110844922887395
estimadores,2022,Tungurahua,li,0.7626835431916008
estimadores,2022,Tungurahua,ls,0.7984048560227073
estimadores,2022,Tungurahua,cv,1.167242665754593
estimadores,2022,Zamora Chinchipe,valor,0.7378576007951739
estimadores,2022,Zamora Chinchipe,error,0.01602485806601087
estimadores,2022,Zamora Chinchipe,li,0.7064428981580974
estimadores,2022,Zamora Chinchipe,ls,0.7692723034322505
estimadores,2022,Zamora Chinchipe,cv,2.171809038592434
estimadores,2022,Galápagos,valor,0.6756049010208959
estimadores,2022,Galápagos,error,0.01452167492015133
estimadores,2022,Galápagos,li,0.6471369983705475
estimadores,2022,Galápagos,ls,0.7040728036712443
estimadores,2022,Galápagos,cv,2.149433033746182
estimadores,2022,Sucumbíos,valor,0.6687717725517034
estimadores,2022,Sucumbíos,error,0.03509650836440474
estimadores,2022,Sucumbíos,li,0.5999695173725468
estimadores,2022,Sucumbíos,ls,0.73757402773086
estimadores,2022,Sucumbíos,cv,5.247905160604158
estimadores,2022,Orellana,valor,0.8828404521856467
estimadores,2022,Orellana,error,0.01731324629992483
estimadores,2022,Orellana,li,0.8489000277554166
estimadores,2022,Orellana,ls,0.9167808766158767
estimadores,2022,Orellana,cv,1.961084390397206
estimadores,2022,Santo Domingo,valor,0.6016261026619878
estimadores,2022,Santo Domingo,error,0.01338611474858272
estimadores,2022,Santo Domingo,li,0.5753843217638189
estimadores,2022,Santo Domingo,ls,0.6278678835601567
estimadores,2022,Santo Domingo,cv,2.224989023806279
estimadores,2022,Santa Elena,valor,0.5618755168627478
estimadores,2022,Santa Elena,error,0.007986995679878543
estimadores,2022,Santa Elena,li,0.5462180244086222
estimadores,2022,Santa Elena,ls,0.5775330093168735
estimadores,2022,Santa Elena,cv,1.421488468562257
estimadores,2023,Total,valor,0.6222517678031324
estimadores,2023,Total,error,0.003549085002479932
estimadores,2023,Total,li,0.6152942188488755
estimadores,2023,Total,ls,0.6292093167573893
estimadores,2023,Total,cv,0.5703615780811713
estimadores,2023,Urbano,valor,0.5850292755612794
estimadores,2023,Urbano,error,0.002623453048332152
estimadores,2023,Urbano,li,0.5798863153334428
estimadores,2023,Urbano,ls,0.5901722357891159
estimadores,2023,Urbano,cv,0.4484310713878721
estimadores,2023,Rural,valor,0.7058027001401945
estimadores,2023,Rural,error,0.008144262931124557
estimadores,2023,Rural,li,0.6898368644388673
estimadores,2023,Rural,ls,0.7217685358415218
estimadores,2023,Rural,cv,1.153900789768423
estimadores,2023,Quito,valor,0.5845033458046309
estimadores,2023,Quito,error,0.005044628538277995
estimadores,2023,Quito,li,0.5746111944051303
estimadores,2023,Quito,ls,0.5943954972041315
estimadores,2023,Quito,cv,0.8630623886906118
estimadores,2023,Guayaquil,valor,0.5856084217370626
estimadores,2023,Guayaquil,error,0.004842857218539827
estimadores,2023,Guayaquil,li,0.5761119292900065
estimadores,2023,Guayaquil,ls,0.5951049141841187
estimadores,2023,Guayaquil,cv,0.8269787521454504
estimadores,2023,Cuenca,valor,0.635098115141597
estimadores,2023,Cuenca,error,0.006562607054599041
estimadores,2023,Cuenca,li,0.6222293177530613
estimadores,2023,Cuenca,ls,0.6479669125301326
estimadores,2023,Cuenca,cv,1.033321765273369
estimadores,2023,Machala,valor,0.6028151941786913
estimadores,2023,Machala,error,0.005429495979307688
estimadores,2023,Machala,li,0.5921683455866193
estimadores,2023,Machala,ls,0.6134620427707633
estimadores,2023,Machala,cv,0.900689967960269
estimadores,2023,Ambato,valor,0.6922266648907159
estimadores,2023,Ambato,error,0.006324358952706107
estimadores,2023,Ambato,li,0.679825054783996
estimadores,2023,Ambato,ls,0.7046282749974359
estimadores,2023,Ambato,cv,0.9136254457497032
estimadores,2023,Azuay,valor,0.6960716685948105
estimadores,2023,Azuay,error,0.01036332950830199
estimadores,2023,Azuay,li,0.6757556230978093
estimadores,2023,Azuay,ls,0.7163877140918117
estimadores,2023,Azuay,cv,1.488830816692035
estimadores,2023,Bolívar,valor,0.6233708508764385
estimadores,2023,Bolívar,error,0.01913991594848259
estimadores,2023,Bolívar,li,0.5858493764403852
estimadores,2023,Bolívar,ls,0.6608923253124919
estimadores,2023,Bolívar,cv,3.0703899487075
estimadores,2023,Cañar,valor,0.7300902496149203
estimadores,2023,Cañar,error,0.043052845534768
estimadores,2023,Cañar,li,0.6456903887440464
estimadores,2023,Cañar,ls,0.8144901104857942
estimadores,2023,Cañar,cv,5.896921039210679
estimadores,2023,Carchi,valor,0.6330496139367287
estimadores,2023,Carchi,error,0.02005391728545083
estimadores,2023,Carchi,li,0.5937363511829062
estimadores,2023,Carchi,ls,0.6723628766905511
estimadores,2023,Carchi,cv,3.167827109275381
estimadores,2023,Cotopaxi,valor,0.8862677272376518
estimadores,2023,Cotopaxi,error,0.02166863633551525
estimadores,2023,Cotopaxi,li,0.8437890044200821
estimadores,2023,Cotopaxi,ls,0.9287464500552215
estimadores,2023,Cotopaxi,cv,2.444931217686642
estimadores,2023,Chimborazo,valor,0.8324915949413559
estimadores,2023,Chimborazo,error,0.01755251480258908
estimadores,2023,Chimborazo,li,0.7980820271445858
estimadores,2023,Chimborazo,ls,0.8669011627381261
estimadores,2023,Chimborazo,cv,2.10843147357248
estimadores,2023,El Oro,valor,0.6151952391383405
estimadores,2023,El Oro,error,0.006747841526874078
estimadores,2023,El Oro,li,0.6019669175495397
estimadores,2023,El Oro,ls,0.6284235607271413
estimadores,2023,El Oro,cv,1.096861792416549
estimadores,2023,Esmeraldas,valor,0.5202453624854761
estimadores,2023,Esmeraldas,error,0.00790698104946596
estimadores,2023,Esmeraldas,li,0.5047446890179201
estimadores,2023,Esmeraldas,ls,0.5357460359530322
estimadores,2023,Esmeraldas,cv,1.51985613320805
estimadores,2023,Guayas,valor,0.5690262615792487
estimadores,2023,Guayas,error,0.005119024220349709
estimadores,2023,Guayas,li,0.5589910379691567
estimadores,2023,Guayas,ls,0.5790614851893408
estimadores,2023,Guayas,cv,0.8996112422197545
estimadores,2023,Imbabura,valor,0.6061831341939733
estimadores,2023,Imbabura,error,0.008907191775019568
estimadores,2023,Imbabura,li,0.5887216694005546
estimadores,2023,Imbabura,ls,0.623644598987392
estimadores,2023,Imbabura,cv,1.469389574301377
estimadores,2023,Loja,valor,0.6847680989710913
estimadores,2023,Loja,error,0.01162387500782261
estimadores,2023,Loja,li,0.6619809075263726
estimadores,2023,Loja,ls,0.7075552904158099
estimadores,2023,Loja,cv,1.697490730845703
estimadores,2023,Los Ríos,valor,0.5601983752465605
estimadores,2023,Los Ríos,error,0.01128501416319709
estimadores,2023,Los Ríos,li,0.5380754792226378
estimadores,2023,Los Ríos,ls,0.5823212712704832
estimadores,2023,Los Ríos,cv,2.014467492561044
estimadores,2023,Manabí,valor,0.5529353463393842
estimadores,2023,Manabí,error,0.008082997307130062
estimadores,2023,Manabí,li,0.5370896144332202
estimadores,2023,Manabí,ls,0.5687810782455482
estimadores,2023,Manabí,cv,1.461834075293285
estimadores,2023,Morona Santiago,valor,0.8443094719968364
estimadores,2023,Morona Santiago,error,0.01822247354906216
estimadores,2023,Morona Santiago,li,0.808586531662451
estimadores,2023,Morona Santiago,ls,0.8800324123312218
estimadores,2023,Morona Santiago,cv,2.158269467943437
estimadores,2023,Napo,valor,0.9130786358347697
estimadores,2023,Napo,error,0.01493138714311769
estimadores,2023,Napo,li,0.8838074696241509
estimadores,2023,Napo,ls,0.9423498020453884
estimadores,2023,Napo,cv,1.635279433459406
estimadores,2023,Pastaza,valor,0.9037632366198937
estimadores,2023,Pastaza,error,0.03180676936639899
estimadores,2023,Pastaza,li,0.8414099385757923
estimadores,2023,Pastaza,ls,0.966116534663995
estimadores,2023,Pastaza,cv,3.519369684183817
estimadores,2023,Pichincha,valor,0.5904748281756994
estimadores,2023,Pichincha,error,0.004497566156689104
estimadores,2023,Pichincha,li,0.5816578974207841
estimadores,2023,Pichincha,ls,0.5992917589306147
estimadores,2023,Pichincha,cv,0.7616863483553656
estimadores,2023,Tungurahua,valor,0.7982283422876365
estimadores,2023,Tungurahua,error,0.0102851737215187
estimadores,2023,Tungurahua,li,0.7780655116931309
estimadores,2023,Tungurahua,ls,0.8183911728821421
estimadores,2023,Tungurahua,cv,1.288500191817606
estimadores,2023,Zamora Chinchipe,valor,0.7162499866309456
estimadores,2023,Zamora Chinchipe,error,0.01796769296786199
estimadores,2023,Zamora Chinchipe,li,0.6810265125998626
estimadores,2023,Zamora Chinchipe,ls,0.7514734606620287
estimadores,2023,Zamora Chinchipe,cv,2.508578471655876
estimadores,2023,Galápagos,valor,0.6701464491894079
estimadores,2023,Galápagos,error,0.011225519865597
estimadores,2023,Galápagos,li,0.6481401844909571
estimadores,2023,Galápagos,ls,0.6921527138878587
estimadores,2023,Galápagos,cv,1.675084584746379
estimadores,2023,Sucumbíos,valor,0.7261203111510064
estimadores,2023,Sucumbíos,error,0.06105555856805025
estimadores,2023,Sucumbíos,li,0.6064283236753938
estimadores,2023,Sucumbíos,ls,0.845812298626619
estimadores,2023,Sucumbíos,cv,8.40846311973677
estimadores,2023,Orellana,valor,0.9007631962857819
estimadores,2023,Orellana,error,0.01345183341766775
estimadores,2023,Orellana,li,0.874392514979886
estimadores,2023,Orellana,ls,0.9271338775916779
estimadores,2023,Orellana,cv,1.493381775935696
estimadores,2023,Santo Domingo,valor,0.6059255397542321
estimadores,2023,Santo Domingo,error,0.01390862429889042
estimadores,2023,Santo Domingo,li,0.5786593755518308
estimadores,2023,Santo Domingo,ls,0.6331917039566335
estimadores,2023,Santo Domingo,cv,2.295434568500258
estimadores,2023,Santa Elena,valor,0.5197599793655628
estimadores,2023,Santa Elena,error,0.008914250581933895
estimadores,2023,Santa Elena,li,0.5022846766407814
estimadores,2023,Santa Elena,ls,0.5372352820903443
estimadores,2023,Santa Elena,cv,1.715070597165819
estimadores,2024,Total,valor,0.618485680846226
estimadores,2024,Total,error,0.00472838969908946
estimadores,2024,Total,li,0.609215881021686
estimadores,2024,Total,ls,0.627755480670767
estimadores,2024,Total,cv,0.76451077939589
estimadores,2024,Urbano,valor,0.579701978851363
estimadores,2024,Urbano,error,0.00300224755699601
estimadores,2024,Urbano,li,0.573816204698183
estimadores,2024,Urbano,ls,0.585587753004544
estimadores,2024,Urbano,cv,0.51789499890008
estimadores,2024,Rural,valor,0.705691577489022
estimadores,2024,Rural,error,0.0107837251227921
estimadores,2024,Rural,li,0.684550559169318
estimadores,2024,Rural,ls,0.726832595808725
estimadores,2024,Rural,cv,1.52810738668053
estimadores,2024,Quito,valor,0.591357607778531
estimadores,2024,Quito,error,0.0054726683943529
estimadores,2024,Quito,li,0.580628682340869
estimadores,2024,Quito,ls,0.602086533216193
estimadores,2024,Quito,cv,0.925441445644251
estimadores,2024,Guayaquil,valor,0.570513845046274
estimadores,2024,Guayaquil,error,0.00505533810696215
estimadores,2024,Guayaquil,li,0.560603077262914
estimadores,2024,Guayaquil,ls,0.580424612829635
estimadores,2024,Guayaquil,cv,0.886102616239246
estimadores,2024,Cuenca,valor,0.619295805622487
estimadores,2024,Cuenca,error,0.00787149340946503
estimadores,2024,Cuenca,li,0.60386408935765
estimadores,2024,Cuenca,ls,0.634727521887325
estimadores,2024,Cuenca,cv,1.27103935437654
estimadores,2024,Machala,valor,0.591298307136373
estimadores,2024,Machala,error,0.00582218108138136
estimadores,2024,Machala,li,0.579884177464062
estimadores,2024,Machala,ls,0.602712436808685
estimadores,2024,Machala,cv,0.984643624227148
estimadores,2024,Ambato,valor,0.683154408613089
estimadores,2024,Ambato,error,0.0067171563985828
estimadores,2024,Ambato,li,0.669985719235184
estimadores,2024,Ambato,ls,0.696323097990993
estimadores,2024,Ambato,cv,0.983255954128979
estimadores,2024,Azuay,valor,0.693914371225436
estimadores,2024,Azuay,error,0.0163068633207253
estimadores,2024,Azuay,li,0.661945483640225
estimadores,2024,Azuay,ls,0.725883258810647
estimadores,2024,Azuay,cv,2.34998207227323
estimadores,2024,Bolívar,valor,0.609168582385568
estimadores,2024,Bolívar,error,0.0140038054204179
estimadores,2024,Bolívar,li,0.581714738415372
estimadores,2024,Bolívar,ls,0.636622426355763
estimadores,2024,Bolívar,cv,2.29883907761256
estimadores,2024,Cañar,valor,0.791642304635738
estimadores,2024,Cañar,error,0.0671326474615683
estimadores,2024,Cañar,li,0.660031704989098
estimadores,2024,Cañar,ls,0.923252904282378
estimadores,2024,Cañar,cv,8.48017432474863
estimadores,2024,Carchi,valor,0.647340835021845
estimadores,2024,Carchi,error,0.0125568928274418
estimadores,2024,Carchi,li,0.622723599485822
estimadores,2024,Carchi,ls,0.671958070557867
estimadores,2024,Carchi,cv,1.93976529026135
estimadores,2024,Cotopaxi,valor,0.878123682023342
estimadores,2024,Cotopaxi,error,0.0210531106850996
estimadores,2024,Cotopaxi,li,0.836849985447033
estimadores,2024,Cotopaxi,ls,0.91939737859965
estimadores,2024,Cotopaxi,cv,2.39751086505146
estimadores,2024,Chimborazo,valor,0.840137496935086
estimadores,2024,Chimborazo,error,0.0195241847758203
estimadores,2024,Chimborazo,li,0.801861192288698
estimadores,2024,Chimborazo,ls,0.878413801581473
estimadores,2024,Chimborazo,cv,2.32392731511767
estimadores,2024,El Oro,valor,0.623479254483068
estimadores,2024,El Oro,error,0.0054538709877507
estimadores,2024,El Oro,li,0.612787180533441
estimadores,2024,El Oro,ls,0.634171328432694
estimadores,2024,El Oro,cv,0.874747788083592
estimadores,2024,Esmeraldas,valor,0.547782242044844
estimadores,2024,Esmeraldas,error,0.0145781317691446
estimadores,2024,Esmeraldas,li,0.519202456554286
estimadores,2024,Esmeraldas,ls,0.576362027535402
estimadores,2024,Esmeraldas,cv,2.66130054065373
estimadores,2024,Guayas,valor,0.555299865210907
estimadores,2024,Guayas,error,0.0053836140187418
estimadores,2024,Guayas,li,0.544745526955764
estimadores,2024,Guayas,ls,0.56585420346605
estimadores,2024,Guayas,cv,0.969496727087636
estimadores,2024,Imbabura,valor,0.59529052001469
estimadores,2024,Imbabura,error,0.00774386390932294
estimadores,2024,Imbabura,li,0.580109015765638
estimadores,2024,Imbabura,ls,0.610472024263743
estimadores,2024,Imbabura,cv,1.30085456578946
estimadores,2024,Loja,valor,0.683582301672683
estimadores,2024,Loja,error,0.0160753243618118
estimadores,2024,Loja,li,0.652067336022275
estimadores,2024,Loja,ls,0.715097267323091
estimadores,2024,Loja,cv,2.35162969001341
estimadores,2024,Los Ríos,valor,0.542787226824155
estimadores,2024,Los Ríos,error,0.0109317060499941
estimadores,2024,Los Ríos,li,0.521356098411945
estimadores,2024,Los Ríos,ls,0.564218355236366
estimadores,2024,Los Ríos,cv,2.01399471280033
estimadores,2024,Manabí,valor,0.529941260605404
estimadores,2024,Manabí,error,0.0111568934551283
estimadores,2024,Manabí,li,0.508068662199931
estimadores,2024,Manabí,ls,0.551813859010878
estimadores,2024,Manabí,cv,2.1053075660466
estimadores,2024,Morona Santiago,valor,0.838180282671982
estimadores,2024,Morona Santiago,error,0.0158602004964552
estimadores,2024,Morona Santiago,li,0.807087057888178
estimadores,2024,Morona Santiago,ls,0.869273507455786
estimadores,2024,Morona Santiago,cv,1.89221827622757
estimadores,2024,Napo,valor,0.892235167114993
estimadores,2024,Napo,error,0.00951715081403987
estimadores,2024,Napo,li,0.873577211963138
estimadores,2024,Napo,ls,0.910893122266849
estimadores,2024,Napo,cv,1.06666394296172
estimadores,2024,Pastaza,valor,0.858732476245498
estimadores,2024,Pastaza,error,0.0192778747012868
estimadores,2024,Pastaza,li,0.820939051655746
estimadores,2024,Pastaza,ls,0.896525900835249
estimadores,2024,Pastaza,cv,2.2449220490149
estimadores,2024,Pichincha,valor,0.606256102397482
estimadores,2024,Pichincha,error,0.00445393010082849
estimadores,2024,Pichincha,li,0.597524368531485
estimadores,2024,Pichincha,ls,0.61498783626348
estimadores,2024,Pichincha,cv,0.73466148764773
estimadores,2024,Tungurahua,valor,0.809989366828945
estimadores,2024,Tungurahua,error,0.0103524663954374
estimadores,2024,Tungurahua,li,0.789693812256854
estimadores,2024,Tungurahua,ls,0.830284921401036
estimadores,2024,Tungurahua,cv,1.27809904912291
estimadores,2024,Zamora Chinchipe,valor,0.750727119374314
estimadores,2024,Zamora Chinchipe,error,0.0173221372777739
estimadores,2024,Zamora Chinchipe,li,0.716767831896573
estimadores,2024,Zamora Chinchipe,ls,0.784686406852055
estimadores,2024,Zamora Chinchipe,cv,2.30738131482593
estimadores,2024,Galápagos,valor,0.660629587728564
estimadores,2024,Galápagos,error,0.0129213093401492
estimadores,2024,Galápagos,li,0.63529792966383
estimadores,2024,Galápagos,ls,0.685961245793298
estimadores,2024,Galápagos,cv,1.95590836077694
estimadores,2024,Sucumbíos,valor,0.634952561812994
estimadores,2024,Sucumbíos,error,0.0186859856087225
estimadores,2024,Sucumbíos,li,0.598319509729649
estimadores,2024,Sucumbíos,ls,0.671585613896338
estimadores,2024,Sucumbíos,cv,2.94289475033662
estimadores,2024,Orellana,valor,0.928772057897892
estimadores,2024,Orellana,error,0.0134567123710082
estimadores,2024,Orellana,li,0.902390765763769
estimadores,2024,Orellana,ls,0.955153350032015
estimadores,2024,Orellana,cv,1.44887136263175
estimadores,2024,Santo Domingo,valor,0.568533989565566
estimadores,2024,Santo Domingo,error,0.0130951632672948
estimadores,2024,Santo Domingo,li,0.542861498531067
estimadores,2024,Santo Domingo,ls,0.594206480600066
estimadores,2024,Santo Domingo,cv,2.30332108680102
estimadores,2024,Santa Elena,valor,0.508733707730179
estimadores,2024,Santa Elena,error,0.00849756129328888
estimadores,2024,Santa Elena,li,0.492074612943488
estimadores,2024,Santa Elena,ls,0.525392802516871
estimadores,2024,Santa Elena,cv,1.67033580912154
estimadores,2025,Total,valor,0.62
estimadores,2025,Total,error,0.004
estimadores,2025,Total,li,0.611
estimadores,2025,Total,ls,0.628
estimadores,2025,Total,cv,0.7
estimadores,2025,Urbano,valor,0.584
estimadores,2025,Urbano,error,0.004
estimadores,2025,Urbano,li,0.5760000000000001
estimadores,2025,Urbano,ls,0.5920000000000001
estimadores,2025,Urbano,cv,0.7
estimadores,2025,Rural,valor,0.696
estimadores,2025,Rural,error,0.008
estimadores,2025,Rural,li,0.6809999999999999
estimadores,2025,Rural,ls,0.711
estimadores,2025,Rural,cv,1.1
estimadores,2025,Quito,valor,0.589
estimadores,2025,Quito,error,0.006
estimadores,2025,Quito,li,0.5770000000000001
estimadores,2025,Quito,ls,0.602
estimadores,2025,Quito,cv,1.1
estimadores,2025,Guayaquil,valor,0.568
estimadores,2025,Guayaquil,error,0.005
estimadores,2025,Guayaquil,li,0.5579999999999999
estimadores,2025,Guayaquil,ls,0.579
estimadores,2025,Guayaquil,cv,0.9
estimadores,2025,Cuenca,valor,0.621
estimadores,2025,Cuenca,error,0.01
estimadores,2025,Cuenca,li,0.602
estimadores,2025,Cuenca,ls,0.64
estimadores,2025,Cuenca,cv,1.6
estimadores,2025,Machala,valor,0.601
estimadores,2025,Machala,error,0.005
estimadores,2025,Machala,li,0.5920000000000001
estimadores,2025,Machala,ls,0.611
estimadores,2025,Machala,cv,0.8
estimadores,2025,Ambato,valor,0.672
estimadores,2025,Ambato,error,0.006
estimadores,2025,Ambato,li,0.66
estimadores,2025,Ambato,ls,0.685
estimadores,2025,Ambato,cv,0.9
estimadores,2025,Azuay,valor,0.675
estimadores,2025,Azuay,error,0.01
estimadores,2025,Azuay,li,0.6559999999999999
estimadores,2025,Azuay,ls,0.695
estimadores,2025,Azuay,cv,1.5
estimadores,2025,Bolívar,valor,0.578
estimadores,2025,Bolívar,error,0.013999999999999999
estimadores,2025,Bolívar,li,0.55
estimadores,2025,Bolívar,ls,0.606
estimadores,2025,Bolívar,cv,2.5
estimadores,2025,Cañar,valor,0.6920000000000001
estimadores,2025,Cañar,error,0.011000000000000001
estimadores,2025,Cañar,li,0.669
estimadores,2025,Cañar,ls,0.7140000000000001
estimadores,2025,Cañar,cv,1.6
estimadores,2025,Carchi,valor,0.618
estimadores,2025,Carchi,error,0.037000000000000005
estimadores,2025,Carchi,li,0.546
estimadores,2025,Carchi,ls,0.6890000000000001
estimadores,2025,Carchi,cv,5.9
estimadores,2025,Cotopaxi,valor,0.836
estimadores,2025,Cotopaxi,error,0.013999999999999999
estimadores,2025,Cotopaxi,li,0.8079999999999999
estimadores,2025,Cotopaxi,ls,0.8640000000000001
estimadores,2025,Cotopaxi,cv,1.7
estimadores,2025,Chimborazo,valor,0.825
estimadores,2025,Chimborazo,error,0.019
estimadores,2025,Chimborazo,li,0.787
estimadores,2025,Chimborazo,ls,0.862
estimadores,2025,Chimborazo,cv,2.3
estimadores,2025,El Oro,valor,0.625
estimadores,2025,El Oro,error,0.008
estimadores,2025,El Oro,li,0.609
estimadores,2025,El Oro,ls,0.6409999999999999
estimadores,2025,El Oro,cv,1.3
estimadores,2025,Esmeraldas,valor,0.53
estimadores,2025,Esmeraldas,error,0.008
estimadores,2025,Esmeraldas,li,0.514
estimadores,2025,Esmeraldas,ls,0.546
estimadores,2025,Esmeraldas,cv,1.5
estimadores,2025,Guayas,valor,0.56
estimadores,2025,Guayas,error,0.008
estimadores,2025,Guayas,li,0.544
estimadores,2025,Guayas,ls,0.5760000000000001
estimadores,2025,Guayas,cv,1.4
estimadores,2025,Imbabura,valor,0.599
estimadores,2025,Imbabura,error,0.01
estimadores,2025,Imbabura,li,0.579
estimadores,2025,Imbabura,ls,0.619
estimadores,2025,Imbabura,cv,1.7
estimadores,2025,Loja,valor,0.65
estimadores,2025,Loja,error,0.013999999999999999
estimadores,2025,Loja,li,0.622
estimadores,2025,Loja,ls,0.6779999999999999
estimadores,2025,Loja,cv,2.2
estimadores,2025,Los Ríos,valor,0.5760000000000001
estimadores,2025,Los Ríos,error,0.013999999999999999
estimadores,2025,Los Ríos,li,0.5489999999999999
estimadores,2025,Los Ríos,ls,0.604
estimadores,2025,Los Ríos,cv,2.5
estimadores,2025,Manabí,valor,0.5589999999999999
estimadores,2025,Manabí,error,0.009000000000000001
estimadores,2025,Manabí,li,0.541
estimadores,2025,Manabí,ls,0.5770000000000001
estimadores,2025,Manabí,cv,1.6
estimadores,2025,Morona Santiago,valor,0.892
estimadores,2025,Morona Santiago,error,0.051
estimadores,2025,Morona Santiago,li,0.7929999999999999
estimadores,2025,Morona Santiago,ls,0.992
estimadores,2025,Morona Santiago,cv,5.7
estimadores,2025,Napo,valor,0.895
estimadores,2025,Napo,error,0.013000000000000001
estimadores,2025,Napo,li,0.8690000000000001
estimadores,2025,Napo,ls,0.92
estimadores,2025,Napo,cv,1.4
estimadores,2025,Pastaza,valor,0.843
estimadores,2025,Pastaza,error,0.012
estimadores,2025,Pastaza,li,0.8190000000000001
estimadores,2025,Pastaza,ls,0.866
estimadores,2025,Pastaza,cv,1.4
estimadores,2025,Pichincha,valor,0.61
estimadores,2025,Pichincha,error,0.008
estimadores,2025,Pichincha,li,0.593
estimadores,2025,Pichincha,ls,0.626
estimadores,2025,Pichincha,cv,1.4
estimadores,2025,Tungurahua,valor,0.7879999999999999
estimadores,2025,Tungurahua,error,0.008
estimadores,2025,Tungurahua,li,0.773
estimadores,2025,Tungurahua,ls,0.8029999999999999
estimadores,2025,Tungurahua,cv,1.0
estimadores,2025,Zamora Chinchipe,valor,0.7559999999999999
estimadores,2025,Zamora Chinchipe,error,0.024
estimadores,2025,Zamora Chinchipe,li,0.7090000000000001
estimadores,2025,Zamora Chinchipe,ls,0.8029999999999999
estimadores,2025,Zamora Chinchipe,cv,3.2
estimadores,2025,Galápagos,valor,0.621
estimadores,2025,Galápagos,error,0.016
estimadores,2025,Galápagos,li,0.589
estimadores,2025,Galápagos,ls,0.652
estimadores,2025,Galápagos,cv,2.6
estimadores,2025,Sucumbíos,valor,0.608
estimadores,2025,Sucumbíos,error,0.016
estimadores,2025,Sucumbíos,li,0.5760000000000001
estimadores,2025,Sucumbíos,ls,0.64
estimadores,2025,Sucumbíos,cv,2.7
estimadores,2025,Orellana,valor,0.9009999999999999
estimadores,2025,Orellana,error,0.026000000000000002
estimadores,2025,Orellana,li,0.8490000000000001
estimadores,2025,Orellana,ls,0.9520000000000001
estimadores,2025,Orellana,cv,2.9
estimadores,2025,Santo Domingo,valor,0.584
estimadores,2025,Santo Domingo,error,0.013000000000000001
estimadores,2025,Santo Domingo,li,0.5589999999999999
estimadores,2025,Santo Domingo,ls,0.609
estimadores,2025,Santo Domingo,cv,2.2
estimadores,2025,Santa Elena,valor,0.514
estimadores,2025,Santa Elena,error,0.012
estimadores,2025,Santa Elena,li,0.49
estimadores,2025,Santa Elena,ls,0.5379999999999999
estimadores,2025,Santa Elena,cv,2.4
