seccion,anio,desagregacion,categoria,valor
territorio,2018,,Total,0.402051
territorio,2018,,Urbano,0.492906
territorio,2018,,Rural,0.22538
territorio,2018,,Quito,0.59727
territorio,2018,,Guayaquil,0.507437
territorio,2018,,Cuenca,0.613841
territorio,2018,,Machala,0.520832
territorio,2018,,Ambato,0.524422
territorio,2018,,Azuay,0.432092
territorio,2018,,Bolívar,0.230391
territorio,2018,,Cañar,0.299216
territorio,2018,,Carchi,0.34261
territorio,2018,,Cotopaxi,0.283366
territorio,2018,,Chimborazo,0.203332
territorio,2018,,El Oro,0.457992
territorio,2018,,Esmeraldas,0.301181
territorio,2018,,Guayas,0.457083
territorio,2018,,Imbabura,0.342016
territorio,2018,,Loja,0.281474
territorio,2018,,Los Ríos,0.31714
territorio,2018,,Manabí,0.330582
territorio,2018,,Morona Santiago,0.190908
territorio,2018,,Napo,0.200555
territorio,2018,,Pastaza,0.271802
territorio,2018,,Pichincha,0.577639
territorio,2018,,Tungurahua,0.334677
territorio,2018,,Zamora Chinchipe,0.281963
territorio,2018,,Galápagos,0.672202
territorio,2018,,Sucumbíos,0.315058
territorio,2018,,Orellana,0.213541
territorio,2018,,Santo Domingo,0.387915
territorio,2018,,Santa Elena,0.349923
territorio,2018,,Sierra,0.417104
territorio,2018,,Costa,0.403189
territorio,2018,,Amazonia,0.244792
territorio,2018,,Insular,0.672202
territorio,2018,,Zona 1,0.322722
territorio,2018,,Zona 2,0.37085
territorio,2018,,Zona 3,0.275796
territorio,2018,,Zona 4,0.344549
territorio,2018,,Zona 5,0.324207
territorio,2018,,Zona 6,0.37006
territorio,2018,,Zona 7,0.368275
territorio,2018,,Zona 8,0.505573
territorio,2018,,Zona 9,0.591528
territorio,2019,,Total,0.383145
territorio,2019,,Urbano,0.474073
territorio,2019,,Rural,0.209402
territorio,2019,,Quito,0.555134
territorio,2019,,Guayaquil,0.512041
territorio,2019,,Cuenca,0.644355
territorio,2019,,Machala,0.558045
territorio,2019,,Ambato,0.497494
territorio,2019,,Azuay,0.442032
territorio,2019,,Bolívar,0.209486
territorio,2019,,Cañar,0.30901
territorio,2019,,Carchi,0.286684
territorio,2019,,Cotopaxi,0.262349
territorio,2019,,Chimborazo,0.192964
territorio,2019,,El Oro,0.471933
territorio,2019,,Esmeraldas,0.239762
territorio,2019,,Guayas,0.450418
territorio,2019,,Imbabura,0.315554
territorio,2019,,Loja,0.269232
territorio,2019,,Los Ríos,0.319387
territorio,2019,,Manabí,0.300774
territorio,2019,,Morona Santiago,0.156891
territorio,2019,,Napo,0.188999
territorio,2019,,Pastaza,0.224008
territorio,2019,,Pichincha,0.530439
territorio,2019,,Tungurahua,0.328909
territorio,2019,,Zamora Chinchipe,0.274315
territorio,2019,,Galápagos,0.651709
territorio,2019,,Sucumbíos,0.271305
territorio,2019,,Orellana,0.203002
territorio,2019,,Santo Domingo,0.372292
territorio,2019,,Santa Elena,0.339326
territorio,2019,,Sierra,0.393175
territorio,2019,,Costa,0.390375
territorio,2019,,Amazonia,0.21791
territorio,2019,,Insular,0.651709
territorio,2019,,Zona 1,0.276429
territorio,2019,,Zona 2,0.354234
territorio,2019,,Zona 3,0.261566
territorio,2019,,Zona 4,0.317748
territorio,2019,,Zona 5,0.315766
territorio,2019,,Zona 6,0.372541
territorio,2019,,Zona 7,0.368005
territorio,2019,,Zona 8,0.501265
territorio,2019,,Zona 9,0.542762
territorio,2021,,Total,0.32512
territorio,2021,,Urbano,0.398228
territorio,2021,,Rural,0.187254
territorio,2021,,Quito,0.451571
territorio,2021,,Guayaquil,0.42272
territorio,2021,,Cuenca,0.52347
territorio,2021,,Machala,0.414049
territorio,2021,,Ambato,0.389927
territorio,2021,,Azuay,0.387942
territorio,2021,,Bolívar,0.169962
territorio,2021,,Cañar,0.267756
territorio,2021,,Carchi,0.247325
territorio,2021,,Cotopaxi,0.255583
territorio,2021,,Chimborazo,0.16138
territorio,2021,,El Oro,0.372051
territorio,2021,,Esmeraldas,0.217381
territorio,2021,,Guayas,0.374412
territorio,2021,,Imbabura,0.301004
territorio,2021,,Loja,0.259551
territorio,2021,,Los Ríos,0.286026
territorio,2021,,Manabí,0.268554
territorio,2021,,Morona Santiago,0.138995
territorio,2021,,Napo,0.141859
territorio,2021,,Pastaza,0.188948
territorio,2021,,Pichincha,0.435572
territorio,2021,,Tungurahua,0.245071
territorio,2021,,Zamora Chinchipe,0.308434
territorio,2021,,Galápagos,0.359936
territorio,2021,,Sucumbíos,0.247546
territorio,2021,,Orellana,0.175775
territorio,2021,,Santo Domingo,0.321555
territorio,2021,,Santa Elena,0.302638
territorio,2021,,Sierra,0.333255
territorio,2021,,Costa,0.331746
territorio,2021,,Amazonia,0.198562
territorio,2021,,Insular,0.359936
territorio,2021,,Zona 1,0.255164
territorio,2021,,Zona 2,0.304181
territorio,2021,,Zona 3,0.219556
territorio,2021,,Zona 4,0.281685
territorio,2021,,Zona 5,0.271045
territorio,2021,,Zona 6,0.327093
territorio,2021,,Zona 7,0.318895
territorio,2021,,Zona 8,0.415411
territorio,2021,,Zona 9,0.439901
territorio,2022,,Total,0.344078
territorio,2022,,Urbano,0.423323
territorio,2022,,Rural,0.19253
territorio,2022,,Quito,0.490953
territorio,2022,,Guayaquil,0.440428
territorio,2022,,Cuenca,0.571438
territorio,2022,,Machala,0.430442
territorio,2022,,Ambato,0.413763
territorio,2022,,Azuay,0.399088
territorio,2022,,Bolívar,0.194429
territorio,2022,,Cañar,0.288591
territorio,2022,,Carchi,0.286542
territorio,2022,,Cotopaxi,0.24396
territorio,2022,,Chimborazo,0.166636
territorio,2022,,El Oro,0.37721
territorio,2022,,Esmeraldas,0.231641
territorio,2022,,Guayas,0.397125
territorio,2022,,Imbabura,0.326626
territorio,2022,,Loja,0.251782
territorio,2022,,Los Ríos,0.278997
territorio,2022,,Manabí,0.283858
territorio,2022,,Morona Santiago,0.138933
territorio,2022,,Napo,0.126923
territorio,2022,,Pastaza,0.137887
territorio,2022,,Pichincha,0.482381
territorio,2022,,Tungurahua,0.270111
territorio,2022,,Zamora Chinchipe,0.28068
territorio,2022,,Galápagos,0.525378
territorio,2022,,Sucumbíos,0.227216
territorio,2022,,Orellana,0.164094
territorio,2022,,Santo Domingo,0.357501
territorio,2022,,Santa Elena,0.302104
territorio,2022,,Sierra,0.359513
territorio,2022,,Costa,0.346879
territorio,2022,,Amazonia,0.177886
territorio,2022,,Insular,0.525378
territorio,2022,,Zona 1,0.271992
territorio,2022,,Zona 2,0.312958
territorio,2022,,Zona 3,0.223647
territorio,2022,,Zona 4,0.301766
territorio,2022,,Zona 5,0.287596
territorio,2022,,Zona 6,0.339224
territorio,2022,,Zona 7,0.316682
territorio,2022,,Zona 8,0.436801
territorio,2022,,Zona 9,0.489422
territorio,2023,,Total,0.36307
territorio,2023,,Urbano,0.450402
territorio,2023,,Rural,0.194854
territorio,2023,,Quito,0.552322
territorio,2023,,Guayaquil,0.462511
territorio,2023,,Cuenca,0.585104
territorio,2023,,Machala,0.443655
territorio,2023,,Ambato,0.440364
territorio,2023,,Azuay,0.40244
territorio,2023,,Bolívar,0.19542
territorio,2023,,Cañar,0.285077
territorio,2023,,Carchi,0.276595
territorio,2023,,Cotopaxi,0.217256
territorio,2023,,Chimborazo,0.161918
territorio,2023,,El Oro,0.401396
territorio,2023,,Esmeraldas,0.245035
territorio,2023,,Guayas,0.417987
territorio,2023,,Imbabura,0.310124
territorio,2023,,Loja,0.269252
territorio,2023,,Los Ríos,0.326784
territorio,2023,,Manabí,0.309707
territorio,2023,,Morona Santiago,0.165654
territorio,2023,,Napo,0.102008
territorio,2023,,Pastaza,0.11919
territorio,2023,,Pichincha,0.536225
territorio,2023,,Tungurahua,0.290132
territorio,2023,,Zamora Chinchipe,0.281063
territorio,2023,,Galápagos,0.551754
territorio,2023,,Sucumbíos,0.209962
territorio,2023,,Orellana,0.150331
territorio,2023,,Santo Domingo,0.316885
territorio,2023,,Santa Elena,0.290607
territorio,2023,,Sierra,0.377102
territorio,2023,,Costa,0.369699
territorio,2023,,Amazonia,0.172301
territorio,2023,,Insular,0.551754
territorio,2023,,Zona 1,0.267687
territorio,2023,,Zona 2,0.312844
territorio,2023,,Zona 3,0.21945
territorio,2023,,Zona 4,0.311455
territorio,2023,,Zona 5,0.311337
territorio,2023,,Zona 6,0.344155
territorio,2023,,Zona 7,0.335861
territorio,2023,,Zona 8,0.461723
territorio,2023,,Zona 9,0.545704
territorio,2024,,Total,0.358762
territorio,2024,,Urbano,0.444946
territorio,2024,,Rural,0.193707
territorio,2024,,Quito,0.515812
territorio,2024,,Guayaquil,0.464996
territorio,2024,,Cuenca,0.589879
territorio,2024,,Machala,0.44746
territorio,2024,,Ambato,0.431161
territorio,2024,,Azuay,0.41315
territorio,2024,,Bolívar,0.195902
territorio,2024,,Cañar,0.208134
territorio,2024,,Carchi,0.264365
territorio,2024,,Cotopaxi,0.211977
territorio,2024,,Chimborazo,0.193073
territorio,2024,,El Oro,0.43123
territorio,2024,,Esmeraldas,0.222592
territorio,2024,,Guayas,0.408177
territorio,2024,,Imbabura,0.291294
territorio,2024,,Loja,0.283579
territorio,2024,,Los Ríos,0.362576
territorio,2024,,Manabí,0.315098
territorio,2024,,Morona Santiago,0.145951
territorio,2024,,Napo,0.138246
territorio,2024,,Pastaza,0.19968
territorio,2024,,Pichincha,0.512086
territorio,2024,,Tungurahua,0.299878
territorio,2024,,Zamora Chinchipe,0.253374
territorio,2024,,Galápagos,0.511388
territorio,2024,,Sucumbíos,0.20673
territorio,2024,,Orellana,0.104418
territorio,2024,,Santo Domingo,0.314525
territorio,2024,,Santa Elena,0.28677
territorio,2024,,Sierra,0.369863
territorio,2024,,Costa,0.37074
territorio,2024,,Amazonia,0.171412
territorio,2024,,Insular,0.511388
territorio,2024,,Zona 1,0.249333
territorio,2024,,Zona 2,0.312176
territorio,2024,,Zona 3,0.235871
territorio,2024,,Zona 4,0.314962
territorio,2024,,Zona 5,0.304785
territorio,2024,,Zona 6,0.329924
territorio,2024,,Zona 7,0.352852
territorio,2024,,Zona 8,0.467085
territorio,2024,,Zona 9,0.51871
territorio,2025,,Total,0.371295
territorio,2025,,Urbano,0.453135
territorio,2025,,Rural,0.219278
territorio,2025,,Quito,0.551403
territorio,2025,,Guayaquil,0.49091
territorio,2025,,Cuenca,0.589188
territorio,2025,,Machala,0.459266
territorio,2025,,Ambato,0.483324
territorio,2025,,Azuay,0.448736
territorio,2025,,Bolívar,0.249458
territorio,2025,,Cañar,0.316636
territorio,2025,,Carchi,0.243762
territorio,2025,,Cotopaxi,0.256723
territorio,2025,,Chimborazo,0.216066
territorio,2025,,El Oro,0.425925
territorio,2025,,Esmeraldas,0.250192
territorio,2025,,Guayas,0.413426
territorio,2025,,Imbabura,0.293131
territorio,2025,,Loja,0.268398
territorio,2025,,Los Ríos,0.325282
territorio,2025,,Manabí,0.293103
territorio,2025,,Morona Santiago,0.097638
territorio,2025,,Napo,0.119458
territorio,2025,,Pastaza,0.241475
territorio,2025,,Pichincha,0.530268
territorio,2025,,Tungurahua,0.305429
territorio,2025,,Zamora Chinchipe,0.321442
territorio,2025,,Galápagos,0.595543
territorio,2025,,Sucumbíos,0.276294
territorio,2025,,Orellana,0.177924
territorio,2025,,Santo Domingo,0.393572
territorio,2025,,Santa Elena,0.314529
territorio,2025,,Sierra,0.394554
territorio,2025,,Costa,0.366357
territorio,2025,,Amazonia,0.202221
territorio,2025,,Insular,0.595543
territorio,2025,,Zona 1,0.267959
territorio,2025,,Zona 2,0.33838
territorio,2025,,Zona 3,0.259211
territorio,2025,,Zona 4,0.316823
territorio,2025,,Zona 5,0.285791
territorio,2025,,Zona 6,0.374543
territorio,2025,,Zona 7,0.352477
territorio,2025,,Zona 8,0.483591
territorio,2025,,Zona 9,0.544402
caracteristicas,2018,Sexo,Hombre,0.471442
caracteristicas,2018,Sexo,Mujer,0.309346
caracteristicas,2018,Grupos de edad,15 a 17 años,0.015359
caracteristicas,2018,Grupos de edad,18 a 29 años,0.36194
caracteristicas,2018,Grupos de edad,30 a 44 años,0.494949
caracteristicas,2018,Grupos de edad,45 a 64 años,0.42337
caracteristicas,2018,Grupos de edad,65 años y más,0.172277
caracteristicas,2018,Etnia,Indígena,0.174341
caracteristicas,2018,Etnia,Afroecuatoriano,0.370658
caracteristicas,2018,Etnia,Montubio,0.237763
caracteristicas,2018,Etnia,Mestizo,0.439363
caracteristicas,2018,Etnia,Blanco,0.440689
caracteristicas,2018,Estado civil/conyugal,Casado,0.466639
caracteristicas,2018,Estado civil/conyugal,Unión libre,0.418927
caracteristicas,2018,Estado civil/conyugal,Soltero,0.31874
caracteristicas,2018,Estado civil/conyugal,Otro,0.361305
caracteristicas,2018,Nivel de instrucción,Ninguno,0.10624
caracteristicas,2018,Nivel de instrucción,Centro de alfabetización,0.110485
caracteristicas,2018,Nivel de instrucción,Básica,0.284497
caracteristicas,2018,Nivel de instrucción,Bachillerato,0.421389
caracteristicas,2018,Nivel de instrucción,Superior,0.681298
caracteristicas,2018,Quintiles de ingreso,Quintil 1,0.033376
caracteristicas,2018,Quintiles de ingreso,Quintil 2,0.205599
caracteristicas,2018,Quintiles de ingreso,Quintil 3,0.350397
caracteristicas,2018,Quintiles de ingreso,Quintil 4,0.513994
caracteristicas,2018,Quintiles de ingreso,Quintil 5,0.733902
caracteristicas,2019,Sexo,Hombre,0.45151
caracteristicas,2019,Sexo,Mujer,0.29444
caracteristicas,2019,Grupos de edad,15 a 17 años,0.013429
caracteristicas,2019,Grupos de edad,18 a 29 años,0.34198
caracteristicas,2019,Grupos de edad,30 a 44 años,0.478402
caracteristicas,2019,Grupos de edad,45 a 64 años,0.402684
caracteristicas,2019,Grupos de edad,65 años y más,0.158452
caracteristicas,2019,Etnia,Indígena,0.165441
caracteristicas,2019,Etnia,Afroecuatoriano,0.354039
caracteristicas,2019,Etnia,Montubio,0.225771
caracteristicas,2019,Etnia,Mestizo,0.421936
caracteristicas,2019,Etnia,Blanco,0.430292
caracteristicas,2019,Estado civil/conyugal,Casado,0.444562
caracteristicas,2019,Estado civil/conyugal,Unión libre,0.402025
caracteristicas,2019,Estado civil/conyugal,Soltero,0.302473
caracteristicas,2019,Estado civil/conyugal,Otro,0.346126
caracteristicas,2019,Nivel de instrucción,Ninguno,0.091239
caracteristicas,2019,Nivel de instrucción,Centro de alfabetización,0.086504
caracteristicas,2019,Nivel de instrucción,Básica,0.266694
caracteristicas,2019,Nivel de instrucción,Bachillerato,0.403391
caracteristicas,2019,Nivel de instrucción,Superior,0.654693
caracteristicas,2019,Quintiles de ingreso,Quintil 1,0.02307
caracteristicas,2019,Quintiles de ingreso,Quintil 2,0.182819
caracteristicas,2019,Quintiles de ingreso,Quintil 3,0.335173
caracteristicas,2019,Quintiles de ingreso,Quintil 4,0.486979
caracteristicas,2019,Quintiles de ingreso,Quintil 5,0.721815
caracteristicas,2021,Sexo,Hombre,0.377819
caracteristicas,2021,Sexo,Mujer,0.255184
caracteristicas,2021,Grupos de edad,15 a 17 años,0.010395
caracteristicas,2021,Grupos de edad,18 a 29 años,0.2775
caracteristicas,2021,Grupos de edad,30 a 44 años,0.417533
caracteristicas,2021,Grupos de edad,45 a 64 años,0.340688
caracteristicas,2021,Grupos de edad,65 años y más,0.108831
caracteristicas,2021,Etnia,Indígena,0.15136
caracteristicas,2021,Etnia,Afroecuatoriano,0.294383
caracteristicas,2021,Etnia,Montubio,0.186109
caracteristicas,2021,Etnia,Mestizo,0.353405
caracteristicas,2021,Etnia,Blanco,0.400674
caracteristicas,2021,Estado civil/conyugal,Casado,0.384441
caracteristicas,2021,Estado civil/conyugal,Unión libre,0.346492
caracteristicas,2021,Estado civil/conyugal,Soltero,0.254955
caracteristicas,2021,Estado civil/conyugal,Otro,0.28699
caracteristicas,2021,Nivel de instrucción,Ninguno,0.086201
caracteristicas,2021,Nivel de instrucción,Centro de alfabetización,0.119455
caracteristicas,2021,Nivel de instrucción,Básica,0.20841
caracteristicas,2021,Nivel de instrucción,Bachillerato,0.332689
caracteristicas,2021,Nivel de instrucción,Superior,0.561653
caracteristicas,2021,Quintiles de ingreso,Quintil 1,0.010207
caracteristicas,2021,Quintiles de ingreso,Quintil 2,0.113228
caracteristicas,2021,Quintiles de ingreso,Quintil 3,0.255964
caracteristicas,2021,Quintiles de ingreso,Quintil 4,0.414625
caracteristicas,2021,Quintiles de ingreso,Quintil 5,0.666239
caracteristicas,2022,Sexo,Hombre,0.400742
caracteristicas,2022,Sexo,Mujer,0.27039
caracteristicas,2022,Grupos de edad,15 a 17 años,0.010331
caracteristicas,2022,Grupos de edad,18 a 29 años,0.290356
caracteristicas,2022,Grupos de edad,30 a 44 años,0.439817
caracteristicas,2022,Grupos de edad,45 a 64 años,0.361554
caracteristicas,2022,Grupos de edad,65 años y más,0.129776
caracteristicas,2022,Etnia,Indígena,0.139671
caracteristicas,2022,Etnia,Afroecuatoriano,0.318147
caracteristicas,2022,Etnia,Montubio,0.202522
caracteristicas,2022,Etnia,Mestizo,0.374661
caracteristicas,2022,Etnia,Blanco,0.396643
caracteristicas,2022,Estado civil/conyugal,Casado,0.410971
caracteristicas,2022,Estado civil/conyugal,Unión libre,0.363209
caracteristicas,2022,Estado civil/conyugal,Soltero,0.276116
caracteristicas,2022,Estado civil/conyugal,Otro,0.293351
caracteristicas,2022,Nivel de instrucción,Ninguno,0.069121
caracteristicas,2022,Nivel de instrucción,Centro de alfabetización,0.056608
caracteristicas,2022,Nivel de instrucción,Básica,0.220376
caracteristicas,2022,Nivel de instrucción,Bachillerato,0.349275
caracteristicas,2022,Nivel de instrucción,Superior,0.607064
caracteristicas,2022,Quintiles de ingreso,Quintil 1,0.010221
caracteristicas,2022,Quintiles de ingreso,Quintil 2,0.12689
caracteristicas,2022,Quintiles de ingreso,Quintil 3,0.273206
caracteristicas,2022,Quintiles de ingreso,Quintil 4,0.42829
caracteristicas,2022,Quintiles de ingreso,Quintil 5,0.683052
caracteristicas,2023,Sexo,Hombre,0.417926
caracteristicas,2023,Sexo,Mujer,0.290854
caracteristicas,2023,Grupos de edad,15 a 17 años,0.015949
caracteristicas,2023,Grupos de edad,18 a 29 años,0.308861
caracteristicas,2023,Grupos de edad,30 a 44 años,0.462321
caracteristicas,2023,Grupos de edad,45 a 64 años,0.381354
caracteristicas,2023,Grupos de edad,65 años y más,0.138161
caracteristicas,2023,Etnia,Indígena,0.141226
caracteristicas,2023,Etnia,Afroecuatoriano,0.329428
caracteristicas,2023,Etnia,Montubio,0.21452
caracteristicas,2023,Etnia,Mestizo,0.403202
caracteristicas,2023,Etnia,Blanco,0.477208
caracteristicas,2023,Estado civil/conyugal,Casado,0.426695
caracteristicas,2023,Estado civil/conyugal,Unión libre,0.387775
caracteristicas,2023,Estado civil/conyugal,Soltero,0.301535
caracteristicas,2023,Estado civil/conyugal,Otro,0.307643
caracteristicas,2023,Nivel de instrucción,Ninguno,0.089479
caracteristicas,2023,Nivel de instrucción,Centro de alfabetización,0.059615
caracteristicas,2023,Nivel de instrucción,Básica,0.227178
caracteristicas,2023,Nivel de instrucción,Bachillerato,0.379277
caracteristicas,2023,Nivel de instrucción,Superior,0.629494
caracteristicas,2023,Quintiles de ingreso,Quintil 1,0.013905
caracteristicas,2023,Quintiles de ingreso,Quintil 2,0.141408
caracteristicas,2023,Quintiles de ingreso,Quintil 3,0.283411
caracteristicas,2023,Quintiles de ingreso,Quintil 4,0.45207
caracteristicas,2023,Quintiles de ingreso,Quintil 5,0.701845
caracteristicas,2024,Sexo,Hombre,0.414462
caracteristicas,2024,Sexo,Mujer,0.284437
caracteristicas,2024,Grupos de edad,15 a 17 años,0.015692
caracteristicas,2024,Grupos de edad,18 a 29 años,0.318016
caracteristicas,2024,Grupos de edad,30 a 44 años,0.450021
caracteristicas,2024,Grupos de edad,45 a 64 años,0.37046
caracteristicas,2024,Grupos de edad,65 años y más,0.147915
caracteristicas,2024,Etnia,Indígena,0.139411
caracteristicas,2024,Etnia,Afroecuatoriano,0.310438
caracteristicas,2024,Etnia,Montubio,0.212215
caracteristicas,2024,Etnia,Mestizo,0.40095
caracteristicas,2024,Etnia,Blanco,0.448429
caracteristicas,2024,Estado civil/conyugal,Casado,0.421403
caracteristicas,2024,Estado civil/conyugal,Unión libre,0.384992
caracteristicas,2024,Estado civil/conyugal,Soltero,0.305538
caracteristicas,2024,Estado civil/conyugal,Otro,0.291185
caracteristicas,2024,Nivel de instrucción,Ninguno,0.067105
caracteristicas,2024,Nivel de instrucción,Centro de alfabetización,0.051097
caracteristicas,2024,Nivel de instrucción,Básica,0.221639
caracteristicas,2024,Nivel de instrucción,Bachillerato,0.37202
caracteristicas,2024,Nivel de instrucción,Superior,0.632176
caracteristicas,2024,Quintiles de ingreso,Quintil 1,0.010221
caracteristicas,2024,Quintiles de ingreso,Quintil 2,0.128031
caracteristicas,2024,Quintiles de ingreso,Quintil 3,0.27923
caracteristicas,2024,Quintiles de ingreso,Quintil 4,0.437759
caracteristicas,2024,Quintiles de ingreso,Quintil 5,0.699769
caracteristicas,2025,Sexo,Hombre,0.42426
caracteristicas,2025,Sexo,Mujer,0.299572
caracteristicas,2025,Grupos de edad,15 a 17 años,0.009598
caracteristicas,2025,Grupos de edad,18 a 29 años,0.327255
caracteristicas,2025,Grupos de edad,30 a 44 años,0.467125
caracteristicas,2025,Grupos de edad,45 a 64 años,0.387311
caracteristicas,2025,Grupos de edad,65 años y más,0.137481
caracteristicas,2025,Etnia,Indígena,0.181477
caracteristicas,2025,Etnia,Afroecuatoriano,0.342076
caracteristicas,2025,Etnia,Montubio,0.186711
caracteristicas,2025,Etnia,Mestizo,0.409243
caracteristicas,2025,Etnia,Blanco,0.388006
caracteristicas,2025,Estado civil/conyugal,Casado,0.437931
caracteristicas,2025,Estado civil/conyugal,Unión libre,0.392062
caracteristicas,2025,Estado civil/conyugal,Soltero,0.315517
caracteristicas,2025,Estado civil/conyugal,Otro,0.310126
caracteristicas,2025,Nivel de instrucción,Ninguno,0.082601
caracteristicas,2025,Nivel de instrucción,Centro de alfabetización,0.065658
caracteristicas,2025,Nivel de instrucción,Básica,0.230747
caracteristicas,2025,Nivel de instrucción,Bachillerato,0.393112
caracteristicas,2025,Nivel de instrucción,Superior,0.628097
caracteristicas,2025,Quintiles de ingreso,Quintil 1,0.016845
caracteristicas,2025,Quintiles de ingreso,Quintil 2,0.157398
caracteristicas,2025,Quintiles de ingreso,Quintil 3,0.294537
caracteristicas,2025,Quintiles de ingreso,Quintil 4,0.438378
caracteristicas,2025,Quintiles de ingreso,Quintil 5,0.699161
ci,2018,Límite inferior,Total,0.3977521343347434
ci,2018,Límite inferior,Urbano,0.4883189405566269
ci,2018,Límite inferior,Rural,0.2189743356768013
ci,2018,Límite superior,Total,0.4063490502220787
ci,2018,Límite superior,Urbano,0.4974928487096921
ci,2018,Límite superior,Rural,0.2317854592194011
ci,2019,Límite inferior,Total,0.3785301911275276
ci,2019,Límite inferior,Urbano,0.4690173083856088
ci,2019,Límite inferior,Rural,0.2028632765848432
ci,2019,Límite superior,Total,0.3877600321961652
ci,2019,Límite superior,Urbano,0.4791281907601033
ci,2019,Límite superior,Rural,0.2159413479388847
ci,2021,Límite inferior,Total,0.3177907744941253
ci,2021,Límite inferior,Urbano,0.3902156570751362
ci,2021,Límite inferior,Rural,0.1759144150833455
ci,2021,Límite superior,Total,0.3324486948746114
ci,2021,Límite superior,Urbano,0.4062394802343809
ci,2021,Límite superior,Rural,0.198592587047472
ci,2022,Límite inferior,Total,0.3359939594488899
ci,2022,Límite inferior,Urbano,0.4149602034801237
ci,2022,Límite inferior,Rural,0.1812546888757903
ci,2022,Límite superior,Total,0.3521610738817192
ci,2022,Límite superior,Urbano,0.4316858876513373
ci,2022,Límite superior,Rural,0.2038045294047427
ci,2023,Límite inferior,Total,0.3536594442978463
ci,2023,Límite inferior,Urbano,0.4415979292133071
ci,2023,Límite inferior,Rural,0.1824296173806054
ci,2023,Límite superior,Total,0.3724808036039758
ci,2023,Límite superior,Urbano,0.4592057356636318
ci,2023,Límite superior,Rural,0.2072781239989355
ci,2024,Límite inferior,Total,0.346074920064234
ci,2024,Límite inferior,Urbano,0.434720047258038
ci,2024,Límite inferior,Rural,0.177163901929299
ci,2024,Límite superior,Total,0.371448173169266
ci,2024,Límite superior,Urbano,0.455172324536641
ci,2024,Límite superior,Rural,0.210250671968757
ci,2025,Límite inferior,Total,0.36
ci,2025,Límite inferior,Urbano,0.43799999999999994
ci,2025,Límite inferior,Rural,0.20199999999999999
ci,2025,Límite superior,Total,0.38299999999999995
ci,2025,Límite superior,Urbano,0.46799999999999997
ci,2025,Límite superior,Rural,0.237
territorio_hombre,2018,,Urbano,0.561119
territorio_hombre,2018,,Rural,0.297705
territorio_hombre,2018,,Quito,0.660964
territorio_hombre,2018,,Guayaquil,0.581426
territorio_hombre,2018,,Cuenca,0.69554
territorio_hombre,2018,,Machala,0.597135
territorio_hombre,2018,,Ambato,0.599112
territorio_hombre,2018,,Sierra,0.502894
territorio_hombre,2018,,Costa,0.459995
territorio_hombre,2018,,Amazonia,0.302215
territorio_hombre,2018,,Insular,0.783791
territorio_hombre,2018,,Zona 1,0.37275
territorio_hombre,2018,,Zona 2,0.434727
territorio_hombre,2018,,Zona 3,0.370558
territorio_hombre,2018,,Zona 4,0.397067
territorio_hombre,2018,,Zona 5,0.38294
territorio_hombre,2018,,Zona 6,0.478799
territorio_hombre,2018,,Zona 7,0.454517
territorio_hombre,2018,,Zona 8,0.576789
territorio_hombre,2018,,Zona 9,0.65567
territorio_hombre,2018,,Total,0.471442
territorio_hombre,2019,,Urbano,0.539557
territorio_hombre,2019,,Rural,0.282161
territorio_hombre,2019,,Quito,0.618818
territorio_hombre,2019,,Guayaquil,0.580893
territorio_hombre,2019,,Cuenca,0.734089
territorio_hombre,2019,,Machala,0.637938
territorio_hombre,2019,,Ambato,0.567173
territorio_hombre,2019,,Sierra,0.478406
territorio_hombre,2019,,Costa,0.444558
territorio_hombre,2019,,Amazonia,0.275199
territorio_hombre,2019,,Insular,0.729234
territorio_hombre,2019,,Zona 1,0.315646
territorio_hombre,2019,,Zona 2,0.408917
territorio_hombre,2019,,Zona 3,0.358093
territorio_hombre,2019,,Zona 4,0.363666
territorio_hombre,2019,,Zona 5,0.373938
territorio_hombre,2019,,Zona 6,0.48849
territorio_hombre,2019,,Zona 7,0.463081
territorio_hombre,2019,,Zona 8,0.571927
territorio_hombre,2019,,Zona 9,0.605093
territorio_hombre,2019,,Total,0.45151
territorio_hombre,2021,,Urbano,0.447098
territorio_hombre,2021,,Rural,0.246669
territorio_hombre,2021,,Quito,0.497715
territorio_hombre,2021,,Guayaquil,0.480347
territorio_hombre,2021,,Cuenca,0.595751
territorio_hombre,2021,,Machala,0.48336
territorio_hombre,2021,,Ambato,0.444065
territorio_hombre,2021,,Sierra,0.398051
territorio_hombre,2021,,Costa,0.373808
territorio_hombre,2021,,Amazonia,0.243353
territorio_hombre,2021,,Insular,0.42109
territorio_hombre,2021,,Zona 1,0.283578
territorio_hombre,2021,,Zona 2,0.346446
territorio_hombre,2021,,Zona 3,0.289764
territorio_hombre,2021,,Zona 4,0.318236
territorio_hombre,2021,,Zona 5,0.314806
territorio_hombre,2021,,Zona 6,0.42409
territorio_hombre,2021,,Zona 7,0.396225
territorio_hombre,2021,,Zona 8,0.466388
territorio_hombre,2021,,Zona 9,0.487379
territorio_hombre,2021,,Total,0.377819
territorio_hombre,2022,,Urbano,0.478725
territorio_hombre,2022,,Rural,0.253233
territorio_hombre,2022,,Quito,0.542065
territorio_hombre,2022,,Guayaquil,0.504831
territorio_hombre,2022,,Cuenca,0.648102
territorio_hombre,2022,,Machala,0.502856
territorio_hombre,2022,,Ambato,0.480281
territorio_hombre,2022,,Sierra,0.427643
territorio_hombre,2022,,Costa,0.394072
territorio_hombre,2022,,Amazonia,0.224692
territorio_hombre,2022,,Insular,0.593062
territorio_hombre,2022,,Zona 1,0.303314
territorio_hombre,2022,,Zona 2,0.361039
territorio_hombre,2022,,Zona 3,0.299611
territorio_hombre,2022,,Zona 4,0.342383
territorio_hombre,2022,,Zona 5,0.329091
territorio_hombre,2022,,Zona 6,0.430387
territorio_hombre,2022,,Zona 7,0.401167
territorio_hombre,2022,,Zona 8,0.500087
territorio_hombre,2022,,Zona 9,0.54079
territorio_hombre,2022,,Total,0.400742
territorio_hombre,2023,,Urbano,0.501656
territorio_hombre,2023,,Rural,0.25437
territorio_hombre,2023,,Quito,0.609881
territorio_hombre,2023,,Guayaquil,0.510155
territorio_hombre,2023,,Cuenca,0.672743
territorio_hombre,2023,,Machala,0.506962
territorio_hombre,2023,,Ambato,0.503093
territorio_hombre,2023,,Sierra,0.451647
territorio_hombre,2023,,Costa,0.406433
territorio_hombre,2023,,Amazonia,0.224135
territorio_hombre,2023,,Insular,0.59652
territorio_hombre,2023,,Zona 1,0.301606
territorio_hombre,2023,,Zona 2,0.375046
territorio_hombre,2023,,Zona 3,0.302041
territorio_hombre,2023,,Zona 4,0.332198
territorio_hombre,2023,,Zona 5,0.349466
territorio_hombre,2023,,Zona 6,0.435766
territorio_hombre,2023,,Zona 7,0.422074
territorio_hombre,2023,,Zona 8,0.50762
territorio_hombre,2023,,Zona 9,0.605293
territorio_hombre,2023,,Total,0.417926
territorio_hombre,2024,,Urbano,0.497235
territorio_hombre,2024,,Rural,0.25376
territorio_hombre,2024,,Quito,0.586293
territorio_hombre,2024,,Guayaquil,0.517038
territorio_hombre,2024,,Cuenca,0.663382
territorio_hombre,2024,,Machala,0.512113
territorio_hombre,2024,,Ambato,0.505939
territorio_hombre,2024,,Sierra,0.449567
territorio_hombre,2024,,Costa,0.404258
territorio_hombre,2024,,Amazonia,0.219746
territorio_hombre,2024,,Insular,0.582093
territorio_hombre,2024,,Zona 1,0.279739
territorio_hombre,2024,,Zona 2,0.372309
territorio_hombre,2024,,Zona 3,0.331054
territorio_hombre,2024,,Zona 4,0.338723
territorio_hombre,2024,,Zona 5,0.334149
territorio_hombre,2024,,Zona 6,0.425201
territorio_hombre,2024,,Zona 7,0.425906
territorio_hombre,2024,,Zona 8,0.515195
territorio_hombre,2024,,Zona 9,0.591437
territorio_hombre,2024,,Total,0.414462
territorio_hombre,2025,,Urbano,0.50318
territorio_hombre,2025,,Rural,0.277789
territorio_hombre,2025,,Quito,0.620077
territorio_hombre,2025,,Guayaquil,0.54378
territorio_hombre,2025,,Cuenca,0.688284
territorio_hombre,2025,,Machala,0.533139
territorio_hombre,2025,,Ambato,0.569756
territorio_hombre,2025,,Sierra,0.473975
territorio_hombre,2025,,Costa,0.396588
territorio_hombre,2025,,Amazonia,0.255415
territorio_hombre,2025,,Insular,0.630066
territorio_hombre,2025,,Zona 1,0.299938
territorio_hombre,2025,,Zona 2,0.393991
territorio_hombre,2025,,Zona 3,0.352214
territorio_hombre,2025,,Zona 4,0.335344
territorio_hombre,2025,,Zona 5,0.309637
territorio_hombre,2025,,Zona 6,0.496545
territorio_hombre,2025,,Zona 7,0.422588
territorio_hombre,2025,,Zona 8,0.535654
territorio_hombre,2025,,Zona 9,0.609989
territorio_hombre,2025,,Total,0.42426
caracteristicas_hombre,2018,Grupos de edad,15 a 17 años,0.0205
caracteristicas_hombre,2018,Grupos de edad,18 a 29 años,0.405535
caracteristicas_hombre,2018,Grupos de edad,30 a 44 años,0.592938
caracteristicas_hombre,2018,Grupos de edad,45 a 64 años,0.509553
caracteristicas_hombre,2018,Grupos de edad,65 años y más,0.221708
caracteristicas_hombre,2018,Etnia,Indígena,0.253856
caracteristicas_hombre,2018,Etnia,Afroecuatoriano,0.432914
caracteristicas_hombre,2018,Etnia,Montubio,0.274128
caracteristicas_hombre,2018,Etnia,Mestizo,0.509577
caracteristicas_hombre,2018,Etnia,Blanco,0.506684
caracteristicas_hombre,2018,Estado civil/conyugal,Casado,0.57136
caracteristicas_hombre,2018,Estado civil/conyugal,Unión libre,0.506029
caracteristicas_hombre,2018,Estado civil/conyugal,Soltero,0.315689
caracteristicas_hombre,2018,Estado civil/conyugal,Otros,0.424212
caracteristicas_hombre,2018,Nivel de instrucción,Ninguno,0.163089
caracteristicas_hombre,2018,Nivel de instrucción,Centro de Alfabetización,0.209508
caracteristicas_hombre,2018,Nivel de instrucción,Básica,0.37149
caracteristicas_hombre,2018,Nivel de instrucción,Bachillerato,0.507942
caracteristicas_hombre,2018,Nivel de instrucción,Superior,0.708937
caracteristicas_hombre,2019,Grupos de edad,15 a 17 años,0.020395
caracteristicas_hombre,2019,Grupos de edad,18 a 29 años,0.38852
caracteristicas_hombre,2019,Grupos de edad,30 a 44 años,0.570978
caracteristicas_hombre,2019,Grupos de edad,45 a 64 años,0.486758
caracteristicas_hombre,2019,Grupos de edad,65 años y más,0.210191
caracteristicas_hombre,2019,Etnia,Indígena,0.241431
caracteristicas_hombre,2019,Etnia,Afroecuatoriano,0.396787
caracteristicas_hombre,2019,Etnia,Montubio,0.267281
caracteristicas_hombre,2019,Etnia,Mestizo,0.491801
caracteristicas_hombre,2019,Etnia,Blanco,0.478018
caracteristicas_hombre,2019,Estado civil/conyugal,Casado,0.549696
caracteristicas_hombre,2019,Estado civil/conyugal,Unión libre,0.486785
caracteristicas_hombre,2019,Estado civil/conyugal,Soltero,0.302878
caracteristicas_hombre,2019,Estado civil/conyugal,Otros,0.398073
caracteristicas_hombre,2019,Nivel de instrucción,Ninguno,0.150304
caracteristicas_hombre,2019,Nivel de instrucción,Centro de Alfabetización,0.14889
caracteristicas_hombre,2019,Nivel de instrucción,Básica,0.352826
caracteristicas_hombre,2019,Nivel de instrucción,Bachillerato,0.49027
caracteristicas_hombre,2019,Nivel de instrucción,Superior,0.677502
caracteristicas_hombre,2021,Grupos de edad,15 a 17 años,0.014595
caracteristicas_hombre,2021,Grupos de edad,18 a 29 años,0.315153
caracteristicas_hombre,2021,Grupos de edad,30 a 44 años,0.496492
caracteristicas_hombre,2021,Grupos de edad,45 a 64 años,0.400936
caracteristicas_hombre,2021,Grupos de edad,65 años y más,0.141281
caracteristicas_hombre,2021,Etnia,Indígena,0.205538
caracteristicas_hombre,2021,Etnia,Afroecuatoriano,0.320618
caracteristicas_hombre,2021,Etnia,Montubio,0.203836
caracteristicas_hombre,2021,Etnia,Mestizo,0.409283
caracteristicas_hombre,2021,Etnia,Blanco,0.446914
caracteristicas_hombre,2021,Estado civil/conyugal,Casado,0.466294
caracteristicas_hombre,2021,Estado civil/conyugal,Unión libre,0.406053
caracteristicas_hombre,2021,Estado civil/conyugal,Soltero,0.258856
caracteristicas_hombre,2021,Estado civil/conyugal,Otros,0.33374
caracteristicas_hombre,2021,Nivel de instrucción,Ninguno,0.127843
caracteristicas_hombre,2021,Nivel de instrucción,Centro de Alfabetización,0.252301
caracteristicas_hombre,2021,Nivel de instrucción,Básica,0.274864
caracteristicas_hombre,2021,Nivel de instrucción,Bachillerato,0.404547
caracteristicas_hombre,2021,Nivel de instrucción,Superior,0.583105
caracteristicas_hombre,2022,Grupos de edad,15 a 17 años,0.011842
caracteristicas_hombre,2022,Grupos de edad,18 a 29 años,0.324984
caracteristicas_hombre,2022,Grupos de edad,30 a 44 años,0.521337
caracteristicas_hombre,2022,Grupos de edad,45 a 64 años,0.42997
caracteristicas_hombre,2022,Grupos de edad,65 años y más,0.166363
caracteristicas_hombre,2022,Etnia,Indígena,0.192972
caracteristicas_hombre,2022,Etnia,Afroecuatoriano,0.358066
caracteristicas_hombre,2022,Etnia,Montubio,0.233938
caracteristicas_hombre,2022,Etnia,Mestizo,0.433619
caracteristicas_hombre,2022,Etnia,Blanco,0.43938
caracteristicas_hombre,2022,Estado civil/conyugal,Casado,0.502003
caracteristicas_hombre,2022,Estado civil/conyugal,Unión libre,0.424862
caracteristicas_hombre,2022,Estado civil/conyugal,Soltero,0.278415
caracteristicas_hombre,2022,Estado civil/conyugal,Otros,0.334965
caracteristicas_hombre,2022,Nivel de instrucción,Ninguno,0.104639
caracteristicas_hombre,2022,Nivel de instrucción,Centro de Alfabetización,0.084385
caracteristicas_hombre,2022,Nivel de instrucción,Básica,0.293677
caracteristicas_hombre,2022,Nivel de instrucción,Bachillerato,0.423269
caracteristicas_hombre,2022,Nivel de instrucción,Superior,0.63362
caracteristicas_hombre,2023,Grupos de edad,15 a 17 años,0.02267
caracteristicas_hombre,2023,Grupos de edad,18 a 29 años,0.345401
caracteristicas_hombre,2023,Grupos de edad,30 a 44 años,0.54296
caracteristicas_hombre,2023,Grupos de edad,45 a 64 años,0.441576
caracteristicas_hombre,2023,Grupos de edad,65 años y más,0.182661
caracteristicas_hombre,2023,Etnia,Indígena,0.189324
caracteristicas_hombre,2023,Etnia,Afroecuatoriano,0.383537
caracteristicas_hombre,2023,Etnia,Montubio,0.235943
caracteristicas_hombre,2023,Etnia,Mestizo,0.457709
caracteristicas_hombre,2023,Etnia,Blanco,0.517914
caracteristicas_hombre,2023,Estado civil/conyugal,Casado,0.510708
caracteristicas_hombre,2023,Estado civil/conyugal,Unión libre,0.44004
caracteristicas_hombre,2023,Estado civil/conyugal,Soltero,0.312739
caracteristicas_hombre,2023,Estado civil/conyugal,Otros,0.353039
caracteristicas_hombre,2023,Nivel de instrucción,Ninguno,0.128429
caracteristicas_hombre,2023,Nivel de instrucción,Centro de Alfabetización,0.120228
caracteristicas_hombre,2023,Nivel de instrucción,Básica,0.294717
caracteristicas_hombre,2023,Nivel de instrucción,Bachillerato,0.454853
caracteristicas_hombre,2023,Nivel de instrucción,Superior,0.65376
caracteristicas_hombre,2024,Grupos de edad,15 a 17 años,0.022078
caracteristicas_hombre,2024,Grupos de edad,18 a 29 años,0.355166
caracteristicas_hombre,2024,Grupos de edad,30 a 44 años,0.52728
caracteristicas_hombre,2024,Grupos de edad,45 a 64 años,0.437636
caracteristicas_hombre,2024,Grupos de edad,65 años y más,0.191481
caracteristicas_hombre,2024,Etnia,Indígena,0.194625
caracteristicas_hombre,2024,Etnia,Afroecuatoriano,0.337053
caracteristicas_hombre,2024,Etnia,Montubio,0.216036
caracteristicas_hombre,2024,Etnia,Mestizo,0.457258
caracteristicas_hombre,2024,Etnia,Blanco,0.496713
caracteristicas_hombre,2024,Estado civil/conyugal,Casado,0.507589
caracteristicas_hombre,2024,Estado civil/conyugal,Unión libre,0.431427
caracteristicas_hombre,2024,Estado civil/conyugal,Soltero,0.314937
caracteristicas_hombre,2024,Estado civil/conyugal,Otros,0.355713
caracteristicas_hombre,2024,Nivel de instrucción,Ninguno,0.11477
caracteristicas_hombre,2024,Nivel de instrucción,Centro de Alfabetización,0.103835
caracteristicas_hombre,2024,Nivel de instrucción,Básica,0.293393
caracteristicas_hombre,2024,Nivel de instrucción,Bachillerato,0.443029
caracteristicas_hombre,2024,Nivel de instrucción,Superior,0.661968
caracteristicas_hombre,2025,Grupos de edad,15 a 17 años,0.013602
caracteristicas_hombre,2025,Grupos de edad,18 a 29 años,0.367226
caracteristicas_hombre,2025,Grupos de edad,30 a 44 años,0.543605
caracteristicas_hombre,2025,Grupos de edad,45 a 64 años,0.451932
caracteristicas_hombre,2025,Grupos de edad,65 años y más,0.169059
caracteristicas_hombre,2025,Etnia,Indígena,0.246626
caracteristicas_hombre,2025,Etnia,Afroecuatoriano,0.405542
caracteristicas_hombre,2025,Etnia,Montubio,0.202416
caracteristicas_hombre,2025,Etnia,Mestizo,0.461197
caracteristicas_hombre,2025,Etnia,Blanco,0.435221
caracteristicas_hombre,2025,Estado civil/conyugal,Casado,0.519356
caracteristicas_hombre,2025,Estado civil/conyugal,Unión libre,0.445315
caracteristicas_hombre,2025,Estado civil/conyugal,Soltero,0.317406
caracteristicas_hombre,2025,Estado civil/conyugal,Otros,0.36733
caracteristicas_hombre,2025,Nivel de instrucción,Ninguno,0.113082
caracteristicas_hombre,2025,Nivel de instrucción,Centro de Alfabetización,0.161477
caracteristicas_hombre,2025,Nivel de instrucción,Básica,0.2982
caracteristicas_hombre,2025,Nivel de instrucción,Bachillerato,0.466286
caracteristicas_hombre,2025,Nivel de instrucción,Superior,0.661953
territorio_mujer,2018,,Urbano,0.402042
territorio_mujer,2018,,Rural,0.128204
territorio_mujer,2018,,Quito,0.520832
territorio_mujer,2018,,Guayaquil,0.406651
territorio_mujer,2018,,Cuenca,0.525216
territorio_mujer,2018,,Machala,0.409148
territorio_mujer,2018,,Ambato,0.445041
territorio_mujer,2018,,Sierra,0.320504
territorio_mujer,2018,,Costa,0.311979
territorio_mujer,2018,,Amazonia,0.169963
territorio_mujer,2018,,Insular,0.535328
territorio_mujer,2018,,Zona 1,0.249005
territorio_mujer,2018,,Zona 2,0.292718
territorio_mujer,2018,,Zona 3,0.182195
territorio_mujer,2018,,Zona 4,0.258677
territorio_mujer,2018,,Zona 5,0.220751
territorio_mujer,2018,,Zona 6,0.26169
territorio_mujer,2018,,Zona 7,0.251464
territorio_mujer,2018,,Zona 8,0.406617
territorio_mujer,2018,,Zona 9,0.513363
territorio_mujer,2018,,Total,0.309346
territorio_mujer,2019,,Urbano,0.388663
territorio_mujer,2019,,Rural,0.115927
territorio_mujer,2019,,Quito,0.481718
territorio_mujer,2019,,Guayaquil,0.416647
territorio_mujer,2019,,Cuenca,0.546439
territorio_mujer,2019,,Machala,0.440747
territorio_mujer,2019,,Ambato,0.425299
territorio_mujer,2019,,Sierra,0.300318
territorio_mujer,2019,,Costa,0.304934
territorio_mujer,2019,,Amazonia,0.148003
territorio_mujer,2019,,Insular,0.558498
territorio_mujer,2019,,Zona 1,0.221155
territorio_mujer,2019,,Zona 2,0.2886
territorio_mujer,2019,,Zona 3,0.169201
territorio_mujer,2019,,Zona 4,0.245404
territorio_mujer,2019,,Zona 5,0.215585
territorio_mujer,2019,,Zona 6,0.258168
territorio_mujer,2019,,Zona 7,0.248262
territorio_mujer,2019,,Zona 8,0.402376
territorio_mujer,2019,,Zona 9,0.470238
territorio_mujer,2019,,Total,0.29444
territorio_mujer,2021,,Urbano,0.333172
territorio_mujer,2021,,Rural,0.108864
territorio_mujer,2021,,Quito,0.398425
territorio_mujer,2021,,Guayaquil,0.338467
territorio_mujer,2021,,Cuenca,0.443848
territorio_mujer,2021,,Machala,0.317394
territorio_mujer,2021,,Ambato,0.333215
territorio_mujer,2021,,Sierra,0.260842
territorio_mujer,2021,,Costa,0.263613
territorio_mujer,2021,,Amazonia,0.142288
territorio_mujer,2021,,Insular,0.283644
territorio_mujer,2021,,Zona 1,0.21346
territorio_mujer,2021,,Zona 2,0.254022
territorio_mujer,2021,,Zona 3,0.150373
territorio_mujer,2021,,Zona 4,0.221629
territorio_mujer,2021,,Zona 5,0.194087
territorio_mujer,2021,,Zona 6,0.229262
territorio_mujer,2021,,Zona 7,0.219303
territorio_mujer,2021,,Zona 8,0.340495
territorio_mujer,2021,,Zona 9,0.384377
territorio_mujer,2021,,Total,0.255184
territorio_mujer,2022,,Urbano,0.351899
territorio_mujer,2022,,Rural,0.112269
territorio_mujer,2022,,Quito,0.432723
territorio_mujer,2022,,Guayaquil,0.348108
territorio_mujer,2022,,Cuenca,0.49042
territorio_mujer,2022,,Machala,0.33342
territorio_mujer,2022,,Ambato,0.344434
territorio_mujer,2022,,Sierra,0.284785
territorio_mujer,2022,,Costa,0.271844
territorio_mujer,2022,,Amazonia,0.122856
territorio_mujer,2022,,Insular,0.431085
territorio_mujer,2022,,Zona 1,0.225479
territorio_mujer,2022,,Zona 2,0.254403
territorio_mujer,2022,,Zona 3,0.153036
territorio_mujer,2022,,Zona 4,0.233032
territorio_mujer,2022,,Zona 5,0.21521
territorio_mujer,2022,,Zona 6,0.250446
territorio_mujer,2022,,Zona 7,0.213738
territorio_mujer,2022,,Zona 8,0.34802
territorio_mujer,2022,,Zona 9,0.429873
territorio_mujer,2022,,Total,0.27039
territorio_mujer,2023,,Urbano,0.382175
territorio_mujer,2023,,Rural,0.118153
territorio_mujer,2023,,Quito,0.485113
territorio_mujer,2023,,Guayaquil,0.389541
territorio_mujer,2023,,Cuenca,0.494029
territorio_mujer,2023,,Machala,0.358063
territorio_mujer,2023,,Ambato,0.375505
territorio_mujer,2023,,Sierra,0.297847
territorio_mujer,2023,,Costa,0.306788
territorio_mujer,2023,,Amazonia,0.111277
territorio_mujer,2023,,Insular,0.489672
territorio_mujer,2023,,Zona 1,0.218717
territorio_mujer,2023,,Zona 2,0.236611
territorio_mujer,2023,,Zona 3,0.147919
territorio_mujer,2023,,Zona 4,0.276041
territorio_mujer,2023,,Zona 5,0.237705
territorio_mujer,2023,,Zona 6,0.261586
territorio_mujer,2023,,Zona 7,0.228296
territorio_mujer,2023,,Zona 8,0.390789
territorio_mujer,2023,,Zona 9,0.476028
territorio_mujer,2023,,Total,0.290854
territorio_mujer,2024,,Urbano,0.374407
territorio_mujer,2024,,Rural,0.115231
territorio_mujer,2024,,Quito,0.434293
territorio_mujer,2024,,Guayaquil,0.3839
territorio_mujer,2024,,Cuenca,0.51069
territorio_mujer,2024,,Machala,0.358659
territorio_mujer,2024,,Ambato,0.358934
territorio_mujer,2024,,Sierra,0.2848
territorio_mujer,2024,,Costa,0.311898
territorio_mujer,2024,,Amazonia,0.112787
territorio_mujer,2024,,Insular,0.411374
territorio_mujer,2024,,Zona 1,0.205875
territorio_mujer,2024,,Zona 2,0.240142
territorio_mujer,2024,,Zona 3,0.151417
territorio_mujer,2024,,Zona 4,0.271939
territorio_mujer,2024,,Zona 5,0.245463
territorio_mujer,2024,,Zona 6,0.245168
territorio_mujer,2024,,Zona 7,0.260162
territorio_mujer,2024,,Zona 8,0.390667
territorio_mujer,2024,,Zona 9,0.43528
territorio_mujer,2024,,Total,0.284437
territorio_mujer,2025,,Urbano,0.385414
territorio_mujer,2025,,Rural,0.139943
territorio_mujer,2025,,Quito,0.475713
territorio_mujer,2025,,Guayaquil,0.408798
territorio_mujer,2025,,Cuenca,0.479934
territorio_mujer,2025,,Machala,0.366628
territorio_mujer,2025,,Ambato,0.39276
territorio_mujer,2025,,Sierra,0.30802
territorio_mujer,2025,,Costa,0.312664
territorio_mujer,2025,,Amazonia,0.137825
territorio_mujer,2025,,Insular,0.541055
territorio_mujer,2025,,Zona 1,0.222251
territorio_mujer,2025,,Zona 2,0.27025
territorio_mujer,2025,,Zona 3,0.175684
territorio_mujer,2025,,Zona 4,0.282972
territorio_mujer,2025,,Zona 5,0.235508
territorio_mujer,2025,,Zona 6,0.251786
territorio_mujer,2025,,Zona 7,0.262226
territorio_mujer,2025,,Zona 8,0.401679
territorio_mujer,2025,,Zona 9,0.470824
territorio_mujer,2025,,Total,0.299572
caracteristicas_mujer,2018,Grupos de edad,15 a 17 años,0.006643
caracteristicas_mujer,2018,Grupos de edad,18 a 29 años,0.297593
caracteristicas_mujer,2018,Grupos de edad,30 a 44 años,0.376127
caracteristicas_mujer,2018,Grupos de edad,45 a 64 años,0.311604
caracteristicas_mujer,2018,Grupos de edad,65 años y más,0.095657
caracteristicas_mujer,2018,Etnia,Indígena,0.091174
caracteristicas_mujer,2018,Etnia,Afroecuatoriano,0.283586
caracteristicas_mujer,2018,Etnia,Montubio,0.16092
caracteristicas_mujer,2018,Etnia,Mestizo,0.345738
caracteristicas_mujer,2018,Etnia,Blanco,0.341059
caracteristicas_mujer,2018,Estado civil/conyugal,Casado,0.316604
caracteristicas_mujer,2018,Estado civil/conyugal,Unión libre,0.257973
caracteristicas_mujer,2018,Estado civil/conyugal,Soltero,0.323355
caracteristicas_mujer,2018,Estado civil/conyugal,Otros,0.329132
caracteristicas_mujer,2018,Nivel de instrucción,Ninguno,0.056476
caracteristicas_mujer,2018,Nivel de instrucción,Centro de Alfabetización,0.052556
caracteristicas_mujer,2018,Nivel de instrucción,Básica,0.159261
caracteristicas_mujer,2018,Nivel de instrucción,Bachillerato,0.286425
caracteristicas_mujer,2018,Nivel de instrucción,Superior,0.65381
caracteristicas_mujer,2019,Grupos de edad,15 a 17 años,0.002373
caracteristicas_mujer,2019,Grupos de edad,18 a 29 años,0.275028
caracteristicas_mujer,2019,Grupos de edad,30 a 44 años,0.369044
caracteristicas_mujer,2019,Grupos de edad,45 a 64 años,0.296623
caracteristicas_mujer,2019,Grupos de edad,65 años y más,0.082391
caracteristicas_mujer,2019,Etnia,Indígena,0.087318
caracteristicas_mujer,2019,Etnia,Afroecuatoriano,0.293913
caracteristicas_mujer,2019,Etnia,Montubio,0.146559
caracteristicas_mujer,2019,Etnia,Mestizo,0.331312
caracteristicas_mujer,2019,Etnia,Blanco,0.359158
caracteristicas_mujer,2019,Estado civil/conyugal,Casado,0.298126
caracteristicas_mujer,2019,Estado civil/conyugal,Unión libre,0.250231
caracteristicas_mujer,2019,Estado civil/conyugal,Soltero,0.301875
caracteristicas_mujer,2019,Estado civil/conyugal,Otros,0.320926
caracteristicas_mujer,2019,Nivel de instrucción,Ninguno,0.040711
caracteristicas_mujer,2019,Nivel de instrucción,Centro de Alfabetización,0.049174
caracteristicas_mujer,2019,Nivel de instrucción,Básica,0.146339
caracteristicas_mujer,2019,Nivel de instrucción,Bachillerato,0.272758
caracteristicas_mujer,2019,Nivel de instrucción,Superior,0.632673
caracteristicas_mujer,2021,Grupos de edad,15 a 17 años,0.003379
caracteristicas_mujer,2021,Grupos de edad,18 a 29 años,0.22042
caracteristicas_mujer,2021,Grupos de edad,30 a 44 años,0.324842
caracteristicas_mujer,2021,Grupos de edad,45 a 64 años,0.261589
caracteristicas_mujer,2021,Grupos de edad,65 años y más,0.062121
caracteristicas_mujer,2021,Etnia,Indígena,0.091629
caracteristicas_mujer,2021,Etnia,Afroecuatoriano,0.258554
caracteristicas_mujer,2021,Etnia,Montubio,0.148879
caracteristicas_mujer,2021,Etnia,Mestizo,0.27962
caracteristicas_mujer,2021,Etnia,Blanco,0.333072
caracteristicas_mujer,2021,Estado civil/conyugal,Casado,0.267904
caracteristicas_mujer,2021,Estado civil/conyugal,Unión libre,0.235099
caracteristicas_mujer,2021,Estado civil/conyugal,Soltero,0.249147
caracteristicas_mujer,2021,Estado civil/conyugal,Otros,0.261754
caracteristicas_mujer,2021,Nivel de instrucción,Ninguno,0.050012
caracteristicas_mujer,2021,Nivel de instrucción,Centro de Alfabetización,0.045735
caracteristicas_mujer,2021,Nivel de instrucción,Básica,0.112959
caracteristicas_mujer,2021,Nivel de instrucción,Bachillerato,0.221934
caracteristicas_mujer,2021,Nivel de instrucción,Superior,0.540789
caracteristicas_mujer,2022,Grupos de edad,15 a 17 años,0.008166
caracteristicas_mujer,2022,Grupos de edad,18 a 29 años,0.239518
caracteristicas_mujer,2022,Grupos de edad,30 a 44 años,0.342903
caracteristicas_mujer,2022,Grupos de edad,45 a 64 años,0.274886
caracteristicas_mujer,2022,Grupos de edad,65 años y más,0.078191
caracteristicas_mujer,2022,Etnia,Indígena,0.082603
caracteristicas_mujer,2022,Etnia,Afroecuatoriano,0.262559
caracteristicas_mujer,2022,Etnia,Montubio,0.129102
caracteristicas_mujer,2022,Etnia,Mestizo,0.298499
caracteristicas_mujer,2022,Etnia,Blanco,0.336965
caracteristicas_mujer,2022,Estado civil/conyugal,Casado,0.281119
caracteristicas_mujer,2022,Estado civil/conyugal,Unión libre,0.247317
caracteristicas_mujer,2022,Estado civil/conyugal,Soltero,0.272768
caracteristicas_mujer,2022,Estado civil/conyugal,Otros,0.271908
caracteristicas_mujer,2022,Nivel de instrucción,Ninguno,0.040155
caracteristicas_mujer,2022,Nivel de instrucción,Centro de Alfabetización,0.037328
caracteristicas_mujer,2022,Nivel de instrucción,Básica,0.117554
caracteristicas_mujer,2022,Nivel de instrucción,Bachillerato,0.237427
caracteristicas_mujer,2022,Nivel de instrucción,Superior,0.581875
caracteristicas_mujer,2023,Grupos de edad,15 a 17 años,0.005897
caracteristicas_mujer,2023,Grupos de edad,18 a 29 años,0.254564
caracteristicas_mujer,2023,Grupos de edad,30 a 44 años,0.368031
caracteristicas_mujer,2023,Grupos de edad,45 a 64 años,0.301069
caracteristicas_mujer,2023,Grupos de edad,65 años y más,0.077046
caracteristicas_mujer,2023,Etnia,Indígena,0.094014
caracteristicas_mujer,2023,Etnia,Afroecuatoriano,0.256537
caracteristicas_mujer,2023,Etnia,Montubio,0.16808
caracteristicas_mujer,2023,Etnia,Mestizo,0.329899
caracteristicas_mujer,2023,Etnia,Blanco,0.421267
caracteristicas_mujer,2023,Estado civil/conyugal,Casado,0.304372
caracteristicas_mujer,2023,Estado civil/conyugal,Unión libre,0.284568
caracteristicas_mujer,2023,Estado civil/conyugal,Soltero,0.285185
caracteristicas_mujer,2023,Estado civil/conyugal,Otros,0.28483
caracteristicas_mujer,2023,Nivel de instrucción,Ninguno,0.061774
caracteristicas_mujer,2023,Nivel de instrucción,Centro de Alfabetización,0.016111
caracteristicas_mujer,2023,Nivel de instrucción,Básica,0.131706
caracteristicas_mujer,2023,Nivel de instrucción,Bachillerato,0.25743
caracteristicas_mujer,2023,Nivel de instrucción,Superior,0.606997
caracteristicas_mujer,2024,Grupos de edad,15 a 17 años,0.005005
caracteristicas_mujer,2024,Grupos de edad,18 a 29 años,0.262293
caracteristicas_mujer,2024,Grupos de edad,30 a 44 años,0.359074
caracteristicas_mujer,2024,Grupos de edad,45 a 64 años,0.280646
caracteristicas_mujer,2024,Grupos de edad,65 años y más,0.082953
caracteristicas_mujer,2024,Etnia,Indígena,0.083196
caracteristicas_mujer,2024,Etnia,Afroecuatoriano,0.277492
caracteristicas_mujer,2024,Etnia,Montubio,0.202392
caracteristicas_mujer,2024,Etnia,Mestizo,0.324097
caracteristicas_mujer,2024,Etnia,Blanco,0.379742
caracteristicas_mujer,2024,Estado civil/conyugal,Casado,0.296214
caracteristicas_mujer,2024,Estado civil/conyugal,Unión libre,0.28941
caracteristicas_mujer,2024,Estado civil/conyugal,Soltero,0.291949
caracteristicas_mujer,2024,Estado civil/conyugal,Otros,0.257792
caracteristicas_mujer,2024,Nivel de instrucción,Ninguno,0.030183
caracteristicas_mujer,2024,Nivel de instrucción,Centro de Alfabetización,0.019247
caracteristicas_mujer,2024,Nivel de instrucción,Básica,0.118212
caracteristicas_mujer,2024,Nivel de instrucción,Bachillerato,0.258411
caracteristicas_mujer,2024,Nivel de instrucción,Superior,0.603644
caracteristicas_mujer,2025,Grupos de edad,15 a 17 años,0.001608
caracteristicas_mujer,2025,Grupos de edad,18 a 29 años,0.267376
caracteristicas_mujer,2025,Grupos de edad,30 a 44 años,0.377769
caracteristicas_mujer,2025,Grupos de edad,45 a 64 años,0.297751
caracteristicas_mujer,2025,Grupos de edad,65 años y más,0.088248
caracteristicas_mujer,2025,Etnia,Indígena,0.111633
caracteristicas_mujer,2025,Etnia,Afroecuatoriano,0.255982
caracteristicas_mujer,2025,Etnia,Montubio,0.144152
caracteristicas_mujer,2025,Etnia,Mestizo,0.338277
caracteristicas_mujer,2025,Etnia,Blanco,0.319055
caracteristicas_mujer,2025,Estado civil/conyugal,Casado,0.315394
caracteristicas_mujer,2025,Estado civil/conyugal,Unión libre,0.281507
caracteristicas_mujer,2025,Estado civil/conyugal,Soltero,0.312804
caracteristicas_mujer,2025,Estado civil/conyugal,Otros,0.28061
caracteristicas_mujer,2025,Nivel de instrucción,Ninguno,0.053327
caracteristicas_mujer,2025,Nivel de instrucción,Centro de Alfabetización,0.017987
caracteristicas_mujer,2025,Nivel de instrucción,Básica,0.12907
caracteristicas_mujer,2025,Nivel de instrucción,Bachillerato,0.275221
caracteristicas_mujer,2025,Nivel de instrucción,Superior,0.597655
estimadores,2018,Total,valor,0.4020505922784111
estimadores,2018,Total,error,0.002192920547216748
estimadores,2018,Total,li,0.3977521343347434
estimadores,2018,Total,ls,0.4063490502220787
estimadores,2018,Total,cv,0.5454339800345822
estimadores,2018,Urbano,valor,0.4929058946331595
estimadores,2018,Urbano,error,0.002340101025854235
estimadores,2018,Urbano,li,0.4883189405566269
estimadores,2018,Urbano,ls,0.4974928487096921
estimadores,2018,Urbano,cv,0.4747561454090204
estimadores,2018,Rural,valor,0.2253798974481012
estimadores,2018,Rural,error,0.003267890068679905
estimadores,2018,Rural,li,0.2189743356768013
estimadores,2018,Rural,ls,0.2317854592194011
estimadores,2018,Rural,cv,1.449947446813623
estimadores,2018,Quito,valor,0.597269845269241
estimadores,2018,Quito,error,0.004774116229682377
estimadores,2018,Quito,li,0.5879104873823352
estimadores,2018,Quito,ls,0.6066292031561468
estimadores,2018,Quito,cv,0.7993231648134307
estimadores,2018,Guayaquil,valor,0.5074366367385097
estimadores,2018,Guayaquil,error,0.004292877813288194
estimadores,2018,Guayaquil,li,0.4990207168307544
estimadores,2018,Guayaquil,ls,0.5158525566462651
estimadores,2018,Guayaquil,cv,0.8459928792056028
estimadores,2018,Cuenca,valor,0.6138405879720443
estimadores,2018,Cuenca,error,0.005792218696543495
estimadores,2018,Cuenca,li,0.6024853035315179
estimadores,2018,Cuenca,ls,0.6251958724125708
estimadores,2018,Cuenca,cv,0.9436030803501194
estimadores,2018,Machala,valor,0.5208321360542012
estimadores,2018,Machala,error,0.006368757947414194
estimadores,2018,Machala,li,0.5083465822768709
estimadores,2018,Machala,ls,0.5333176898315315
estimadores,2018,Machala,cv,1.222804336856707
estimadores,2018,Ambato,valor,0.5244222666109253
estimadores,2018,Ambato,error,0.005334011577370597
estimadores,2018,Ambato,li,0.5139652687240448
estimadores,2018,Ambato,ls,0.5348792644978058
estimadores,2018,Ambato,cv,1.017121491015552
estimadores,2018,Azuay,valor,0.432092458388064
estimadores,2018,Azuay,error,0.008173897780331322
estimadores,2018,Azuay,li,0.4160703750119993
estimadores,2018,Azuay,ls,0.4481145417641288
estimadores,2018,Azuay,cv,1.891701098145599
estimadores,2018,Bolívar,valor,0.2303910426624427
estimadores,2018,Bolívar,error,0.0143100911157935
estimadores,2018,Bolívar,li,0.2023410866759569
estimadores,2018,Bolívar,ls,0.2584409986489285
estimadores,2018,Bolívar,cv,6.211218522397125
estimadores,2018,Cañar,valor,0.2992163127926082
estimadores,2018,Cañar,error,0.01232938148802537
estimadores,2018,Cañar,li,0.2750488490580122
estimadores,2018,Cañar,ls,0.3233837765272042
estimadores,2018,Cañar,cv,4.12055792445082
estimadores,2018,Carchi,valor,0.3426097548502692
estimadores,2018,Carchi,error,0.0152570533206013
estimadores,2018,Carchi,li,0.3127036088541749
estimadores,2018,Carchi,ls,0.3725159008463636
estimadores,2018,Carchi,cv,4.453187074976627
estimadores,2018,Cotopaxi,valor,0.2833657066099751
estimadores,2018,Cotopaxi,error,0.01005565228092718
estimadores,2018,Cotopaxi,li,0.2636550980881249
estimadores,2018,Cotopaxi,ls,0.3030763151318254
estimadores,2018,Cotopaxi,cv,3.548648282541752
estimadores,2018,Chimborazo,valor,0.2033319709050175
estimadores,2018,Chimborazo,error,0.01006652968351292
estimadores,2018,Chimborazo,li,0.1836000410190119
estimadores,2018,Chimborazo,ls,0.2230639007910232
estimadores,2018,Chimborazo,cv,4.950785475942341
estimadores,2018,El Oro,valor,0.4579924793112269
estimadores,2018,El Oro,error,0.007587272147019135
estimadores,2018,El Oro,li,0.4431202714364292
estimadores,2018,El Oro,ls,0.4728646871860245
estimadores,2018,El Oro,cv,1.656636842253306
estimadores,2018,Esmeraldas,valor,0.3011814306475583
estimadores,2018,Esmeraldas,error,0.009697137050183628
estimadores,2018,Esmeraldas,li,0.2821735665290434
estimadores,2018,Esmeraldas,ls,0.3201892947660733
estimadores,2018,Esmeraldas,cv,3.219699511133271
estimadores,2018,Guayas,valor,0.4570830412961738
estimadores,2018,Guayas,error,0.00394326261207086
estimadores,2018,Guayas,li,0.449353646576271
estimadores,2018,Guayas,ls,0.4648124360160766
estimadores,2018,Guayas,cv,0.8627015784459532
estimadores,2018,Imbabura,valor,0.3420158181170483
estimadores,2018,Imbabura,error,0.01176775267169108
estimadores,2018,Imbabura,li,0.3189492323189688
estimadores,2018,Imbabura,ls,0.3650824039151278
estimadores,2018,Imbabura,cv,3.44070421551783
estimadores,2018,Loja,valor,0.281474197604751
estimadores,2018,Loja,error,0.01087455306223807
estimadores,2018,Loja,li,0.2601584189489582
estimadores,2018,Loja,ls,0.3027899762605438
estimadores,2018,Loja,cv,3.863428035243297
estimadores,2018,Los Ríos,valor,0.3171403649423358
estimadores,2018,Los Ríos,error,0.008379312310958665
estimadores,2018,Los Ríos,li,0.30071563783071
estimadores,2018,Los Ríos,ls,0.3335650920539616
estimadores,2018,Los Ríos,cv,2.642146266206838
estimadores,2018,Manabí,valor,0.3305822116364406
estimadores,2018,Manabí,error,0.008874265743969004
estimadores,2018,Manabí,li,0.313187300484828
estimadores,2018,Manabí,ls,0.3479771227880533
estimadores,2018,Manabí,cv,2.684435348181565
estimadores,2018,Morona Santiago,valor,0.1909083911752243
estimadores,2018,Morona Santiago,error,0.01312836705769534
estimadores,2018,Morona Santiago,li,0.1651747941517671
estimadores,2018,Morona Santiago,ls,0.2166419881986814
estimadores,2018,Morona Santiago,cv,6.876788902194214
estimadores,2018,Napo,valor,0.2005553882558538
estimadores,2018,Napo,error,0.01748236780583509
estimadores,2018,Napo,li,0.1662872872685709
estimadores,2018,Napo,ls,0.2348234892431366
estimadores,2018,Napo,cv,8.71697736863214
estimadores,2018,Pastaza,valor,0.2718021547745059
estimadores,2018,Pastaza,error,0.01676986805848615
estimadores,2018,Pastaza,li,0.2389306617047969
estimadores,2018,Pastaza,ls,0.3046736478442149
estimadores,2018,Pastaza,cv,6.169880467797935
estimadores,2018,Pichincha,valor,0.5776394512708849
estimadores,2018,Pichincha,error,0.004644153374142907
estimadores,2018,Pichincha,li,0.5685362040109547
estimadores,2018,Pichincha,ls,0.5867426985308151
estimadores,2018,Pichincha,cv,0.8039882601379013
estimadores,2018,Tungurahua,valor,0.3346770141134765
estimadores,2018,Tungurahua,error,0.006560186019512716
estimadores,2018,Tungurahua,li,0.3218180513282988
estimadores,2018,Tungurahua,ls,0.3475359768986542
estimadores,2018,Tungurahua,cv,1.960154340712626
estimadores,2018,Zamora Chinchipe,valor,0.2819627465350343
estimadores,2018,Zamora Chinchipe,error,0.01810285612971185
estimadores,2018,Zamora Chinchipe,li,0.2464783940204875
estimadores,2018,Zamora Chinchipe,ls,0.3174470990495812
estimadores,2018,Zamora Chinchipe,cv,6.420300678785782
estimadores,2018,Galápagos,valor,0.6722022460479941
estimadores,2018,Galápagos,error,0.01532337830420483
estimadores,2018,Galápagos,li,0.6421660929921382
estimadores,2018,Galápagos,ls,0.7022383991038499
estimadores,2018,Galápagos,cv,2.279578563489472
estimadores,2018,Sucumbíos,valor,0.3150581526867476
estimadores,2018,Sucumbíos,error,0.02374043681555454
estimadores,2018,Sucumbíos,li,0.2685232842231008
estimadores,2018,Sucumbíos,ls,0.3615930211503944
estimadores,2018,Sucumbíos,cv,7.535255511752751
estimadores,2018,Orellana,valor,0.2135405586403586
estimadores,2018,Orellana,error,0.02792032428995097
estimadores,2018,Orellana,li,0.1588124747222076
estimadores,2018,Orellana,ls,0.2682686425585096
estimadores,2018,Orellana,cv,13.07495141331624
estimadores,2018,Santo Domingo,valor,0.3879148573162791
estimadores,2018,Santo Domingo,error,0.01306414613428094
estimadores,2018,Santo Domingo,li,0.3623071430744625
estimadores,2018,Santo Domingo,ls,0.4135225715580957
estimadores,2018,Santo Domingo,cv,3.367786999617119
estimadores,2018,Santa Elena,valor,0.3499227057182095
estimadores,2018,Santa Elena,error,0.01170841033938606
estimadores,2018,Santa Elena,li,0.3269724399208779
estimadores,2018,Santa Elena,ls,0.3728729715155411
estimadores,2018,Santa Elena,cv,3.345999030087168
estimadores,2019,Total,valor,0.3831451116618464
estimadores,2019,Total,error,0.002354366401898176
estimadores,2019,Total,li,0.3785301911275276
estimadores,2019,Total,ls,0.3877600321961652
estimadores,2019,Total,cv,0.6144842594197253
estimadores,2019,Urbano,valor,0.4740727495728561
estimadores,2019,Urbano,error,0.002579104188147006
estimadores,2019,Urbano,li,0.4690173083856088
estimadores,2019,Urbano,ls,0.4791281907601033
estimadores,2019,Urbano,cv,0.5440313096398818
estimadores,2019,Rural,valor,0.2094023122618639
estimadores,2019,Rural,error,0.003335980713926583
estimadores,2019,Rural,li,0.2028632765848432
estimadores,2019,Rural,ls,0.2159413479388847
estimadores,2019,Rural,cv,1.593096407529081
estimadores,2019,Quito,valor,0.5551340738182879
estimadores,2019,Quito,error,0.005194238642473927
estimadores,2019,Quito,li,0.5449510541421977
estimadores,2019,Quito,ls,0.5653170934943782
estimadores,2019,Quito,cv,0.935672819855435
estimadores,2019,Guayaquil,valor,0.5120411330996281
estimadores,2019,Guayaquil,error,0.004490309300350849
estimadores,2019,Guayaquil,li,0.5032381282505043
estimadores,2019,Guayaquil,ls,0.5208441379487518
estimadores,2019,Guayaquil,cv,0.8769430832966241
estimadores,2019,Cuenca,valor,0.6443545024498907
estimadores,2019,Cuenca,error,0.006390258087243846
estimadores,2019,Cuenca,li,0.6318267523181204
estimadores,2019,Cuenca,ls,0.656882252581661
estimadores,2019,Cuenca,cv,0.9917301831441452
estimadores,2019,Machala,valor,0.5580446029489714
estimadores,2019,Machala,error,0.007288362545303495
estimadores,2019,Machala,li,0.5437561683363568
estimadores,2019,Machala,ls,0.572333037561586
estimadores,2019,Machala,cv,1.306053764661166
estimadores,2019,Ambato,valor,0.4974941464488443
estimadores,2019,Ambato,error,0.005409867317476565
estimadores,2019,Ambato,li,0.4868883985942051
estimadores,2019,Ambato,ls,0.5080998943034835
estimadores,2019,Ambato,cv,1.087423310624388
estimadores,2019,Azuay,valor,0.4420319663270227
estimadores,2019,Azuay,error,0.007803469963982343
estimadores,2019,Azuay,li,0.4267359640791621
estimadores,2019,Azuay,ls,0.4573279685748832
estimadores,2019,Azuay,cv,1.765363267463151
estimadores,2019,Bolívar,valor,0.2094862072549285
estimadores,2019,Bolívar,error,0.0133120930493359
estimadores,2019,Bolívar,li,0.1833924558666094
estimadores,2019,Bolívar,ls,0.2355799586432476
estimadores,2019,Bolívar,cv,6.354639393101483
estimadores,2019,Cañar,valor,0.3090100011192748
estimadores,2019,Cañar,error,0.01243850722449339
estimadores,2019,Cañar,li,0.2846286124109129
estimadores,2019,Cañar,ls,0.3333913898276367
estimadores,2019,Cañar,cv,4.025276586336845
estimadores,2019,Carchi,valor,0.2866843204869445
estimadores,2019,Carchi,error,0.01487347068943289
estimadores,2019,Carchi,li,0.2575300285951165
estimadores,2019,Carchi,ls,0.3158386123787724
estimadores,2019,Carchi,cv,5.188100508660439
estimadores,2019,Cotopaxi,valor,0.2623486436933307
estimadores,2019,Cotopaxi,error,0.01074361949602139
estimadores,2019,Cotopaxi,li,0.2412894958117085
estimadores,2019,Cotopaxi,ls,0.2834077915749529
estimadores,2019,Cotopaxi,cv,4.095168682701486
estimadores,2019,Chimborazo,valor,0.1929640019242187
estimadores,2019,Chimborazo,error,0.009186723778814604
estimadores,2019,Chimborazo,li,0.1749566092873782
estimadores,2019,Chimborazo,ls,0.2109713945610593
estimadores,2019,Chimborazo,cv,4.760848493607858
estimadores,2019,El Oro,valor,0.4719330422678783
estimadores,2019,El Oro,error,0.008220632243648638
estimadores,2019,El Oro,li,0.4558193377418069
estimadores,2019,El Oro,ls,0.4880467467939497
estimadores,2019,El Oro,cv,1.741906479814238
estimadores,2019,Esmeraldas,valor,0.2397616046549066
estimadores,2019,Esmeraldas,error,0.009654161416331223
estimadores,2019,Esmeraldas,li,0.2208379623000317
estimadores,2019,Esmeraldas,ls,0.2586852470097816
estimadores,2019,Esmeraldas,cv,4.026566901830106
estimadores,2019,Guayas,valor,0.450417952816404
estimadores,2019,Guayas,error,0.004383606199395235
estimadores,2019,Guayas,li,0.4418254099362279
estimadores,2019,Guayas,ls,0.4590104956965801
estimadores,2019,Guayas,cv,0.9732307897554091
estimadores,2019,Imbabura,valor,0.3155535244953163
estimadores,2019,Imbabura,error,0.01633829953371488
estimadores,2019,Imbabura,li,0.283527942600671
estimadores,2019,Imbabura,ls,0.3475791063899616
estimadores,2019,Imbabura,cv,5.177663459739739
estimadores,2019,Loja,valor,0.2692317520375539
estimadores,2019,Loja,error,0.01033626184872354
estimadores,2019,Loja,li,0.2489710878455609
estimadores,2019,Loja,ls,0.289492416229547
estimadores,2019,Loja,cv,3.839168957783918
estimadores,2019,Los Ríos,valor,0.319387112940169
estimadores,2019,Los Ríos,error,0.00903240199739934
estimadores,2019,Los Ríos,li,0.3016822147482763
estimadores,2019,Los Ríos,ls,0.3370920111320618
estimadores,2019,Los Ríos,cv,2.828042094200396
estimadores,2019,Manabí,valor,0.3007738271741664
estimadores,2019,Manabí,error,0.008448406315655082
estimadores,2019,Manabí,li,0.2842136504077333
estimadores,2019,Manabí,ls,0.3173340039405995
estimadores,2019,Manabí,cv,2.808890120204156
estimadores,2019,Morona Santiago,valor,0.1568906406959929
estimadores,2019,Morona Santiago,error,0.01274850225098338
estimadores,2019,Morona Santiago,li,0.1319016140209441
estimadores,2019,Morona Santiago,ls,0.1818796673710417
estimadores,2019,Morona Santiago,cv,8.125725151244785
estimadores,2019,Napo,valor,0.1889986353723483
estimadores,2019,Napo,error,0.02209729167822485
estimadores,2019,Napo,li,0.1456845424442241
estimadores,2019,Napo,ls,0.2323127283004725
estimadores,2019,Napo,cv,11.69177313618732
estimadores,2019,Pastaza,valor,0.2240078166130789
estimadores,2019,Pastaza,error,0.02092807528027459
estimadores,2019,Pastaza,li,0.1829855677919775
estimadores,2019,Pastaza,ls,0.2650300654341803
estimadores,2019,Pastaza,cv,9.342564735775692
estimadores,2019,Pichincha,valor,0.5304388377662014
estimadores,2019,Pichincha,error,0.005108635720709949
estimadores,2019,Pichincha,li,0.5204251254269279
estimadores,2019,Pichincha,ls,0.5404525501054749
estimadores,2019,Pichincha,cv,0.9630960927038406
estimadores,2019,Tungurahua,valor,0.328908842793051
estimadores,2019,Tungurahua,error,0.006553536138291567
estimadores,2019,Tungurahua,li,0.3160629032346977
estimadores,2019,Tungurahua,ls,0.3417547823514044
estimadores,2019,Tungurahua,cv,1.992508344451852
estimadores,2019,Zamora Chinchipe,valor,0.2743146467937989
estimadores,2019,Zamora Chinchipe,error,0.02177531705972078
estimadores,2019,Zamora Chinchipe,li,0.2316316736766208
estimadores,2019,Zamora Chinchipe,ls,0.3169976199109769
estimadores,2019,Zamora Chinchipe,cv,7.938080344681408
estimadores,2019,Galápagos,valor,0.6517094380936426
estimadores,2019,Galápagos,error,0.01377317861941805
estimadores,2019,Galápagos,li,0.6247118880171777
estimadores,2019,Galápagos,ls,0.6787069881701074
estimadores,2019,Galápagos,cv,2.113392535745204
estimadores,2019,Sucumbíos,valor,0.2713045102980484
estimadores,2019,Sucumbíos,error,0.02090251597213682
estimadores,2019,Sucumbíos,li,0.2303323616550131
estimadores,2019,Sucumbíos,ls,0.3122766589410836
estimadores,2019,Sucumbíos,cv,7.704448388703098
estimadores,2019,Orellana,valor,0.2030017034361383
estimadores,2019,Orellana,error,0.03381677208053267
estimadores,2019,Orellana,li,0.1367156250445145
estimadores,2019,Orellana,ls,0.269287781827762
estimadores,2019,Orellana,cv,16.65836862850315
estimadores,2019,Santo Domingo,valor,0.3722924375403808
estimadores,2019,Santo Domingo,error,0.01284995987926928
estimadores,2019,Santo Domingo,li,0.3471045382974248
estimadores,2019,Santo Domingo,ls,0.3974803367833367
estimadores,2019,Santo Domingo,cv,3.451576928117296
estimadores,2019,Santa Elena,valor,0.3393263553355697
estimadores,2019,Santa Elena,error,0.01318112765178665
estimadores,2019,Santa Elena,li,0.3134893162847814
estimadores,2019,Santa Elena,ls,0.3651633943863579
estimadores,2019,Santa Elena,cv,3.884498638118297
estimadores,2021,Total,valor,0.3251197346843683
estimadores,2021,Total,error,0.00373838587664562
estimadores,2021,Total,li,0.3177907744941253
estimadores,2021,Total,ls,0.3324486948746114
estimadores,2021,Total,cv,1.149848956500567
estimadores,2021,Urbano,valor,0.3982275686547586
estimadores,2021,Urbano,error,0.00408674850411496
estimadores,2021,Urbano,li,0.3902156570751362
estimadores,2021,Urbano,ls,0.4062394802343809
estimadores,2021,Urbano,cv,1.026234451301373
estimadores,2021,Rural,valor,0.1872535010654087
estimadores,2021,Rural,error,0.005783887180319081
estimadores,2021,Rural,li,0.1759144150833455
estimadores,2021,Rural,ls,0.198592587047472
estimadores,2021,Rural,cv,3.088800555082138
estimadores,2021,Quito,valor,0.4515713445695768
estimadores,2021,Quito,error,0.007616162875969491
estimadores,2021,Quito,li,0.4366352441303807
estimadores,2021,Quito,ls,0.4665074450087729
estimadores,2021,Quito,cv,1.686591270141149
estimadores,2021,Guayaquil,valor,0.422720304658702
estimadores,2021,Guayaquil,error,0.007419388449378591
estimadores,2021,Guayaquil,li,0.4081700996693919
estimadores,2021,Guayaquil,ls,0.4372705096480122
estimadores,2021,Guayaquil,cv,1.755153080562073
estimadores,2021,Cuenca,valor,0.5234695620895098
estimadores,2021,Cuenca,error,0.00994574951137204
estimadores,2021,Cuenca,li,0.5039648960176161
estimadores,2021,Cuenca,ls,0.5429742281614035
estimadores,2021,Cuenca,cv,1.899967110154799
estimadores,2021,Machala,valor,0.4140491987893671
estimadores,2021,Machala,error,0.008743054116449742
estimadores,2021,Machala,li,0.396903145513557
estimadores,2021,Machala,ls,0.4311952520651773
estimadores,2021,Machala,cv,2.111597883056758
estimadores,2021,Ambato,valor,0.3899268806621215
estimadores,2021,Ambato,error,0.008412031774578839
estimadores,2021,Ambato,li,0.37342999718826
estimadores,2021,Ambato,ls,0.406423764135983
estimadores,2021,Ambato,cv,2.157335693372731
estimadores,2021,Azuay,valor,0.3879415651600264
estimadores,2021,Azuay,error,0.01358138221589499
estimadores,2021,Azuay,li,0.3613157932699181
estimadores,2021,Azuay,ls,0.4145673370501348
estimadores,2021,Azuay,cv,3.500883492670512
estimadores,2021,Bolívar,valor,0.1699619247360795
estimadores,2021,Bolívar,error,0.01333202504244763
estimadores,2021,Bolívar,li,0.1438250078913436
estimadores,2021,Bolívar,ls,0.1960988415808154
estimadores,2021,Bolívar,cv,7.844124537392648
estimadores,2021,Cañar,valor,0.2677561824680522
estimadores,2021,Cañar,error,0.01810291068330487
estimadores,2021,Cañar,li,0.2322661297813259
estimadores,2021,Cañar,ls,0.3032462351547784
estimadores,2021,Cañar,cv,6.760968324406422
estimadores,2021,Carchi,valor,0.2473252105872357
estimadores,2021,Carchi,error,0.01515562645086004
estimadores,2021,Carchi,li,0.2176131940695046
estimadores,2021,Carchi,ls,0.2770372271049668
estimadores,2021,Carchi,cv,6.127813017878498
estimadores,2021,Cotopaxi,valor,0.2555832234152825
estimadores,2021,Cotopaxi,error,0.01973259591580984
estimadores,2021,Cotopaxi,li,0.2168982361803942
estimadores,2021,Cotopaxi,ls,0.2942682106501707
estimadores,2021,Cotopaxi,cv,7.720614699247093
estimadores,2021,Chimborazo,valor,0.1613798010557207
estimadores,2021,Chimborazo,error,0.01707332596809547
estimadores,2021,Chimborazo,li,0.1279082091804886
estimadores,2021,Chimborazo,ls,0.1948513929309528
estimadores,2021,Chimborazo,cv,10.57959289601581
estimadores,2021,El Oro,valor,0.3720505059711272
estimadores,2021,El Oro,error,0.0116293293410946
estimadores,2021,El Oro,li,0.3492516578606204
estimadores,2021,El Oro,ls,0.394849354081634
estimadores,2021,El Oro,cv,3.12573942366768
estimadores,2021,Esmeraldas,valor,0.21738117659865
estimadores,2021,Esmeraldas,error,0.008789376149177854
estimadores,2021,Esmeraldas,li,0.2001499463244237
estimadores,2021,Esmeraldas,ls,0.2346124068728763
estimadores,2021,Esmeraldas,cv,4.043301396516795
estimadores,2021,Guayas,valor,0.3744116101420654
estimadores,2021,Guayas,error,0.008748839762500658
estimadores,2021,Guayas,li,0.3572598498781634
estimadores,2021,Guayas,ls,0.3915633704059673
estimadores,2021,Guayas,cv,2.336690296324152
estimadores,2021,Imbabura,valor,0.3010037022765308
estimadores,2021,Imbabura,error,0.01283235945335681
estimadores,2021,Imbabura,li,0.2758463603958879
estimadores,2021,Imbabura,ls,0.3261610441571737
estimadores,2021,Imbabura,cv,4.263189906404466
estimadores,2021,Loja,valor,0.2595508990276939
estimadores,2021,Loja,error,0.01588643336317569
estimadores,2021,Loja,li,0.2284061639667605
estimadores,2021,Loja,ls,0.2906956340886273
estimadores,2021,Loja,cv,6.120739100765209
estimadores,2021,Los Ríos,valor,0.2860259795270869
estimadores,2021,Los Ríos,error,0.0156069981912766
estimadores,2021,Los Ríos,li,0.2554290662582794
estimadores,2021,Los Ríos,ls,0.3166228927958945
estimadores,2021,Los Ríos,cv,5.456496720011618
estimadores,2021,Manabí,valor,0.2685543606340851
estimadores,2021,Manabí,error,0.0191651878048969
estimadores,2021,Manabí,li,0.2309817549439916
estimadores,2021,Manabí,ls,0.3061269663241786
estimadores,2021,Manabí,cv,7.136427708582303
estimadores,2021,Morona Santiago,valor,0.1389948722964219
estimadores,2021,Morona Santiago,error,0.02394491971422316
estimadores,2021,Morona Santiago,li,0.09205178799888228
estimadores,2021,Morona Santiago,ls,0.1859379565939615
estimadores,2021,Morona Santiago,cv,17.22719645596564
estimadores,2021,Napo,valor,0.1418586372772545
estimadores,2021,Napo,error,0.01434241005603082
estimadores,2021,Napo,li,0.1137408998897196
estimadores,2021,Napo,ls,0.1699763746647894
estimadores,2021,Napo,cv,10.1103537516714
estimadores,2021,Pastaza,valor,0.1889479156473076
estimadores,2021,Pastaza,error,0.02490718835081583
estimadores,2021,Pastaza,li,0.1401183410936483
estimadores,2021,Pastaza,ls,0.2377774902009668
estimadores,2021,Pastaza,cv,13.18203922254844
estimadores,2021,Pichincha,valor,0.4355720280697662
estimadores,2021,Pichincha,error,0.006358046296744836
estimadores,2021,Pichincha,li,0.4231073254590298
estimadores,2021,Pichincha,ls,0.4480367306805027
estimadores,2021,Pichincha,cv,1.459700322107566
estimadores,2021,Tungurahua,valor,0.2450712142455766
estimadores,2021,Tungurahua,error,0.009922890968060606
estimadores,2021,Tungurahua,li,0.2256177722316418
estimadores,2021,Tungurahua,ls,0.2645246562595113
estimadores,2021,Tungurahua,cv,4.048982659431088
estimadores,2021,Zamora Chinchipe,valor,0.3084337383187464
estimadores,2021,Zamora Chinchipe,error,0.01732363409845412
estimadores,2021,Zamora Chinchipe,li,0.2744714270840835
estimadores,2021,Zamora Chinchipe,ls,0.3423960495534094
estimadores,2021,Zamora Chinchipe,cv,5.616646931326059
estimadores,2021,Galápagos,valor,0.3599361348709916
estimadores,2021,Galápagos,error,0.01686409601162165
estimadores,2021,Galápagos,li,0.3268747301921061
estimadores,2021,Galápagos,ls,0.3929975395498772
estimadores,2021,Galápagos,cv,4.685302301661399
estimadores,2021,Sucumbíos,valor,0.2475457659431295
estimadores,2021,Sucumbíos,error,0.02586707010788136
estimadores,2021,Sucumbíos,li,0.1968343805178793
estimadores,2021,Sucumbíos,ls,0.2982571513683796
estimadores,2021,Sucumbíos,cv,10.44940922715034
estimadores,2021,Orellana,valor,0.1757749992555114
estimadores,2021,Orellana,error,0.02132659667932341
estimadores,2021,Orellana,li,0.1339650354867694
estimadores,2021,Orellana,ls,0.2175849630242534
estimadores,2021,Orellana,cv,12.1328953319024
estimadores,2021,Santo Domingo,valor,0.3215546846010593
estimadores,2021,Santo Domingo,error,0.01301918410593427
estimadores,2021,Santo Domingo,li,0.2960310802514054
estimadores,2021,Santo Domingo,ls,0.3470782889507133
estimadores,2021,Santo Domingo,cv,4.048824268284781
estimadores,2021,Santa Elena,valor,0.3026380667594245
estimadores,2021,Santa Elena,error,0.01160081765434122
estimadores,2021,Santa Elena,li,0.2798951147024731
estimadores,2021,Santa Elena,ls,0.3253810188163758
estimadores,2021,Santa Elena,cv,3.833231482926116
estimadores,2022,Total,valor,0.3440775166653046
estimadores,2022,Total,error,0.004123478695884193
estimadores,2022,Total,li,0.3359939594488899
estimadores,2022,Total,ls,0.3521610738817192
estimadores,2022,Total,cv,1.198415617459607
estimadores,2022,Urbano,valor,0.4233230455657305
estimadores,2022,Urbano,error,0.004265943847965777
estimadores,2022,Urbano,li,0.4149602034801237
estimadores,2022,Urbano,ls,0.4316858876513373
estimadores,2022,Urbano,cv,1.007727760784852
estimadores,2022,Rural,valor,0.1925296091402665
estimadores,2022,Rural,error,0.005751415158409874
estimadores,2022,Rural,li,0.1812546888757903
estimadores,2022,Rural,ls,0.2038045294047427
estimadores,2022,Rural,cv,2.987288648272125
estimadores,2022,Quito,valor,0.490953133304747
estimadores,2022,Quito,error,0.009247648478182834
estimadores,2022,Quito,li,0.4728192713329289
estimadores,2022,Quito,ls,0.5090869952765651
estimadores,2022,Quito,cv,1.883611255505031
estimadores,2022,Guayaquil,valor,0.4404279548230629
estimadores,2022,Guayaquil,error,0.008231478912306895
estimadores,2022,Guayaquil,li,0.4242867160236145
estimadores,2022,Guayaquil,ls,0.4565691936225112
estimadores,2022,Guayaquil,cv,1.868972852918431
estimadores,2022,Cuenca,valor,0.5714383051417884
estimadores,2022,Cuenca,error,0.008916502360710392
estimadores,2022,Cuenca,li,0.5539537928939479
estimadores,2022,Cuenca,ls,0.5889228173896289
estimadores,2022,Cuenca,cv,1.560361333932275
estimadores,2022,Machala,valor,0.4304421998488726
estimadores,2022,Machala,error,0.009134316343158195
estimadores,2022,Machala,li,0.412530572675269
estimadores,2022,Machala,ls,0.4483538270224761
estimadores,2022,Machala,cv,2.122077330328029
estimadores,2022,Ambato,valor,0.4137628340318715
estimadores,2022,Ambato,error,0.009468451519349233
estimadores,2022,Ambato,li,0.3951959958411892
estimadores,2022,Ambato,ls,0.4323296722225538
estimadores,2022,Ambato,cv,2.288376514411609
estimadores,2022,Azuay,valor,0.3990878601599729
estimadores,2022,Azuay,error,0.01839664891662792
estimadores,2022,Azuay,li,0.3630235622514406
estimadores,2022,Azuay,ls,0.4351521580685053
estimadores,2022,Azuay,cv,4.609673897184867
estimadores,2022,Bolívar,valor,0.1944286486021088
estimadores,2022,Bolívar,error,0.02041707140776641
estimadores,2022,Bolívar,li,0.1544035685450593
estimadores,2022,Bolívar,ls,0.2344537286591584
estimadores,2022,Bolívar,cv,10.50106121426025
estimadores,2022,Cañar,valor,0.2885905502810636
estimadores,2022,Cañar,error,0.0236645297042717
estimadores,2022,Cañar,li,0.2421992399403647
estimadores,2022,Cañar,ls,0.3349818606217624
estimadores,2022,Cañar,cv,8.200036238617093
estimadores,2022,Carchi,valor,0.2865424559775319
estimadores,2022,Carchi,error,0.01954247072590668
estimadores,2022,Carchi,li,0.2482319196770404
estimadores,2022,Carchi,ls,0.3248529922780234
estimadores,2022,Carchi,cv,6.820096051469254
estimadores,2022,Cotopaxi,valor,0.2439604436237364
estimadores,2022,Cotopaxi,error,0.01800192885616444
estimadores,2022,Cotopaxi,li,0.2086699443518765
estimadores,2022,Cotopaxi,ls,0.2792509428955963
estimadores,2022,Cotopaxi,cv,7.37903595712798
estimadores,2022,Chimborazo,valor,0.1666364108964779
estimadores,2022,Chimborazo,error,0.02090493291424324
estimadores,2022,Chimborazo,li,0.125654940206144
estimadores,2022,Chimborazo,ls,0.2076178815868119
estimadores,2022,Chimborazo,cv,12.54523714341779
estimadores,2022,El Oro,valor,0.3772104816166435
estimadores,2022,El Oro,error,0.008343206227109535
estimadores,2022,El Oro,li,0.3608546835443741
estimadores,2022,El Oro,ls,0.3935662796889129
estimadores,2022,El Oro,cv,2.211817177336201
estimadores,2022,Esmeraldas,valor,0.2316408704279083
estimadores,2022,Esmeraldas,error,0.01003442255932103
estimadores,2022,Esmeraldas,li,0.211969657145561
estimadores,2022,Esmeraldas,ls,0.2513120837102556
estimadores,2022,Esmeraldas,cv,4.331887779900208
estimadores,2022,Guayas,valor,0.3971245140267259
estimadores,2022,Guayas,error,0.008943742465739785
estimadores,2022,Guayas,li,0.3795914407934757
estimadores,2022,Guayas,ls,0.4146575872599762
estimadores,2022,Guayas,cv,2.25212550468186
estimadores,2022,Imbabura,valor,0.3266260115421998
estimadores,2022,Imbabura,error,0.01327511092551143
estimadores,2022,Imbabura,li,0.3006018395663064
estimadores,2022,Imbabura,ls,0.3526501835180931
estimadores,2022,Imbabura,cv,4.064315289168664
estimadores,2022,Loja,valor,0.2517815678282556
estimadores,2022,Loja,error,0.01670310018736413
estimadores,2022,Loja,li,0.2190372574985253
estimadores,2022,Loja,ls,0.284525878157986
estimadores,2022,Loja,cv,6.633964643018506
estimadores,2022,Los Ríos,valor,0.2789968274490154
estimadores,2022,Los Ríos,error,0.01576955652211049
estimadores,2022,Los Ríos,li,0.2480826111221064
estimadores,2022,Los Ríos,ls,0.3099110437759244
estimadores,2022,Los Ríos,cv,5.652235068870901
estimadores,2022,Manabí,valor,0.2838579905392296
estimadores,2022,Manabí,error,0.01607874850245556
estimadores,2022,Manabí,li,0.2523376425336313
estimadores,2022,Manabí,ls,0.3153783385448279
estimadores,2022,Manabí,cv,5.664363533297632
estimadores,2022,Morona Santiago,valor,0.1389330346701891
estimadores,2022,Morona Santiago,error,0.02482196863052375
estimadores,2022,Morona Santiago,li,0.09027271205250115
estimadores,2022,Morona Santiago,ls,0.187593357287877
estimadores,2022,Morona Santiago,cv,17.86613866849467
estimadores,2022,Napo,valor,0.1269228693051336
estimadores,2022,Napo,error,0.01750385795687326
estimadores,2022,Napo,li,0.09260877488684319
estimadores,2022,Napo,ls,0.1612369637234241
estimadores,2022,Napo,cv,13.79094094917793
estimadores,2022,Pastaza,valor,0.1378873257211894
estimadores,2022,Pastaza,error,0.01740385335208141
estimadores,2022,Pastaza,li,0.1037692776521979
estimadores,2022,Pastaza,ls,0.172005373790181
estimadores,2022,Pastaza,cv,12.62179338170087
estimadores,2022,Pichincha,valor,0.4823806780698816
estimadores,2022,Pichincha,error,0.007292924224043771
estimadores,2022,Pichincha,li,0.4680838247118475
estimadores,2022,Pichincha,ls,0.4966775314279157
estimadores,2022,Pichincha,cv,1.511860767977788
estimadores,2022,Tungurahua,valor,0.2701111770795402
estimadores,2022,Tungurahua,error,0.01183844259628459
estimadores,2022,Tungurahua,li,0.24690341122499
estimadores,2022,Tungurahua,ls,0.2933189429340905
estimadores,2022,Tungurahua,cv,4.382803675243138
estimadores,2022,Zamora Chinchipe,valor,0.2806802476317231
estimadores,2022,Zamora Chinchipe,error,0.02385204139211876
estimadores,2022,Zamora Chinchipe,li,0.2339213443993789
estimadores,2022,Zamora Chinchipe,ls,0.3274391508640673
estimadores,2022,Zamora Chinchipe,cv,8.497940839575826
estimadores,2022,Galápagos,valor,0.525378191613823
estimadores,2022,Galápagos,error,0.02564187819790564
estimadores,2022,Galápagos,li,0.4751105402358744
estimadores,2022,Galápagos,ls,0.5756458429917717
estimadores,2022,Galápagos,cv,4.880651425431376
estimadores,2022,Sucumbíos,valor,0.227215732044676
estimadores,2022,Sucumbíos,error,0.03601640316985021
estimadores,2022,Sucumbíos,li,0.1566101397219751
estimadores,2022,Sucumbíos,ls,0.2978213243673768
estimadores,2022,Sucumbíos,cv,15.85119254100264
estimadores,2022,Orellana,valor,0.1640936289799043
estimadores,2022,Orellana,error,0.02472137208020317
estimadores,2022,Orellana,li,0.1156305131456787
estimadores,2022,Orellana,ls,0.21255674481413
estimadores,2022,Orellana,cv,15.06540639870343
estimadores,2022,Santo Domingo,valor,0.3575014021160225
estimadores,2022,Santo Domingo,error,0.01718125360431877
estimadores,2022,Santo Domingo,li,0.3238197326317427
estimadores,2022,Santo Domingo,ls,0.3911830716003024
estimadores,2022,Santo Domingo,cv,4.805926215288748
estimadores,2022,Santa Elena,valor,0.3021037263075444
estimadores,2022,Santa Elena,error,0.011887427582185
estimadores,2022,Santa Elena,li,0.2787999315983607
estimadores,2022,Santa Elena,ls,0.3254075210167281
estimadores,2022,Santa Elena,cv,3.934882805809384
estimadores,2023,Total,valor,0.363070123950911
estimadores,2023,Total,error,0.004800440821821296
estimadores,2023,Total,li,0.3536594442978463
estimadores,2023,Total,ls,0.3724808036039758
estimadores,2023,Total,cv,1.322180070776173
estimadores,2023,Urbano,valor,0.4504018324384694
estimadores,2023,Urbano,error,0.004490920740211345
estimadores,2023,Urbano,li,0.4415979292133071
estimadores,2023,Urbano,ls,0.4592057356636318
estimadores,2023,Urbano,cv,0.9970920224497226
estimadores,2023,Rural,valor,0.1948538706897704
estimadores,2023,Rural,error,0.006337681757825075
estimadores,2023,Rural,li,0.1824296173806054
estimadores,2023,Rural,ls,0.2072781239989355
estimadores,2023,Rural,cv,3.252530594024168
estimadores,2023,Quito,valor,0.5523219032958908
estimadores,2023,Quito,error,0.007818867387615462
estimadores,2023,Quito,li,0.5369896703308622
estimadores,2023,Quito,ls,0.5676541362609194
estimadores,2023,Quito,cv,1.415635943633169
estimadores,2023,Guayaquil,valor,0.4625107910558623
estimadores,2023,Guayaquil,error,0.007979382862375404
estimadores,2023,Guayaquil,li,0.4468637988640166
estimadores,2023,Guayaquil,ls,0.478157783247708
estimadores,2023,Guayaquil,cv,1.725231717115039
estimadores,2023,Cuenca,valor,0.5851036898336512
estimadores,2023,Cuenca,error,0.01076298788875621
estimadores,2023,Cuenca,li,0.5639982496810823
estimadores,2023,Cuenca,ls,0.6062091299862202
estimadores,2023,Cuenca,cv,1.839500942442561
estimadores,2023,Machala,valor,0.4436552245157407
estimadores,2023,Machala,error,0.01113590991858469
estimadores,2023,Machala,li,0.4218185112572769
estimadores,2023,Machala,ls,0.4654919377742045
estimadores,2023,Machala,cv,2.510036916783697
estimadores,2023,Ambato,valor,0.4403642777217704
estimadores,2023,Ambato,error,0.009251659898478313
estimadores,2023,Ambato,li,0.4222224423580755
estimadores,2023,Ambato,ls,0.4585061130854652
estimadores,2023,Ambato,cv,2.100910624799514
estimadores,2023,Azuay,valor,0.4024395847206613
estimadores,2023,Azuay,error,0.01991940988207012
estimadores,2023,Azuay,li,0.3633900073514035
estimadores,2023,Azuay,ls,0.4414891620899192
estimadores,2023,Azuay,cv,4.949664654856567
estimadores,2023,Bolívar,valor,0.1954200167560212
estimadores,2023,Bolívar,error,0.01862821011708908
estimadores,2023,Bolívar,li,0.1589016792889644
estimadores,2023,Bolívar,ls,0.2319383542230779
estimadores,2023,Bolívar,cv,9.532396131326767
estimadores,2023,Cañar,valor,0.2850774396327151
estimadores,2023,Cañar,error,0.02233635788894401
estimadores,2023,Cañar,li,0.2412897300220574
estimadores,2023,Cañar,ls,0.3288651492433728
estimadores,2023,Cañar,cv,7.835189595403087
estimadores,2023,Carchi,valor,0.2765952318578485
estimadores,2023,Carchi,error,0.03766182231181719
estimadores,2023,Carchi,li,0.2027638155187362
estimadores,2023,Carchi,ls,0.3504266481969608
estimadores,2023,Carchi,cv,13.61622254253929
estimadores,2023,Cotopaxi,valor,0.2172560308631085
estimadores,2023,Cotopaxi,error,0.02972618814090407
estimadores,2023,Cotopaxi,li,0.158981458946889
estimadores,2023,Cotopaxi,ls,0.275530602779328
estimadores,2023,Cotopaxi,cv,13.68256062803354
estimadores,2023,Chimborazo,valor,0.1619180462071294
estimadores,2023,Chimborazo,error,0.01520998877505685
estimadores,2023,Chimborazo,li,0.1321007154240651
estimadores,2023,Chimborazo,ls,0.1917353769901938
estimadores,2023,Chimborazo,cv,9.393634083010035
estimadores,2023,El Oro,valor,0.40139607457781
estimadores,2023,El Oro,error,0.0103403834556758
estimadores,2023,El Oro,li,0.3811250120227057
estimadores,2023,El Oro,ls,0.4216671371329143
estimadores,2023,El Oro,cv,2.576104777943297
estimadores,2023,Esmeraldas,valor,0.2450353510790388
estimadores,2023,Esmeraldas,error,0.01202114043896593
estimadores,2023,Esmeraldas,li,0.2214693691339286
estimadores,2023,Esmeraldas,ls,0.268601333024149
estimadores,2023,Esmeraldas,cv,4.905880064255863
estimadores,2023,Guayas,valor,0.4179868138637975
estimadores,2023,Guayas,error,0.009029340155981532
estimadores,2023,Guayas,li,0.4002858920442348
estimadores,2023,Guayas,ls,0.4356877356833602
estimadores,2023,Guayas,cv,2.160197369030826
estimadores,2023,Imbabura,valor,0.3101239312203719
estimadores,2023,Imbabura,error,0.01526885369414115
estimadores,2023,Imbabura,li,0.2801912029317727
estimadores,2023,Imbabura,ls,0.3400566595089711
estimadores,2023,Imbabura,cv,4.923468380545971
estimadores,2023,Loja,valor,0.2692524710416839
estimadores,2023,Loja,error,0.01445030089905837
estimadores,2023,Loja,li,0.2409244158278216
estimadores,2023,Loja,ls,0.2975805262555462
estimadores,2023,Loja,cv,5.366822017697015
estimadores,2023,Los Ríos,valor,0.3267841232707398
estimadores,2023,Los Ríos,error,0.02319281446004873
estimadores,2023,Los Ríos,li,0.2813174348482215
estimadores,2023,Los Ríos,ls,0.3722508116932581
estimadores,2023,Los Ríos,cv,7.097289252585122
estimadores,2023,Manabí,valor,0.3097071825389025
estimadores,2023,Manabí,error,0.01673937187445102
estimadores,2023,Manabí,li,0.2768916824315157
estimadores,2023,Manabí,ls,0.3425226826462893
estimadores,2023,Manabí,cv,5.404902701069381
estimadores,2023,Morona Santiago,valor,0.165654142375652
estimadores,2023,Morona Santiago,error,0.02388909098688046
estimadores,2023,Morona Santiago,li,0.1188224886119973
estimadores,2023,Morona Santiago,ls,0.2124857961393066
estimadores,2023,Morona Santiago,cv,14.42106466176224
estimadores,2023,Napo,valor,0.1020077645389951
estimadores,2023,Napo,error,0.02333338638037638
estimadores,2023,Napo,li,0.05626550198494987
estimadores,2023,Napo,ls,0.1477500270930403
estimadores,2023,Napo,cv,22.87412775471282
estimadores,2023,Pastaza,valor,0.1191895837133397
estimadores,2023,Pastaza,error,0.04225772924235092
estimadores,2023,Pastaza,li,0.03634845150772838
estimadores,2023,Pastaza,ls,0.2020307159189511
estimadores,2023,Pastaza,cv,35.45421330104153
estimadores,2023,Pichincha,valor,0.5362252631649049
estimadores,2023,Pichincha,error,0.006719518088652432
estimadores,2023,Pichincha,li,0.5230524662276248
estimadores,2023,Pichincha,ls,0.5493980601021851
estimadores,2023,Pichincha,cv,1.253114791532301
estimadores,2023,Tungurahua,valor,0.2901318894140404
estimadores,2023,Tungurahua,error,0.01153280358692566
estimadores,2023,Tungurahua,li,0.2675232323996838
estimadores,2023,Tungurahua,ls,0.3127405464283969
estimadores,2023,Tungurahua,cv,3.975021018964057
estimadores,2023,Zamora Chinchipe,valor,0.2810630389560723
estimadores,2023,Zamora Chinchipe,error,0.01810649513218277
estimadores,2023,Zamora Chinchipe,li,0.2455674601846001
estimadores,2023,Zamora Chinchipe,ls,0.3165586177275445
estimadores,2023,Zamora Chinchipe,cv,6.442147355779733
estimadores,2023,Galápagos,valor,0.5517544725963163
estimadores,2023,Galápagos,error,0.01826595312175827
estimadores,2023,Galápagos,li,0.5159462958544253
estimadores,2023,Galápagos,ls,0.5875626493382072
estimadores,2023,Galápagos,cv,3.310521985586569
estimadores,2023,Sucumbíos,valor,0.2099616323274001
estimadores,2023,Sucumbíos,error,0.03014247158257876
estimadores,2023,Sucumbíos,li,0.150870987417078
estimadores,2023,Sucumbíos,ls,0.2690522772377221
estimadores,2023,Sucumbíos,cv,14.35618081668207
estimadores,2023,Orellana,valor,0.1503312450403531
estimadores,2023,Orellana,error,0.02686917979019093
estimadores,2023,Orellana,li,0.09765749008087536
estimadores,2023,Orellana,ls,0.2030049999998307
estimadores,2023,Orellana,cv,17.87331687632767
estimadores,2023,Santo Domingo,valor,0.316885349019358
estimadores,2023,Santo Domingo,error,0.02246456037763245
estimadores,2023,Santo Domingo,li,0.2728463140416031
estimadores,2023,Santo Domingo,ls,0.3609243839971129
estimadores,2023,Santo Domingo,cv,7.089176084395158
estimadores,2023,Santa Elena,valor,0.29060739468585
estimadores,2023,Santa Elena,error,0.01359528932736701
estimadores,2023,Santa Elena,li,0.2639554855384646
estimadores,2023,Santa Elena,ls,0.3172593038332353
estimadores,2023,Santa Elena,cv,4.678232411141388
estimadores,2024,Total,valor,0.35876154661675
estimadores,2024,Total,error,0.00647126318179013
estimadores,2024,Total,li,0.346074920064234
estimadores,2024,Total,ls,0.371448173169266
estimadores,2024,Total,cv,1.80377837112602
estimadores,2024,Urbano,valor,0.44494618589734
estimadores,2024,Urbano,error,0.00521620418118701
estimadores,2024,Urbano,li,0.434720047258038
estimadores,2024,Urbano,ls,0.455172324536641
estimadores,2024,Urbano,cv,1.17232248449715
estimadores,2024,Rural,valor,0.193707286949028
estimadores,2024,Rural,error,0.00843853942868047
estimadores,2024,Rural,li,0.177163901929299
estimadores,2024,Rural,ls,0.210250671968757
estimadores,2024,Rural,cv,4.35633556258572
estimadores,2024,Quito,valor,0.515812111186284
estimadores,2024,Quito,error,0.00961399495207281
estimadores,2024,Quito,li,0.496964297365648
estimadores,2024,Quito,ls,0.534659925006921
estimadores,2024,Quito,cv,1.86385599399017
estimadores,2024,Guayaquil,valor,0.464995688020693
estimadores,2024,Guayaquil,error,0.00884969088293067
estimadores,2024,Guayaquil,li,0.447646258676995
estimadores,2024,Guayaquil,ls,0.482345117364392
estimadores,2024,Guayaquil,cv,1.90317697796304
estimadores,2024,Cuenca,valor,0.589878748393624
estimadores,2024,Cuenca,error,0.0106787752925104
estimadores,2024,Cuenca,li,0.56894347959548
estimadores,2024,Cuenca,ls,0.610814017191769
estimadores,2024,Cuenca,cv,1.81033395788391
estimadores,2024,Machala,valor,0.447460011410743
estimadores,2024,Machala,error,0.0137737070988497
estimadores,2024,Machala,li,0.420457265069262
estimadores,2024,Machala,ls,0.474462757752224
estimadores,2024,Machala,cv,3.07819844178349
estimadores,2024,Ambato,valor,0.431160788723441
estimadores,2024,Ambato,error,0.0127740734050085
estimadores,2024,Ambato,li,0.406117780227078
estimadores,2024,Ambato,ls,0.456203797219803
estimadores,2024,Ambato,cv,2.96271686551769
estimadores,2024,Azuay,valor,0.413150417177708
estimadores,2024,Azuay,error,0.0336785195968347
estimadores,2024,Azuay,li,0.347125162298731
estimadores,2024,Azuay,ls,0.479175672056684
estimadores,2024,Azuay,cv,8.15163635242045
estimadores,2024,Bolívar,valor,0.19590237427363
estimadores,2024,Bolívar,error,0.0266729135082467
estimadores,2024,Bolívar,li,0.143611301690012
estimadores,2024,Bolívar,ls,0.248193446857248
estimadores,2024,Bolívar,cv,13.6154110470304
estimadores,2024,Cañar,valor,0.208133768767703
estimadores,2024,Cañar,error,0.0529341585792715
estimadores,2024,Cañar,li,0.10435868144679
estimadores,2024,Cañar,ls,0.311908856088615
estimadores,2024,Cañar,cv,25.4327584094973
estimadores,2024,Carchi,valor,0.264364636726759
estimadores,2024,Carchi,error,0.050354044252556
estimadores,2024,Carchi,li,0.165647749946654
estimadores,2024,Carchi,ls,0.363081523506864
estimadores,2024,Carchi,cv,19.0471936322561
estimadores,2024,Cotopaxi,valor,0.211976694445154
estimadores,2024,Cotopaxi,error,0.0437726708771238
estimadores,2024,Cotopaxi,li,0.126162300404293
estimadores,2024,Cotopaxi,ls,0.297791088486016
estimadores,2024,Cotopaxi,cv,20.6497563289672
estimadores,2024,Chimborazo,valor,0.193072622913983
estimadores,2024,Chimborazo,error,0.0202252105386379
estimadores,2024,Chimborazo,li,0.153421988124203
estimadores,2024,Chimborazo,ls,0.232723257703763
estimadores,2024,Chimborazo,cv,10.4754419520413
estimadores,2024,El Oro,valor,0.431229685349543
estimadores,2024,El Oro,error,0.0169717563408221
estimadores,2024,El Oro,li,0.3979573042722
estimadores,2024,El Oro,ls,0.464502066426887
estimadores,2024,El Oro,cv,3.9356651263619
estimadores,2024,Esmeraldas,valor,0.222592392115591
estimadores,2024,Esmeraldas,error,0.0206943019109981
estimadores,2024,Esmeraldas,li,0.182022124343354
estimadores,2024,Esmeraldas,ls,0.263162659887829
estimadores,2024,Esmeraldas,cv,9.29694933160682
estimadores,2024,Guayas,valor,0.408176793203062
estimadores,2024,Guayas,error,0.00994807334013872
estimadores,2024,Guayas,li,0.388674033411354
estimadores,2024,Guayas,ls,0.427679552994771
estimadores,2024,Guayas,cv,2.43719719146054
estimadores,2024,Imbabura,valor,0.291294441010036
estimadores,2024,Imbabura,error,0.019719905265266
estimadores,2024,Imbabura,li,0.25263443496123
estimadores,2024,Imbabura,ls,0.329954447058842
estimadores,2024,Imbabura,cv,6.76974994678549
estimadores,2024,Loja,valor,0.283579493630314
estimadores,2024,Loja,error,0.0200228481632322
estimadores,2024,Loja,li,0.24432558136795
estimadores,2024,Loja,ls,0.322833405892678
estimadores,2024,Loja,cv,7.06075319724451
estimadores,2024,Los Ríos,valor,0.362575850966648
estimadores,2024,Los Ríos,error,0.0189623018977366
estimadores,2024,Los Ríos,li,0.325401092964285
estimadores,2024,Los Ríos,ls,0.399750608969011
estimadores,2024,Los Ríos,cv,5.22988551145422
estimadores,2024,Manabí,valor,0.315097923386179
estimadores,2024,Manabí,error,0.0234296660653622
estimadores,2024,Manabí,li,0.269165094621335
estimadores,2024,Manabí,ls,0.361030752151023
estimadores,2024,Manabí,cv,7.43567771363796
estimadores,2024,Morona Santiago,valor,0.145950794551197
estimadores,2024,Morona Santiago,error,0.0156030637388714
estimadores,2024,Morona Santiago,li,0.115361675059474
estimadores,2024,Morona Santiago,ls,0.17653991404292
estimadores,2024,Morona Santiago,cv,10.6906329539701
estimadores,2024,Napo,valor,0.138245947475494
estimadores,2024,Napo,error,0.0191025917264471
estimadores,2024,Napo,li,0.100796157440595
estimadores,2024,Napo,ls,0.175695737510394
estimadores,2024,Napo,cv,13.8178312458912
estimadores,2024,Pastaza,valor,0.199680187457056
estimadores,2024,Pastaza,error,0.0265752950657238
estimadores,2024,Pastaza,li,0.147580491532081
estimadores,2024,Pastaza,ls,0.251779883382032
estimadores,2024,Pastaza,cv,13.3089293455512
estimadores,2024,Pichincha,valor,0.51208552420763
estimadores,2024,Pichincha,error,0.007887041563153
estimadores,2024,Pichincha,li,0.496623326472038
estimadores,2024,Pichincha,ls,0.527547721943221
estimadores,2024,Pichincha,cv,1.54018053436619
estimadores,2024,Tungurahua,valor,0.299877707741592
estimadores,2024,Tungurahua,error,0.0112082931121621
estimadores,2024,Tungurahua,li,0.277904342571517
estimadores,2024,Tungurahua,ls,0.321851072911667
estimadores,2024,Tungurahua,cv,3.73762131122478
estimadores,2024,Zamora Chinchipe,valor,0.253374401105784
estimadores,2024,Zamora Chinchipe,error,0.0219144959771243
estimadores,2024,Zamora Chinchipe,li,0.210411996589348
estimadores,2024,Zamora Chinchipe,ls,0.296336805622221
estimadores,2024,Zamora Chinchipe,cv,8.64905684295036
estimadores,2024,Galápagos,valor,0.51138830106204
estimadores,2024,Galápagos,error,0.0195444102504806
estimadores,2024,Galápagos,li,0.473072345263064
estimadores,2024,Galápagos,ls,0.549704256861017
estimadores,2024,Galápagos,cv,3.82183366531679
estimadores,2024,Sucumbíos,valor,0.206729827048363
estimadores,2024,Sucumbíos,error,0.0411654934848642
estimadores,2024,Sucumbíos,li,0.126026689496781
estimadores,2024,Sucumbíos,ls,0.287432964599945
estimadores,2024,Sucumbíos,cv,19.9127015547852
estimadores,2024,Orellana,valor,0.104418416480816
estimadores,2024,Orellana,error,0.0300493923123739
estimadores,2024,Orellana,li,0.0455079058605896
estimadores,2024,Orellana,ls,0.163328927101043
estimadores,2024,Orellana,cv,28.7778663238918
estimadores,2024,Santo Domingo,valor,0.314525333007029
estimadores,2024,Santo Domingo,error,0.0235642940291294
estimadores,2024,Santo Domingo,li,0.26832857204659
estimadores,2024,Santo Domingo,ls,0.360722093967467
estimadores,2024,Santo Domingo,cv,7.49201783011951
estimadores,2024,Santa Elena,valor,0.286769905036985
estimadores,2024,Santa Elena,error,0.0227695652510707
estimadores,2024,Santa Elena,li,0.242131174855783
estimadores,2024,Santa Elena,ls,0.331408635218187
estimadores,2024,Santa Elena,cv,7.94001213207295
estimadores,2025,Total,valor,0.371
estimadores,2025,Total,error,0.006
estimadores,2025,Total,li,0.36
estimadores,2025,Total,ls,0.38299999999999995
estimadores,2025,Total,cv,1.6
estimadores,2025,Urbano,valor,0.45299999999999996
estimadores,2025,Urbano,error,0.008
estimadores,2025,Urbano,li,0.43799999999999994
estimadores,2025,Urbano,ls,0.46799999999999997
estimadores,2025,Urbano,cv,1.7
estimadores,2025,Rural,valor,0.21899999999999997
estimadores,2025,Rural,error,0.009000000000000001
estimadores,2025,Rural,li,0.20199999999999999
estimadores,2025,Rural,ls,0.237
estimadores,2025,Rural,cv,4.0
estimadores,2025,Quito,valor,0.551
estimadores,2025,Quito,error,0.011000000000000001
estimadores,2025,Quito,li,0.529
estimadores,2025,Quito,ls,0.573
estimadores,2025,Quito,cv,2.0
estimadores,2025,Guayaquil,valor,0.491
estimadores,2025,Guayaquil,error,0.008
estimadores,2025,Guayaquil,li,0.47600000000000003
estimadores,2025,Guayaquil,ls,0.506
estimadores,2025,Guayaquil,cv,1.5
estimadores,2025,Cuenca,valor,0.589
estimadores,2025,Cuenca,error,0.022000000000000002
estimadores,2025,Cuenca,li,0.545
estimadores,2025,Cuenca,ls,0.633
estimadores,2025,Cuenca,cv,3.8
estimadores,2025,Machala,valor,0.45899999999999996
estimadores,2025,Machala,error,0.01
estimadores,2025,Machala,li,0.439
estimadores,2025,Machala,ls,0.479
estimadores,2025,Machala,cv,2.2
estimadores,2025,Ambato,valor,0.483
estimadores,2025,Ambato,error,0.018000000000000002
estimadores,2025,Ambato,li,0.44799999999999995
estimadores,2025,Ambato,ls,0.519
estimadores,2025,Ambato,cv,3.7
estimadores,2025,Azuay,valor,0.449
estimadores,2025,Azuay,error,0.016
estimadores,2025,Azuay,li,0.418
estimadores,2025,Azuay,ls,0.479
estimadores,2025,Azuay,cv,3.5
estimadores,2025,Bolívar,valor,0.249
estimadores,2025,Bolívar,error,0.023
estimadores,2025,Bolívar,li,0.205
estimadores,2025,Bolívar,ls,0.294
estimadores,2025,Bolívar,cv,9.1
estimadores,2025,Cañar,valor,0.317
estimadores,2025,Cañar,error,0.016
estimadores,2025,Cañar,li,0.285
estimadores,2025,Cañar,ls,0.348
estimadores,2025,Cañar,cv,5.1
estimadores,2025,Carchi,valor,0.244
estimadores,2025,Carchi,error,0.047
estimadores,2025,Carchi,li,0.153
estimadores,2025,Carchi,ls,0.335
estimadores,2025,Carchi,cv,19.1
estimadores,2025,Cotopaxi,valor,0.257
estimadores,2025,Cotopaxi,error,0.019
estimadores,2025,Cotopaxi,li,0.21899999999999997
estimadores,2025,Cotopaxi,ls,0.294
estimadores,2025,Cotopaxi,cv,7.4
estimadores,2025,Chimborazo,valor,0.21600000000000003
estimadores,2025,Chimborazo,error,0.017
estimadores,2025,Chimborazo,li,0.183
estimadores,2025,Chimborazo,ls,0.249
estimadores,2025,Chimborazo,cv,7.8
estimadores,2025,El Oro,valor,0.426
estimadores,2025,El Oro,error,0.016
estimadores,2025,El Oro,li,0.395
estimadores,2025,El Oro,ls,0.457
estimadores,2025,El Oro,cv,3.8
estimadores,2025,Esmeraldas,valor,0.25
estimadores,2025,Esmeraldas,error,0.012
estimadores,2025,Esmeraldas,li,0.226
estimadores,2025,Esmeraldas,ls,0.27399999999999997
estimadores,2025,Esmeraldas,cv,5.0
estimadores,2025,Guayas,valor,0.413
estimadores,2025,Guayas,error,0.018000000000000002
estimadores,2025,Guayas,li,0.379
estimadores,2025,Guayas,ls,0.44799999999999995
estimadores,2025,Guayas,cv,4.3
estimadores,2025,Imbabura,valor,0.293
estimadores,2025,Imbabura,error,0.021
estimadores,2025,Imbabura,li,0.252
estimadores,2025,Imbabura,ls,0.33399999999999996
estimadores,2025,Imbabura,cv,7.1
estimadores,2025,Loja,valor,0.268
estimadores,2025,Loja,error,0.018000000000000002
estimadores,2025,Loja,li,0.23199999999999998
estimadores,2025,Loja,ls,0.304
estimadores,2025,Loja,cv,6.8
estimadores,2025,Los Ríos,valor,0.325
estimadores,2025,Los Ríos,error,0.02
estimadores,2025,Los Ríos,li,0.287
estimadores,2025,Los Ríos,ls,0.364
estimadores,2025,Los Ríos,cv,6.0
estimadores,2025,Manabí,valor,0.293
estimadores,2025,Manabí,error,0.021
estimadores,2025,Manabí,li,0.253
estimadores,2025,Manabí,ls,0.33299999999999996
estimadores,2025,Manabí,cv,7.0
estimadores,2025,Morona Santiago,valor,0.098
estimadores,2025,Morona Santiago,error,0.028999999999999998
estimadores,2025,Morona Santiago,li,0.040999999999999995
estimadores,2025,Morona Santiago,ls,0.155
estimadores,2025,Morona Santiago,cv,29.7
estimadores,2025,Napo,valor,0.11900000000000001
estimadores,2025,Napo,error,0.012
estimadores,2025,Napo,li,0.096
estimadores,2025,Napo,ls,0.14300000000000002
estimadores,2025,Napo,cv,9.9
estimadores,2025,Pastaza,valor,0.24100000000000002
estimadores,2025,Pastaza,error,0.015
estimadores,2025,Pastaza,li,0.213
estimadores,2025,Pastaza,ls,0.27
estimadores,2025,Pastaza,cv,6.1
estimadores,2025,Pichincha,valor,0.53
estimadores,2025,Pichincha,error,0.01
estimadores,2025,Pichincha,li,0.511
estimadores,2025,Pichincha,ls,0.5489999999999999
estimadores,2025,Pichincha,cv,1.8
estimadores,2025,Tungurahua,valor,0.305
estimadores,2025,Tungurahua,error,0.013999999999999999
estimadores,2025,Tungurahua,li,0.27699999999999997
estimadores,2025,Tungurahua,ls,0.33299999999999996
estimadores,2025,Tungurahua,cv,4.7
estimadores,2025,Zamora Chinchipe,valor,0.321
estimadores,2025,Zamora Chinchipe,error,0.03
estimadores,2025,Zamora Chinchipe,li,0.262
estimadores,2025,Zamora Chinchipe,ls,0.381
estimadores,2025,Zamora Chinchipe,cv,9.5
estimadores,2025,Galápagos,valor,0.596
estimadores,2025,Galápagos,error,0.021
estimadores,2025,Galápagos,li,0.5539999999999999
estimadores,2025,Galápagos,ls,0.637
estimadores,2025,Galápagos,cv,3.6
estimadores,2025,Sucumbíos,valor,0.276
estimadores,2025,Sucumbíos,error,0.03
estimadores,2025,Sucumbíos,li,0.217
estimadores,2025,Sucumbíos,ls,0.336
estimadores,2025,Sucumbíos,cv,10.9
estimadores,2025,Orellana,valor,0.17800000000000002
estimadores,2025,Orellana,error,0.017
estimadores,2025,Orellana,li,0.145
estimadores,2025,Orellana,ls,0.21100000000000002
estimadores,2025,Orellana,cv,9.5
estimadores,2025,Santo Domingo,valor,0.39399999999999996
estimadores,2025,Santo Domingo,error,0.022000000000000002
estimadores,2025,Santo Domingo,li,0.35
estimadores,2025,Santo Domingo,ls,0.43700000000000006
estimadores,2025,Santo Domingo,cv,5.7
estimadores,2025,Santa Elena,valor,0.315
estimadores,2025,Santa Elena,error,0.017
estimadores,2025,Santa Elena,li,0.282
estimadores,2025,Santa Elena,ls,0.348
estimadores,2025,Santa Elena,cv,5.4
