seccion,anio,desagregacion,categoria,valor
territorio,2018,,Total,0.267838419616894
territorio,2018,,Urbano,0.2255858794733865
territorio,2018,,Rural,0.3499996741835572
territorio,2018,,Quito,0.1823717331951637
territorio,2018,,Guayaquil,0.2044981213039433
territorio,2018,,Cuenca,0.1763105329568273
territorio,2018,,Machala,0.2252252514238042
territorio,2018,,Ambato,0.2049339024074033
territorio,2018,,Azuay,0.2787281805092741
territorio,2018,,Bolívar,0.3120165652135622
territorio,2018,,Cañar,0.3359818911919072
territorio,2018,,Carchi,0.3713568724053426
territorio,2018,,Cotopaxi,0.3113692258233421
territorio,2018,,Chimborazo,0.3172541575172901
territorio,2018,,El Oro,0.2555298693688865
territorio,2018,,Esmeraldas,0.3520382439096346
territorio,2018,,Guayas,0.226328696695447
territorio,2018,,Imbabura,0.3424900090198539
territorio,2018,,Loja,0.3397833526978611
territorio,2018,,Los Ríos,0.307751918784532
territorio,2018,,Manabí,0.2994481046920672
territorio,2018,,Morona Santiago,0.3386095961601323
territorio,2018,,Napo,0.2392578656422363
territorio,2018,,Pastaza,0.2738755156713208
territorio,2018,,Pichincha,0.1967253290544784
territorio,2018,,Tungurahua,0.3090032723445246
territorio,2018,,Zamora Chinchipe,0.3058592613039163
territorio,2018,,Galápagos,0.1673529380688475
territorio,2018,,Sucumbíos,0.347014625896647
territorio,2018,,Orellana,0.2590244531303196
territorio,2018,,Santo Domingo,0.2870467619916897
territorio,2018,,Santa Elena,0.2895870509163727
territorio,2018,,Sierra,0.2701264758592529
territorio,2018,,Costa,0.2623932634912374
territorio,2018,,Amazonia,0.2991318990138609
territorio,2018,,Insular,0.1673529380688475
territorio,2018,,Zona 1,0.3505185147430885
territorio,2018,,Zona 2,0.244741959301421
territorio,2018,,Zona 3,0.3103822953137508
territorio,2018,,Zona 4,0.2964270294122559
territorio,2018,,Zona 5,0.2906222568681433
territorio,2018,,Zona 6,0.299699928797669
territorio,2018,,Zona 7,0.2954729527739803
territorio,2018,,Zona 8,0.206859465531706
territorio,2018,,Zona 9,0.1897852883707754
territorio,2019,,Total,0.2737683324920334
territorio,2019,,Urbano,0.2372030794421632
territorio,2019,,Rural,0.3436365218743361
territorio,2019,,Quito,0.1913064528370622
territorio,2019,,Guayaquil,0.21041850020894
territorio,2019,,Cuenca,0.1848601662897729
territorio,2019,,Machala,0.2360364766458855
territorio,2019,,Ambato,0.2194220411891918
territorio,2019,,Azuay,0.2852286830381513
territorio,2019,,Bolívar,0.3376837538989915
territorio,2019,,Cañar,0.3080571271019954
territorio,2019,,Carchi,0.3430743490127325
territorio,2019,,Cotopaxi,0.3253478218973086
territorio,2019,,Chimborazo,0.329117741010865
territorio,2019,,El Oro,0.258322730163022
territorio,2019,,Esmeraldas,0.3415933190207121
territorio,2019,,Guayas,0.2370810970004142
territorio,2019,,Imbabura,0.3386455170025997
territorio,2019,,Loja,0.3081172882930021
territorio,2019,,Los Ríos,0.3065826425667423
territorio,2019,,Manabí,0.3157713075884164
territorio,2019,,Morona Santiago,0.2902824798118959
territorio,2019,,Napo,0.2643080913725228
territorio,2019,,Pastaza,0.2800685069504635
territorio,2019,,Pichincha,0.209612166041834
territorio,2019,,Tungurahua,0.3017906081791029
territorio,2019,,Zamora Chinchipe,0.2993664719855234
territorio,2019,,Galápagos,0.1761774785800104
territorio,2019,,Sucumbíos,0.3342446582752825
territorio,2019,,Orellana,0.297374819923911
territorio,2019,,Santo Domingo,0.2883690865980268
territorio,2019,,Santa Elena,0.3134012064839901
territorio,2019,,Sierra,0.2734314688189049
territorio,2019,,Costa,0.2718638474080315
territorio,2019,,Amazonia,0.2973709093666447
territorio,2019,,Insular,0.1761774785800104
territorio,2019,,Zona 1,0.3396940171010934
territorio,2019,,Zona 2,0.2779033560965661
territorio,2019,,Zona 3,0.316180582200319
territorio,2019,,Zona 4,0.3092675832532144
territorio,2019,,Zona 5,0.3011211028571343
territorio,2019,,Zona 6,0.2911238356544763
territorio,2019,,Zona 7,0.2832339825327598
territorio,2019,,Zona 8,0.2171658131684013
territorio,2019,,Zona 9,0.1986696086517072
territorio,2021,,Total,0.2716226931392768
territorio,2021,,Urbano,0.2401521217865317
territorio,2021,,Rural,0.3309696728897327
territorio,2021,,Quito,0.1650987684526938
territorio,2021,,Guayaquil,0.2487315911047339
territorio,2021,,Cuenca,0.1685438520212998
territorio,2021,,Machala,0.2019216895151262
territorio,2021,,Ambato,0.2125230685678104
territorio,2021,,Azuay,0.2567368141855189
territorio,2021,,Bolívar,0.3443151375569845
territorio,2021,,Cañar,0.2940283037298128
territorio,2021,,Carchi,0.3328474248189375
territorio,2021,,Cotopaxi,0.2752094714377605
territorio,2021,,Chimborazo,0.3021678115614304
territorio,2021,,El Oro,0.237386571371722
territorio,2021,,Esmeraldas,0.3330499283968497
territorio,2021,,Guayas,0.2772236405578649
territorio,2021,,Imbabura,0.3104114953748774
territorio,2021,,Loja,0.3017921649926115
territorio,2021,,Los Ríos,0.3361234287068735
territorio,2021,,Manabí,0.3234115162797067
territorio,2021,,Morona Santiago,0.3098544862127202
territorio,2021,,Napo,0.2431143920854637
territorio,2021,,Pastaza,0.2519252816984768
territorio,2021,,Pichincha,0.1789597229068847
territorio,2021,,Tungurahua,0.2795683085028666
territorio,2021,,Zamora Chinchipe,0.2770882933481101
territorio,2021,,Galápagos,0.2358828125842783
territorio,2021,,Sucumbíos,0.3351785748757584
territorio,2021,,Orellana,0.2600739166329681
territorio,2021,,Santo Domingo,0.3059765593245728
territorio,2021,,Santa Elena,0.3268219566620362
territorio,2021,,Sierra,0.2494848137148482
territorio,2021,,Costa,0.2942538765677344
territorio,2021,,Amazonia,0.2848044615228115
territorio,2021,,Insular,0.2358828125842783
territorio,2021,,Zona 1,0.325465748027791
territorio,2021,,Zona 2,0.2467239979479646
territorio,2021,,Zona 3,0.2835984821425826
territorio,2021,,Zona 4,0.319092214741829
territorio,2021,,Zona 5,0.3356014937740947
territorio,2021,,Zona 6,0.2724967629202514
territorio,2021,,Zona 7,0.2681112506121137
territorio,2021,,Zona 8,0.2530195790530463
territorio,2021,,Zona 9,0.1687934171764561
territorio,2022,,Total,0.2880210388305451
territorio,2022,,Urbano,0.2551697144665215
territorio,2022,,Rural,0.3508453966949394
territorio,2022,,Quito,0.164632396823821
territorio,2022,,Guayaquil,0.2712220108106703
territorio,2022,,Cuenca,0.1721940509166794
territorio,2022,,Machala,0.1964705598306136
territorio,2022,,Ambato,0.2324375148939261
territorio,2022,,Azuay,0.2580551719550473
territorio,2022,,Bolívar,0.3860832906652249
territorio,2022,,Cañar,0.2667722964142692
territorio,2022,,Carchi,0.3232741232207178
territorio,2022,,Cotopaxi,0.329424220710832
territorio,2022,,Chimborazo,0.3270954144700839
territorio,2022,,El Oro,0.2405802430427892
territorio,2022,,Esmeraldas,0.3340472959325855
territorio,2022,,Guayas,0.2888264410711306
territorio,2022,,Imbabura,0.3182893146122612
territorio,2022,,Loja,0.2866768241933367
territorio,2022,,Los Ríos,0.3984586921818576
territorio,2022,,Manabí,0.3572221095828686
territorio,2022,,Morona Santiago,0.2857907675395501
territorio,2022,,Napo,0.2496611813459623
territorio,2022,,Pastaza,0.3017645448196553
territorio,2022,,Pichincha,0.1901622966861713
territorio,2022,,Tungurahua,0.3273370088567265
territorio,2022,,Zamora Chinchipe,0.2773098546533228
territorio,2022,,Galápagos,0.2496110680310971
territorio,2022,,Sucumbíos,0.3928811973977986
territorio,2022,,Orellana,0.2680939585150459
territorio,2022,,Santo Domingo,0.3075699183634796
territorio,2022,,Santa Elena,0.338594771704435
territorio,2022,,Sierra,0.2630326371535561
territorio,2022,,Costa,0.3138862478758879
territorio,2022,,Amazonia,0.2988852736725044
territorio,2022,,Insular,0.2496110680310972
territorio,2022,,Zona 1,0.3351439894678211
territorio,2022,,Zona 2,0.2551086499936381
territorio,2022,,Zona 3,0.3264936475412832
territorio,2022,,Zona 4,0.3451480651501724
territorio,2022,,Zona 5,0.361094103271112
territorio,2022,,Zona 6,0.2637332769247553
territorio,2022,,Zona 7,0.2629338426844208
territorio,2022,,Zona 8,0.2683300286289659
territorio,2022,,Zona 9,0.1804084175902778
territorio,2023,,Total,0.3016383450561064
territorio,2023,,Urbano,0.2668618947424624
territorio,2023,,Rural,0.3686239139267287
territorio,2023,,Quito,0.1784060628793466
territorio,2023,,Guayaquil,0.3023137804740583
territorio,2023,,Cuenca,0.1859268831994273
territorio,2023,,Machala,0.2064588539106501
territorio,2023,,Ambato,0.2181655093722329
territorio,2023,,Azuay,0.2889021997096051
territorio,2023,,Bolívar,0.4433677488503818
territorio,2023,,Cañar,0.2907501309418175
territorio,2023,,Carchi,0.3548225263544059
territorio,2023,,Cotopaxi,0.2926654013270422
territorio,2023,,Chimborazo,0.3634256677928403
territorio,2023,,El Oro,0.2490198272813905
territorio,2023,,Esmeraldas,0.3410301498925092
territorio,2023,,Guayas,0.3069617248657552
territorio,2023,,Imbabura,0.3437193055373222
territorio,2023,,Loja,0.3125863541328477
territorio,2023,,Los Ríos,0.3709787095510624
territorio,2023,,Manabí,0.3646189869668602
territorio,2023,,Morona Santiago,0.2787042191374836
territorio,2023,,Napo,0.2889977963434852
territorio,2023,,Pastaza,0.3067559700849134
territorio,2023,,Pichincha,0.1991638352611899
territorio,2023,,Tungurahua,0.3362245528705055
territorio,2023,,Zamora Chinchipe,0.3012325874483473
territorio,2023,,Galápagos,0.263132291008317
territorio,2023,,Sucumbíos,0.3829231328513208
territorio,2023,,Orellana,0.2555288138632451
territorio,2023,,Santo Domingo,0.4025384791989746
territorio,2023,,Santa Elena,0.3642764262075427
territorio,2023,,Sierra,0.2821550556268338
territorio,2023,,Costa,0.3235509271531584
territorio,2023,,Amazonia,0.3034486001707301
territorio,2023,,Insular,0.2631322910083172
territorio,2023,,Zona 1,0.3495857208105149
territorio,2023,,Zona 2,0.2591710253354971
territorio,2023,,Zona 3,0.3313575637259644
territorio,2023,,Zona 4,0.3738540981473592
territorio,2023,,Zona 5,0.3561464191459749
territorio,2023,,Zona 6,0.2879754156916539
territorio,2023,,Zona 7,0.2800672717944136
territorio,2023,,Zona 8,0.296353364894944
territorio,2023,,Zona 9,0.1923439099125065
territorio,2024,,Total,0.297566423504273
territorio,2024,,Urbano,0.260609748075671
territorio,2024,,Rural,0.368343034667998
territorio,2024,,Quito,0.216102296470582
territorio,2024,,Guayaquil,0.25793188226119
territorio,2024,,Cuenca,0.189492248089782
territorio,2024,,Machala,0.226892660227218
territorio,2024,,Ambato,0.225305732814272
territorio,2024,,Azuay,0.308693790126106
territorio,2024,,Bolívar,0.421839972130753
territorio,2024,,Cañar,0.336567691342013
territorio,2024,,Carchi,0.358739079679489
territorio,2024,,Cotopaxi,0.322217691871327
territorio,2024,,Chimborazo,0.364171842284792
territorio,2024,,El Oro,0.244103030363477
territorio,2024,,Esmeraldas,0.343401427299447
territorio,2024,,Guayas,0.272611094450015
territorio,2024,,Imbabura,0.359643809835241
territorio,2024,,Loja,0.324101820364403
territorio,2024,,Los Ríos,0.327437654641939
territorio,2024,,Manabí,0.342039296755775
territorio,2024,,Morona Santiago,0.361469178406875
territorio,2024,,Napo,0.284331049105175
territorio,2024,,Pastaza,0.306123036338691
territorio,2024,,Pichincha,0.227485752192456
territorio,2024,,Tungurahua,0.315274304378221
territorio,2024,,Zamora Chinchipe,0.353549129316936
territorio,2024,,Galápagos,0.331974448703182
territorio,2024,,Sucumbíos,0.408906288180926
territorio,2024,,Orellana,0.293937303401924
territorio,2024,,Santo Domingo,0.338280115273512
territorio,2024,,Santa Elena,0.335415748459251
territorio,2024,,Sierra,0.294216938119329
territorio,2024,,Costa,0.295727775806504
territorio,2024,,Amazonia,0.339331264744416
territorio,2024,,Insular,0.331974448703182
territorio,2024,,Zona 1,0.36083611744057
territorio,2024,,Zona 2,0.283067305990763
territorio,2024,,Zona 3,0.331908702045201
territorio,2024,,Zona 4,0.341146763578536
territorio,2024,,Zona 5,0.322918830564722
territorio,2024,,Zona 6,0.322262958965532
territorio,2024,,Zona 7,0.287712678844594
territorio,2024,,Zona 8,0.258734892861066
territorio,2024,,Zona 9,0.220094950038423
territorio,2025,,Total,0.30842523716201325
territorio,2025,,Urbano,0.27099392750887547
territorio,2025,,Rural,0.3779527267022964
territorio,2025,,Quito,0.2186178322308169
territorio,2025,,Guayaquil,0.2507715643887567
territorio,2025,,Cuenca,0.20463184594265674
territorio,2025,,Machala,0.25274537996532837
territorio,2025,,Ambato,0.23012741206011786
territorio,2025,,Azuay,0.3274060590174135
territorio,2025,,Bolívar,0.3861601924458792
territorio,2025,,Cañar,0.37462828098524503
territorio,2025,,Carchi,0.3749916903703087
territorio,2025,,Cotopaxi,0.2896073720606808
territorio,2025,,Chimborazo,0.3495187617744115
territorio,2025,,El Oro,0.27282442221090625
territorio,2025,,Esmeraldas,0.36255235270811664
territorio,2025,,Guayas,0.2995130656069623
territorio,2025,,Imbabura,0.379868651155753
territorio,2025,,Loja,0.38747527576837504
territorio,2025,,Los Ríos,0.34140452718632086
territorio,2025,,Manabí,0.3453392998839305
territorio,2025,,Morona Santiago,0.36570179368626565
territorio,2025,,Napo,0.272928901624685
territorio,2025,,Pastaza,0.2997657509007179
territorio,2025,,Pichincha,0.22919239511909364
territorio,2025,,Tungurahua,0.3157788834390644
territorio,2025,,Zamora Chinchipe,0.32022065472945493
territorio,2025,,Galápagos,0.2739548196591653
territorio,2025,,Sucumbíos,0.3556345516719903
territorio,2025,,Orellana,0.26643302382314704
territorio,2025,,Santo Domingo,0.34741749712378794
territorio,2025,,Santa Elena,0.3541444679036033
territorio,2025,,Sierra,0.30020465475779373
territorio,2025,,Costa,0.31703255545615294
territorio,2025,,Amazonia,0.31504148842538743
territorio,2025,,Insular,0.27395481965916535
territorio,2025,,Zona 1,0.36913305076968783
territorio,2025,,Zona 2,0.2685351419175784
territorio,2025,,Zona 3,0.3173750836355279
territorio,2025,,Zona 4,0.3458299385935184
territorio,2025,,Zona 5,0.36935960287769987
territorio,2025,,Zona 6,0.3432995765993483
territorio,2025,,Zona 7,0.32371793803741455
territorio,2025,,Zona 8,0.25988497393678056
territorio,2025,,Zona 9,0.22145058857722238
caracteristicas,2018,Sexo,Hombre,0.2464767042416604
caracteristicas,2018,Sexo,Mujer,0.2963769367507721
caracteristicas,2018,Grupos de edad,15 a 17 años,0.1576419467575079
caracteristicas,2018,Grupos de edad,18 a 29 años,0.2118604331813962
caracteristicas,2018,Grupos de edad,30 a 44 años,0.2178630926172151
caracteristicas,2018,Grupos de edad,45 a 64 años,0.3001558246251719
caracteristicas,2018,Grupos de edad,65 años y más,0.5964306506338555
caracteristicas,2018,Etnia,Indígena,0.3376357600790025
caracteristicas,2018,Etnia,Afroecuatoriano,0.2900855514418675
caracteristicas,2018,Etnia,Montubio,0.3315532033414649
caracteristicas,2018,Etnia,Mestizo,0.255369371680244
caracteristicas,2018,Etnia,Blanco,0.2402924693843939
caracteristicas,2018,Estado civil/conyugal,Casado,0.2711040302910895
caracteristicas,2018,Estado civil/conyugal,Unión libre,0.2669128231189556
caracteristicas,2018,Estado civil/conyugal,Soltero,0.2188715956323895
caracteristicas,2018,Estado civil/conyugal,Otro,0.3525242647713933
caracteristicas,2018,Nivel de instrucción,Ninguno,0.5284681281258353
caracteristicas,2018,Nivel de instrucción,Centro de alfabetización,0.4875684810225586
caracteristicas,2018,Nivel de instrucción,Básica,0.3597473275217328
caracteristicas,2018,Nivel de instrucción,Bachillerato,0.2136921184580871
caracteristicas,2018,Nivel de instrucción,Superior,0.1057033314343529
caracteristicas,2018,Quintiles de ingreso,Quintil 1,0.3657758421927455
caracteristicas,2018,Quintiles de ingreso,Quintil 2,0.3565972808262654
caracteristicas,2018,Quintiles de ingreso,Quintil 3,0.3182206038724399
caracteristicas,2018,Quintiles de ingreso,Quintil 4,0.2452868195529881
caracteristicas,2018,Quintiles de ingreso,Quintil 5,0.1232312518209431
caracteristicas,2019,Sexo,Hombre,0.2535519333523289
caracteristicas,2019,Sexo,Mujer,0.299999583982751
caracteristicas,2019,Grupos de edad,15 a 17 años,0.1426928199850163
caracteristicas,2019,Grupos de edad,18 a 29 años,0.2059504572235343
caracteristicas,2019,Grupos de edad,30 a 44 años,0.2277424753203745
caracteristicas,2019,Grupos de edad,45 a 64 años,0.3084249407502793
caracteristicas,2019,Grupos de edad,65 años y más,0.5976787260731692
caracteristicas,2019,Etnia,Indígena,0.3342979972833719
caracteristicas,2019,Etnia,Afroecuatoriano,0.2718833000302056
caracteristicas,2019,Etnia,Montubio,0.3390553602917878
caracteristicas,2019,Etnia,Mestizo,0.2622329222510099
caracteristicas,2019,Etnia,Blanco,0.2446236446143871
caracteristicas,2019,Estado civil/conyugal,Casado,0.2793144316567839
caracteristicas,2019,Estado civil/conyugal,Unión libre,0.2747366983061983
caracteristicas,2019,Estado civil/conyugal,Soltero,0.2162955480230219
caracteristicas,2019,Estado civil/conyugal,Otro,0.3676186859072015
caracteristicas,2019,Nivel de instrucción,Ninguno,0.5273598107578517
caracteristicas,2019,Nivel de instrucción,Centro de alfabetización,0.4545269789294782
caracteristicas,2019,Nivel de instrucción,Básica,0.3654641120297042
caracteristicas,2019,Nivel de instrucción,Bachillerato,0.2219589515878646
caracteristicas,2019,Nivel de instrucción,Superior,0.1147391213923685
caracteristicas,2019,Quintiles de ingreso,Quintil 1,0.3492215246617854
caracteristicas,2019,Quintiles de ingreso,Quintil 2,0.3637182571342739
caracteristicas,2019,Quintiles de ingreso,Quintil 3,0.3266149767790043
caracteristicas,2019,Quintiles de ingreso,Quintil 4,0.2619036755499524
caracteristicas,2019,Quintiles de ingreso,Quintil 5,0.1309222601857006
caracteristicas,2021,Sexo,Hombre,0.2628759470946399
caracteristicas,2021,Sexo,Mujer,0.2832302731579599
caracteristicas,2021,Grupos de edad,15 a 17 años,0.13747870551772
caracteristicas,2021,Grupos de edad,18 a 29 años,0.2156138067056836
caracteristicas,2021,Grupos de edad,30 a 44 años,0.2138273856159367
caracteristicas,2021,Grupos de edad,45 a 64 años,0.3133977236061573
caracteristicas,2021,Grupos de edad,65 años y más,0.6181317716589276
caracteristicas,2021,Etnia,Indígena,0.313332478360307
caracteristicas,2021,Etnia,Afroecuatoriano,0.2749837633335706
caracteristicas,2021,Etnia,Montubio,0.3488139388496306
caracteristicas,2021,Etnia,Mestizo,0.2626632527068417
caracteristicas,2021,Etnia,Blanco,0.2490822582915824
caracteristicas,2021,Estado civil/conyugal,Casado,0.2773637825355468
caracteristicas,2021,Estado civil/conyugal,Unión libre,0.2835246476301208
caracteristicas,2021,Estado civil/conyugal,Soltero,0.2050277403170314
caracteristicas,2021,Estado civil/conyugal,Otro,0.3594212942062517
caracteristicas,2021,Nivel de instrucción,Ninguno,0.5177442500117708
caracteristicas,2021,Nivel de instrucción,Centro de alfabetización,0.4628655708722812
caracteristicas,2021,Nivel de instrucción,Básica,0.3691390595972019
caracteristicas,2021,Nivel de instrucción,Bachillerato,0.2302844192797892
caracteristicas,2021,Nivel de instrucción,Superior,0.1242527868127573
caracteristicas,2021,Quintiles de ingreso,Quintil 1,0.3119177335307093
caracteristicas,2021,Quintiles de ingreso,Quintil 2,0.3589430916593608
caracteristicas,2021,Quintiles de ingreso,Quintil 3,0.3332724936539002
caracteristicas,2021,Quintiles de ingreso,Quintil 4,0.2674186392583264
caracteristicas,2021,Quintiles de ingreso,Quintil 5,0.1455439159762746
caracteristicas,2022,Sexo,Hombre,0.267864113519469
caracteristicas,2022,Sexo,Mujer,0.3142334648189761
caracteristicas,2022,Grupos de edad,15 a 17 años,0.1578815712261042
caracteristicas,2022,Grupos de edad,18 a 29 años,0.2387075143192375
caracteristicas,2022,Grupos de edad,30 a 44 años,0.2293674454980069
caracteristicas,2022,Grupos de edad,45 a 64 años,0.318894979648669
caracteristicas,2022,Grupos de edad,65 años y más,0.6153952071159665
caracteristicas,2022,Etnia,Indígena,0.3515703152410385
caracteristicas,2022,Etnia,Afroecuatoriano,0.2955038612020375
caracteristicas,2022,Etnia,Montubio,0.397360669431528
caracteristicas,2022,Etnia,Mestizo,0.2753773372952416
caracteristicas,2022,Etnia,Blanco,0.279124111471984
caracteristicas,2022,Estado civil/conyugal,Casado,0.2868832041545492
caracteristicas,2022,Estado civil/conyugal,Unión libre,0.2915241665590052
caracteristicas,2022,Estado civil/conyugal,Soltero,0.2272854750941984
caracteristicas,2022,Estado civil/conyugal,Otro,0.3904401579464757
caracteristicas,2022,Nivel de instrucción,Ninguno,0.5281320101278546
caracteristicas,2022,Nivel de instrucción,Centro de alfabetización,0.5518701848506665
caracteristicas,2022,Nivel de instrucción,Básica,0.3798010409793826
caracteristicas,2022,Nivel de instrucción,Bachillerato,0.2556448821973905
caracteristicas,2022,Nivel de instrucción,Superior,0.1356313797103223
caracteristicas,2022,Quintiles de ingreso,Quintil 1,0.3379115071547226
caracteristicas,2022,Quintiles de ingreso,Quintil 2,0.3842648456463765
caracteristicas,2022,Quintiles de ingreso,Quintil 3,0.3425075636264794
caracteristicas,2022,Quintiles de ingreso,Quintil 4,0.2855903210503613
caracteristicas,2022,Quintiles de ingreso,Quintil 5,0.1543283512480005
caracteristicas,2023,Sexo,Hombre,0.2863128386803352
caracteristicas,2023,Sexo,Mujer,0.3218140046437768
caracteristicas,2023,Grupos de edad,15 a 17 años,0.1497759997949989
caracteristicas,2023,Grupos de edad,18 a 29 años,0.2519353734912478
caracteristicas,2023,Grupos de edad,30 a 44 años,0.2434273487433177
caracteristicas,2023,Grupos de edad,45 a 64 años,0.3315664613051671
caracteristicas,2023,Grupos de edad,65 años y más,0.6276507498733453
caracteristicas,2023,Etnia,Indígena,0.3572584830779222
caracteristicas,2023,Etnia,Afroecuatoriano,0.3111370907192658
caracteristicas,2023,Etnia,Montubio,0.4294283550097831
caracteristicas,2023,Etnia,Mestizo,0.2878423503384367
caracteristicas,2023,Etnia,Blanco,0.2274435294142905
caracteristicas,2023,Estado civil/conyugal,Casado,0.2951418091748272
caracteristicas,2023,Estado civil/conyugal,Unión libre,0.3118639846132675
caracteristicas,2023,Estado civil/conyugal,Soltero,0.235708783083331
caracteristicas,2023,Estado civil/conyugal,Otro,0.4179788154794746
caracteristicas,2023,Nivel de instrucción,Ninguno,0.5321218970802096
caracteristicas,2023,Nivel de instrucción,Centro de alfabetización,0.5974549333215529
caracteristicas,2023,Nivel de instrucción,Básica,0.4034604827450311
caracteristicas,2023,Nivel de instrucción,Bachillerato,0.26527811032358
caracteristicas,2023,Nivel de instrucción,Superior,0.1374593724522608
caracteristicas,2023,Quintiles de ingreso,Quintil 1,0.3686421731799925
caracteristicas,2023,Quintiles de ingreso,Quintil 2,0.4016174997624328
caracteristicas,2023,Quintiles de ingreso,Quintil 3,0.3639671009777137
caracteristicas,2023,Quintiles de ingreso,Quintil 4,0.2951573422385045
caracteristicas,2023,Quintiles de ingreso,Quintil 5,0.1582453088362489
caracteristicas,2024,Sexo,Hombre,0.273197138737881
caracteristicas,2024,Sexo,Mujer,0.330083869560895
caracteristicas,2024,Grupos de edad,15 a 17 años,0.142773184148221
caracteristicas,2024,Grupos de edad,18 a 29 años,0.229755427905103
caracteristicas,2024,Grupos de edad,30 a 44 años,0.245059479190571
caracteristicas,2024,Grupos de edad,45 a 64 años,0.329649117136712
caracteristicas,2024,Grupos de edad,65 años y más,0.631451592870583
caracteristicas,2024,Etnia,Indígena,0.375789921206758
caracteristicas,2024,Etnia,Afroecuatoriano,0.306420186932808
caracteristicas,2024,Etnia,Montubio,0.357383192494489
caracteristicas,2024,Etnia,Mestizo,0.28240806507723
caracteristicas,2024,Etnia,Blanco,0.290930011410234
caracteristicas,2024,Estado civil/conyugal,Casado,0.301242183475688
caracteristicas,2024,Estado civil/conyugal,Unión libre,0.289322592718527
caracteristicas,2024,Estado civil/conyugal,Soltero,0.231374443678197
caracteristicas,2024,Estado civil/conyugal,Otro,0.422810394437272
caracteristicas,2024,Nivel de instrucción,Ninguno,0.546800795585375
caracteristicas,2024,Nivel de instrucción,Centro de alfabetización,0.585073456252206
caracteristicas,2024,Nivel de instrucción,Básica,0.399095583965893
caracteristicas,2024,Nivel de instrucción,Bachillerato,0.259509222017129
caracteristicas,2024,Nivel de instrucción,Superior,0.135759901179511
caracteristicas,2024,Quintiles de ingreso,Quintil 1,0.366442377942767
caracteristicas,2024,Quintiles de ingreso,Quintil 2,0.397023201279354
caracteristicas,2024,Quintiles de ingreso,Quintil 3,0.351880305058783
caracteristicas,2024,Quintiles de ingreso,Quintil 4,0.294485684912858
caracteristicas,2024,Quintiles de ingreso,Quintil 5,0.159802480168395
caracteristicas,2025,Sexo,Hombre,0.2900135037038217
caracteristicas,2025,Sexo,Mujer,0.3333573225979036
caracteristicas,2025,Grupos de edad,15 a 17 años,0.1717359445674427
caracteristicas,2025,Grupos de edad,18 a 29 años,0.2599537306662679
caracteristicas,2025,Grupos de edad,30 a 44 años,0.24517630685108865
caracteristicas,2025,Grupos de edad,45 a 64 años,0.3425365118972269
caracteristicas,2025,Grupos de edad,65 años y más,0.6164301185210339
caracteristicas,2025,Etnia,Indígena,0.359942626665626
caracteristicas,2025,Etnia,Afroecuatoriano,0.3004445759652673
caracteristicas,2025,Etnia,Montubio,0.41171443574790884
caracteristicas,2025,Etnia,Mestizo,0.2961261796665723
caracteristicas,2025,Etnia,Blanco,0.3413275358156037
caracteristicas,2025,Estado civil/conyugal,Casado,0.30332841537273425
caracteristicas,2025,Estado civil/conyugal,Unión libre,0.31501278200139116
caracteristicas,2025,Estado civil/conyugal,Soltero,0.25095449663878633
caracteristicas,2025,Estado civil/conyugal,Otro,0.41104056855211757
caracteristicas,2025,Nivel de instrucción,Ninguno,0.5406072972298891
caracteristicas,2025,Nivel de instrucción,Centro de alfabetización,0.43946983139341267
caracteristicas,2025,Nivel de instrucción,Básica,0.41506722002159446
caracteristicas,2025,Nivel de instrucción,Bachillerato,0.273466406324323
caracteristicas,2025,Nivel de instrucción,Superior,0.14479366103874458
caracteristicas,2025,Quintiles de ingreso,Quintil 1,0.3916287690501118
caracteristicas,2025,Quintiles de ingreso,Quintil 2,0.4065440200242136
caracteristicas,2025,Quintiles de ingreso,Quintil 3,0.35700071981655296
caracteristicas,2025,Quintiles de ingreso,Quintil 4,0.31477257723855023
caracteristicas,2025,Quintiles de ingreso,Quintil 5,0.1640250186312723
ci,2018,Límite inferior,Total,0.2646928299359273
ci,2018,Límite inferior,Urbano,0.2219311063764159
ci,2018,Límite inferior,Rural,0.3441492082141266
ci,2018,Límite superior,Total,0.2709840092978607
ci,2018,Límite superior,Urbano,0.2292406525703571
ci,2018,Límite superior,Rural,0.3558501401529877
ci,2019,Límite inferior,Total,0.2704885186581649
ci,2019,Límite inferior,Urbano,0.2331676256028888
ci,2019,Límite inferior,Rural,0.3379766450183443
ci,2019,Límite superior,Total,0.277048146325902
ci,2019,Límite superior,Urbano,0.2412385332814376
ci,2019,Límite superior,Rural,0.349296398730328
ci,2021,Límite inferior,Total,0.2661691287149906
ci,2021,Límite inferior,Urbano,0.232871038029397
ci,2021,Límite inferior,Rural,0.3233883886206135
ci,2021,Límite superior,Total,0.277076257563563
ci,2021,Límite superior,Urbano,0.2474332055436664
ci,2021,Límite superior,Rural,0.3385509571588519
ci,2022,Límite inferior,Total,0.2825362000780514
ci,2022,Límite inferior,Urbano,0.2484785526262893
ci,2022,Límite inferior,Rural,0.3409696503772682
ci,2022,Límite superior,Total,0.2935058775830389
ci,2022,Límite superior,Urbano,0.2618608763067537
ci,2022,Límite superior,Rural,0.3607211430126106
ci,2023,Límite inferior,Total,0.2954942778262487
ci,2023,Límite inferior,Urbano,0.2596514709852187
ci,2023,Límite inferior,Rural,0.3566434370002229
ci,2023,Límite superior,Total,0.3077824122859641
ci,2023,Límite superior,Urbano,0.274072318499706
ci,2023,Límite superior,Rural,0.3806043908532344
ci,2024,Límite inferior,Total,0.290724261719472
ci,2024,Límite inferior,Urbano,0.253047830859288
ci,2024,Límite inferior,Rural,0.35704527747647
ci,2024,Límite superior,Total,0.304408585289074
ci,2024,Límite superior,Urbano,0.268171665292054
ci,2024,Límite superior,Rural,0.379640791859525
ci,2025,Límite inferior,Total,0.299
ci,2025,Límite inferior,Urbano,0.257
ci,2025,Límite inferior,Rural,0.366
ci,2025,Límite superior,Total,0.318
ci,2025,Límite superior,Urbano,0.285
ci,2025,Límite superior,Rural,0.39
territorio_hombre,2018,,Urbano,0.1884129579230181
territorio_hombre,2018,,Rural,0.358967066167359
territorio_hombre,2018,,Quito,0.1496560349522245
territorio_hombre,2018,,Guayaquil,0.1520962651862128
territorio_hombre,2018,,Cuenca,0.126165277755004
territorio_hombre,2018,,Machala,0.1846649214073995
territorio_hombre,2018,,Ambato,0.170979440146221
territorio_hombre,2018,,Sierra,0.2492086234256007
territorio_hombre,2018,,Costa,0.2340360180043777
territorio_hombre,2018,,Amazonia,0.3478511127107572
territorio_hombre,2018,,Insular,0.1104952258221587
territorio_hombre,2018,,Zona 1,0.3585938170929485
territorio_hombre,2018,,Zona 2,0.25544665569791
territorio_hombre,2018,,Zona 3,0.3137173334731347
territorio_hombre,2018,,Zona 4,0.2805489683764289
territorio_hombre,2018,,Zona 5,0.2688852899336256
territorio_hombre,2018,,Zona 6,0.2575780312392874
territorio_hombre,2018,,Zona 7,0.2802751451887699
territorio_hombre,2018,,Zona 8,0.1574348956225753
territorio_hombre,2018,,Zona 9,0.1591930942408329
territorio_hombre,2018,,Total,0.2464767042416604
territorio_hombre,2019,,Urbano,0.2031565608521451
territorio_hombre,2019,,Rural,0.3504821380709668
territorio_hombre,2019,,Quito,0.1687116802670241
territorio_hombre,2019,,Guayaquil,0.1598661704430225
territorio_hombre,2019,,Cuenca,0.1331284297846574
territorio_hombre,2019,,Machala,0.1947000139823961
territorio_hombre,2019,,Ambato,0.1902426562057942
territorio_hombre,2019,,Sierra,0.2560075973974654
territorio_hombre,2019,,Costa,0.2423886735306297
territorio_hombre,2019,,Amazonia,0.3449573599717082
territorio_hombre,2019,,Insular,0.1440758667117519
territorio_hombre,2019,,Zona 1,0.3539126665928693
territorio_hombre,2019,,Zona 2,0.2967446644243559
territorio_hombre,2019,,Zona 3,0.3255953557721516
territorio_hombre,2019,,Zona 4,0.2905357650166253
territorio_hombre,2019,,Zona 5,0.2756320135607924
territorio_hombre,2019,,Zona 6,0.2429199349223947
territorio_hombre,2019,,Zona 7,0.2623386282572377
territorio_hombre,2019,,Zona 8,0.1676892528862409
territorio_hombre,2019,,Zona 9,0.1773148261780573
territorio_hombre,2019,,Total,0.2535519333523289
territorio_hombre,2021,,Urbano,0.2214492275768083
territorio_hombre,2021,,Rural,0.3412991568706436
territorio_hombre,2021,,Quito,0.1633513799092439
territorio_hombre,2021,,Guayaquil,0.2104883354050719
territorio_hombre,2021,,Cuenca,0.1400230172906117
territorio_hombre,2021,,Machala,0.1686545978772339
territorio_hombre,2021,,Ambato,0.2032432001137034
territorio_hombre,2021,,Sierra,0.243194658926877
territorio_hombre,2021,,Costa,0.2744631365870256
territorio_hombre,2021,,Amazonia,0.3247520682340964
territorio_hombre,2021,,Insular,0.2171309878456285
territorio_hombre,2021,,Zona 1,0.3564107786866136
territorio_hombre,2021,,Zona 2,0.2484548137060694
territorio_hombre,2021,,Zona 3,0.2894943513082124
territorio_hombre,2021,,Zona 4,0.3138750066787213
territorio_hombre,2021,,Zona 5,0.3143735203663952
territorio_hombre,2021,,Zona 6,0.2452329109795878
territorio_hombre,2021,,Zona 7,0.2470404831784337
territorio_hombre,2021,,Zona 8,0.2177149769845843
territorio_hombre,2021,,Zona 9,0.165540583350078
territorio_hombre,2021,,Total,0.2628759470946399
territorio_hombre,2022,,Urbano,0.2230866734609279
territorio_hombre,2022,,Rural,0.352562830249891
territorio_hombre,2022,,Quito,0.1483012721335495
territorio_hombre,2022,,Guayaquil,0.2210427609414575
territorio_hombre,2022,,Cuenca,0.1343305186093256
territorio_hombre,2022,,Machala,0.1680638372824604
territorio_hombre,2022,,Ambato,0.2138726011048831
territorio_hombre,2022,,Sierra,0.2472401068638443
territorio_hombre,2022,,Costa,0.2797275361008379
territorio_hombre,2022,,Amazonia,0.3356800610336877
territorio_hombre,2022,,Insular,0.2311434191606714
territorio_hombre,2022,,Zona 1,0.346965733767865
territorio_hombre,2022,,Zona 2,0.2628666573017801
territorio_hombre,2022,,Zona 3,0.3316379318506876
territorio_hombre,2022,,Zona 4,0.3175379961851895
territorio_hombre,2022,,Zona 5,0.3282756157905248
territorio_hombre,2022,,Zona 6,0.2265570714296319
territorio_hombre,2022,,Zona 7,0.2343606200550522
territorio_hombre,2022,,Zona 8,0.2168626740445842
territorio_hombre,2022,,Zona 9,0.1668341706156738
territorio_hombre,2022,,Total,0.267864113519469
territorio_hombre,2023,,Urbano,0.2377588851705791
territorio_hombre,2023,,Rural,0.3811562145677273
territorio_hombre,2023,,Quito,0.1594692333228692
territorio_hombre,2023,,Guayaquil,0.2649948444339673
territorio_hombre,2023,,Cuenca,0.1373578916118091
territorio_hombre,2023,,Machala,0.1863293029332961
territorio_hombre,2023,,Ambato,0.1867233968241164
territorio_hombre,2023,,Sierra,0.266419748720079
territorio_hombre,2023,,Costa,0.2975959992737373
territorio_hombre,2023,,Amazonia,0.3549193140823575
territorio_hombre,2023,,Insular,0.2469004041613231
territorio_hombre,2023,,Zona 1,0.3770526235947259
territorio_hombre,2023,,Zona 2,0.2741528465661783
territorio_hombre,2023,,Zona 3,0.3447871710462555
territorio_hombre,2023,,Zona 4,0.3486633836273254
territorio_hombre,2023,,Zona 5,0.3264051195829006
territorio_hombre,2023,,Zona 6,0.2367799802930532
territorio_hombre,2023,,Zona 7,0.267200777942932
territorio_hombre,2023,,Zona 8,0.2585146170264163
territorio_hombre,2023,,Zona 9,0.1710087223465508
territorio_hombre,2023,,Total,0.2863128386803352
territorio_hombre,2024,,Urbano,0.225326518509788
territorio_hombre,2024,,Rural,0.36613704175353
territorio_hombre,2024,,Quito,0.192826214604813
territorio_hombre,2024,,Guayaquil,0.203921446117416
territorio_hombre,2024,,Cuenca,0.150827553834403
territorio_hombre,2024,,Machala,0.196861006698616
territorio_hombre,2024,,Ambato,0.191304580078115
territorio_hombre,2024,,Sierra,0.270107262853403
territorio_hombre,2024,,Costa,0.263151580469905
territorio_hombre,2024,,Amazonia,0.385589507560681
territorio_hombre,2024,,Insular,0.297075628458327
territorio_hombre,2024,,Zona 1,0.381515130142988
territorio_hombre,2024,,Zona 2,0.295484901694741
territorio_hombre,2024,,Zona 3,0.336262522409136
territorio_hombre,2024,,Zona 4,0.310925003215912
territorio_hombre,2024,,Zona 5,0.290111819121923
territorio_hombre,2024,,Zona 6,0.249169658960148
territorio_hombre,2024,,Zona 7,0.26771616485214
territorio_hombre,2024,,Zona 8,0.208357410098989
territorio_hombre,2024,,Zona 9,0.196134079567854
territorio_hombre,2024,,Total,0.273197138737881
territorio_hombre,2025,,Urbano,0.24194976314251587
territorio_hombre,2025,,Rural,0.37921599178244464
territorio_hombre,2025,,Quito,0.19162410879051606
territorio_hombre,2025,,Guayaquil,0.19907666711126965
territorio_hombre,2025,,Cuenca,0.1539057064530639
territorio_hombre,2025,,Machala,0.213325355383458
territorio_hombre,2025,,Ambato,0.20300968830499116
territorio_hombre,2025,,Sierra,0.2764244651895931
territorio_hombre,2025,,Costa,0.2951161996287183
territorio_hombre,2025,,Amazonia,0.3563137598028258
territorio_hombre,2025,,Insular,0.27332797967474665
territorio_hombre,2025,,Zona 1,0.37872959916027404
territorio_hombre,2025,,Zona 2,0.2788863855079537
territorio_hombre,2025,,Zona 3,0.30832834074660725
territorio_hombre,2025,,Zona 4,0.32754521329346487
territorio_hombre,2025,,Zona 5,0.3613878444944514
territorio_hombre,2025,,Zona 6,0.28009968552468445
territorio_hombre,2025,,Zona 7,0.3080854944283441
territorio_hombre,2025,,Zona 8,0.21039604790458086
territorio_hombre,2025,,Zona 9,0.19710659387891472
territorio_hombre,2025,,Total,0.2900135037038217
caracteristicas_hombre,2018,Grupos de edad,15 a 17 años,0.2033249328477008
caracteristicas_hombre,2018,Grupos de edad,18 a 29 años,0.2025260999505506
caracteristicas_hombre,2018,Grupos de edad,30 a 44 años,0.177829536673804
caracteristicas_hombre,2018,Grupos de edad,45 a 64 años,0.2669640778052019
caracteristicas_hombre,2018,Grupos de edad,65 años y más,0.6143521371125228
caracteristicas_hombre,2018,Etnia,Indígena,0.3848168067590768
caracteristicas_hombre,2018,Etnia,Afroecuatoriano,0.2699248690129425
caracteristicas_hombre,2018,Etnia,Montubio,0.3176639386803559
caracteristicas_hombre,2018,Etnia,Mestizo,0.2265245031776755
caracteristicas_hombre,2018,Etnia,Blanco,0.211591135777099
caracteristicas_hombre,2018,Estado civil/conyugal,Casado,0.2563720136414827
caracteristicas_hombre,2018,Estado civil/conyugal,Unión libre,0.2383932744600308
caracteristicas_hombre,2018,Estado civil/conyugal,Soltero,0.2225714384775671
caracteristicas_hombre,2018,Estado civil/conyugal,Otros,0.3082203681215965
caracteristicas_hombre,2018,Nivel de instrucción,Ninguno,0.5773994329836075
caracteristicas_hombre,2018,Nivel de instrucción,Centro de Alfabetización,0.5223141185730616
caracteristicas_hombre,2018,Nivel de instrucción,Básica,0.3341471368604482
caracteristicas_hombre,2018,Nivel de instrucción,Bachillerato,0.1777308183926897
caracteristicas_hombre,2018,Nivel de instrucción,Superior,0.09758268178062386
caracteristicas_hombre,2019,Grupos de edad,15 a 17 años,0.178486642617343
caracteristicas_hombre,2019,Grupos de edad,18 a 29 años,0.1975224929221953
caracteristicas_hombre,2019,Grupos de edad,30 a 44 años,0.190023709874357
caracteristicas_hombre,2019,Grupos de edad,45 a 64 años,0.2780705410468218
caracteristicas_hombre,2019,Grupos de edad,65 años y más,0.6154848162686167
caracteristicas_hombre,2019,Etnia,Indígena,0.3842405386258291
caracteristicas_hombre,2019,Etnia,Afroecuatoriano,0.2734957738567878
caracteristicas_hombre,2019,Etnia,Montubio,0.3228334429742202
caracteristicas_hombre,2019,Etnia,Mestizo,0.2328171898004694
caracteristicas_hombre,2019,Etnia,Blanco,0.2241115798681379
caracteristicas_hombre,2019,Estado civil/conyugal,Casado,0.2689694742971104
caracteristicas_hombre,2019,Estado civil/conyugal,Unión libre,0.2447951886642954
caracteristicas_hombre,2019,Estado civil/conyugal,Soltero,0.2205764609497457
caracteristicas_hombre,2019,Estado civil/conyugal,Otros,0.3275975532333033
caracteristicas_hombre,2019,Nivel de instrucción,Ninguno,0.5760145569918974
caracteristicas_hombre,2019,Nivel de instrucción,Centro de Alfabetización,0.6262739815427839
caracteristicas_hombre,2019,Nivel de instrucción,Básica,0.3410981463474431
caracteristicas_hombre,2019,Nivel de instrucción,Bachillerato,0.1852561284567799
caracteristicas_hombre,2019,Nivel de instrucción,Superior,0.1091766453363985
caracteristicas_hombre,2021,Grupos de edad,15 a 17 años,0.1628618573926621
caracteristicas_hombre,2021,Grupos de edad,18 a 29 años,0.2148915222067694
caracteristicas_hombre,2021,Grupos de edad,30 a 44 años,0.1898595082952945
caracteristicas_hombre,2021,Grupos de edad,45 a 64 años,0.297047465062411
caracteristicas_hombre,2021,Grupos de edad,65 años y más,0.6529624025236057
caracteristicas_hombre,2021,Etnia,Indígena,0.3513108776065647
caracteristicas_hombre,2021,Etnia,Afroecuatoriano,0.2807106233436903
caracteristicas_hombre,2021,Etnia,Montubio,0.3452567879316498
caracteristicas_hombre,2021,Etnia,Mestizo,0.2474675293047498
caracteristicas_hombre,2021,Etnia,Blanco,0.2392091760097445
caracteristicas_hombre,2021,Estado civil/conyugal,Casado,0.279915464548059
caracteristicas_hombre,2021,Estado civil/conyugal,Unión libre,0.2714494978928829
caracteristicas_hombre,2021,Estado civil/conyugal,Soltero,0.2126676618302236
caracteristicas_hombre,2021,Estado civil/conyugal,Otros,0.3286220619757259
caracteristicas_hombre,2021,Nivel de instrucción,Ninguno,0.5735305764112456
caracteristicas_hombre,2021,Nivel de instrucción,Centro de Alfabetización,0.6117003716036381
caracteristicas_hombre,2021,Nivel de instrucción,Básica,0.3587423816942849
caracteristicas_hombre,2021,Nivel de instrucción,Bachillerato,0.2075857290334555
caracteristicas_hombre,2021,Nivel de instrucción,Superior,0.120081356834285
caracteristicas_hombre,2022,Grupos de edad,15 a 17 años,0.2102036670415935
caracteristicas_hombre,2022,Grupos de edad,18 a 29 años,0.2248144562802634
caracteristicas_hombre,2022,Grupos de edad,30 a 44 años,0.1965987351670102
caracteristicas_hombre,2022,Grupos de edad,45 a 64 años,0.2866223859760984
caracteristicas_hombre,2022,Grupos de edad,65 años y más,0.640593439462822
caracteristicas_hombre,2022,Etnia,Indígena,0.3894992309614586
caracteristicas_hombre,2022,Etnia,Afroecuatoriano,0.2787020163795168
caracteristicas_hombre,2022,Etnia,Montubio,0.3772950139213828
caracteristicas_hombre,2022,Etnia,Mestizo,0.2482767028829147
caracteristicas_hombre,2022,Etnia,Blanco,0.2584533855816036
caracteristicas_hombre,2022,Estado civil/conyugal,Casado,0.2770489373141529
caracteristicas_hombre,2022,Estado civil/conyugal,Unión libre,0.2681024036375952
caracteristicas_hombre,2022,Estado civil/conyugal,Soltero,0.2277127981627403
caracteristicas_hombre,2022,Estado civil/conyugal,Otros,0.3552566661275063
caracteristicas_hombre,2022,Nivel de instrucción,Ninguno,0.5691655259797739
caracteristicas_hombre,2022,Nivel de instrucción,Centro de Alfabetización,0.7445304464262176
caracteristicas_hombre,2022,Nivel de instrucción,Básica,0.3549408417399916
caracteristicas_hombre,2022,Nivel de instrucción,Bachillerato,0.2210559498709596
caracteristicas_hombre,2022,Nivel de instrucción,Superior,0.1283036859544243
caracteristicas_hombre,2023,Grupos de edad,15 a 17 años,0.1875498457424659
caracteristicas_hombre,2023,Grupos de edad,18 a 29 años,0.2445790462772732
caracteristicas_hombre,2023,Grupos de edad,30 a 44 años,0.2172618602341308
caracteristicas_hombre,2023,Grupos de edad,45 a 64 años,0.3101646429219096
caracteristicas_hombre,2023,Grupos de edad,65 años y más,0.6288368727117459
caracteristicas_hombre,2023,Etnia,Indígena,0.4185260845720073
caracteristicas_hombre,2023,Etnia,Afroecuatoriano,0.2927371288875799
caracteristicas_hombre,2023,Etnia,Montubio,0.4254584814528898
caracteristicas_hombre,2023,Etnia,Mestizo,0.2622440329119409
caracteristicas_hombre,2023,Etnia,Blanco,0.202345199108554
caracteristicas_hombre,2023,Estado civil/conyugal,Casado,0.2951973365054862
caracteristicas_hombre,2023,Estado civil/conyugal,Unión libre,0.301034463629921
caracteristicas_hombre,2023,Estado civil/conyugal,Soltero,0.2356319064664905
caracteristicas_hombre,2023,Estado civil/conyugal,Otros,0.3726188051979787
caracteristicas_hombre,2023,Nivel de instrucción,Ninguno,0.5475540847159401
caracteristicas_hombre,2023,Nivel de instrucción,Centro de Alfabetización,0.7551486035526837
caracteristicas_hombre,2023,Nivel de instrucción,Básica,0.3852851704954139
caracteristicas_hombre,2023,Nivel de instrucción,Bachillerato,0.2346988841669106
caracteristicas_hombre,2023,Nivel de instrucción,Superior,0.1371819972733181
caracteristicas_hombre,2024,Grupos de edad,15 a 17 años,0.193141651366298
caracteristicas_hombre,2024,Grupos de edad,18 a 29 años,0.215259315568175
caracteristicas_hombre,2024,Grupos de edad,30 a 44 años,0.204602082049909
caracteristicas_hombre,2024,Grupos de edad,45 a 64 años,0.296641466946078
caracteristicas_hombre,2024,Grupos de edad,65 años y más,0.636846694163353
caracteristicas_hombre,2024,Etnia,Indígena,0.419391603551307
caracteristicas_hombre,2024,Etnia,Afroecuatoriano,0.298915618444795
caracteristicas_hombre,2024,Etnia,Montubio,0.343906545325991
caracteristicas_hombre,2024,Etnia,Mestizo,0.24817824672416
caracteristicas_hombre,2024,Etnia,Blanco,0.291435199998413
caracteristicas_hombre,2024,Estado civil/conyugal,Casado,0.296328252192557
caracteristicas_hombre,2024,Estado civil/conyugal,Unión libre,0.26962945464985
caracteristicas_hombre,2024,Estado civil/conyugal,Soltero,0.22264530141238
caracteristicas_hombre,2024,Estado civil/conyugal,Otros,0.363138671938521
caracteristicas_hombre,2024,Nivel de instrucción,Ninguno,0.559809921992176
caracteristicas_hombre,2024,Nivel de instrucción,Centro de Alfabetización,0.742497076509688
caracteristicas_hombre,2024,Nivel de instrucción,Básica,0.370267675295882
caracteristicas_hombre,2024,Nivel de instrucción,Bachillerato,0.220622378825307
caracteristicas_hombre,2024,Nivel de instrucción,Superior,0.127658330860206
caracteristicas_hombre,2025,Grupos de edad,15 a 17 años,0.21831358460422468
caracteristicas_hombre,2025,Grupos de edad,18 a 29 años,0.24611779489157556
caracteristicas_hombre,2025,Grupos de edad,30 a 44 años,0.22204256419229393
caracteristicas_hombre,2025,Grupos de edad,45 a 64 años,0.3055332193352923
caracteristicas_hombre,2025,Grupos de edad,65 años y más,0.6273095870028381
caracteristicas_hombre,2025,Etnia,Indígena,0.3823403265146173
caracteristicas_hombre,2025,Etnia,Afroecuatoriano,0.28532913145355465
caracteristicas_hombre,2025,Etnia,Montubio,0.3983837866021449
caracteristicas_hombre,2025,Etnia,Mestizo,0.2712314017085904
caracteristicas_hombre,2025,Etnia,Blanco,0.34184127015049126
caracteristicas_hombre,2025,Estado civil/conyugal,Casado,0.2967949788909608
caracteristicas_hombre,2025,Estado civil/conyugal,Unión libre,0.3001364294363343
caracteristicas_hombre,2025,Estado civil/conyugal,Soltero,0.24975503546797542
caracteristicas_hombre,2025,Estado civil/conyugal,Otros,0.3602546737574592
caracteristicas_hombre,2025,Nivel de instrucción,Ninguno,0.5635858123159243
caracteristicas_hombre,2025,Nivel de instrucción,Centro de Alfabetización,0.714858961448254
caracteristicas_hombre,2025,Nivel de instrucción,Básica,0.3907880969691462
caracteristicas_hombre,2025,Nivel de instrucción,Bachillerato,0.23789362200038275
caracteristicas_hombre,2025,Nivel de instrucción,Superior,0.13548215899605334
territorio_mujer,2018,,Urbano,0.2751022739383405
territorio_mujer,2018,,Rural,0.3379510271298066
territorio_mujer,2018,,Quito,0.2216332936500174
territorio_mujer,2018,,Guayaquil,0.2758775453206321
territorio_mujer,2018,,Cuenca,0.2307062040668553
territorio_mujer,2018,,Machala,0.2845931248803605
territorio_mujer,2018,,Ambato,0.2410210161904777
territorio_mujer,2018,,Sierra,0.2936803471914627
territorio_mujer,2018,,Costa,0.3079242188648421
territorio_mujer,2018,,Amazonia,0.2356448222351663
territorio_mujer,2018,,Insular,0.2370939818399528
territorio_mujer,2018,,Zona 1,0.3386195347794028
territorio_mujer,2018,,Zona 2,0.2316483671900651
territorio_mujer,2018,,Zona 3,0.3070881408753084
territorio_mujer,2018,,Zona 4,0.3223891713490661
territorio_mujer,2018,,Zona 5,0.3289111642552651
territorio_mujer,2018,,Zona 6,0.3416791933824181
territorio_mujer,2018,,Zona 7,0.3160575180235661
territorio_mujer,2018,,Zona 8,0.2755350088856979
territorio_mujer,2018,,Zona 9,0.2270652893380669
territorio_mujer,2018,,Total,0.2963769367507721
territorio_mujer,2019,,Urbano,0.2816091016264902
territorio_mujer,2019,,Rural,0.3348417389339398
territorio_mujer,2019,,Quito,0.2173540471804687
territorio_mujer,2019,,Guayaquil,0.280458744286979
territorio_mujer,2019,,Cuenca,0.2413083068596802
territorio_mujer,2019,,Machala,0.2967252979234676
territorio_mujer,2019,,Ambato,0.2496552472732343
territorio_mujer,2019,,Sierra,0.2924141360107602
territorio_mujer,2019,,Costa,0.3183431290365745
territorio_mujer,2019,,Amazonia,0.2393029755940834
territorio_mujer,2019,,Insular,0.2147747651005947
territorio_mujer,2019,,Zona 1,0.3196536468113687
territorio_mujer,2019,,Zona 2,0.2552888003771818
territorio_mujer,2019,,Zona 3,0.3071716566478359
territorio_mujer,2019,,Zona 4,0.338780209258025
territorio_mujer,2019,,Zona 5,0.3450175509259398
territorio_mujer,2019,,Zona 6,0.3386723088381761
territorio_mujer,2019,,Zona 7,0.3095502962507348
territorio_mujer,2019,,Zona 8,0.2864072492513842
territorio_mujer,2019,,Zona 9,0.2235165001785574
territorio_mujer,2019,,Total,0.299999583982751
territorio_mujer,2021,,Urbano,0.2650493050613607
territorio_mujer,2021,,Rural,0.3173415301329557
territorio_mujer,2021,,Quito,0.1671113459449247
territorio_mujer,2021,,Guayaquil,0.3046449829426124
territorio_mujer,2021,,Cuenca,0.1999612006240195
territorio_mujer,2021,,Machala,0.2483134612175439
territorio_mujer,2021,,Ambato,0.2222441464006323
territorio_mujer,2021,,Sierra,0.2565144524494247
territorio_mujer,2021,,Costa,0.3263108625776692
territorio_mujer,2021,,Amazonia,0.2346164165059046
territorio_mujer,2021,,Insular,0.2592766622952515
territorio_mujer,2021,,Zona 1,0.2800468914450854
territorio_mujer,2021,,Zona 2,0.2446699155898864
territorio_mujer,2021,,Zona 3,0.2777886871843713
territorio_mujer,2021,,Zona 4,0.3276643923369534
territorio_mujer,2021,,Zona 5,0.3729330482117555
territorio_mujer,2021,,Zona 6,0.29999507013744
territorio_mujer,2021,,Zona 7,0.2952481742379822
territorio_mujer,2021,,Zona 8,0.3049034011072986
territorio_mujer,2021,,Zona 9,0.1725974827915404
territorio_mujer,2021,,Total,0.2832302731579599
territorio_mujer,2022,,Urbano,0.2965312095923763
territorio_mujer,2022,,Rural,0.3485746447617795
territorio_mujer,2022,,Quito,0.1832381158009146
territorio_mujer,2022,,Guayaquil,0.3431525836763646
territorio_mujer,2022,,Cuenca,0.2122081519775612
territorio_mujer,2022,,Machala,0.2345304520586758
territorio_mujer,2022,,Ambato,0.2517867925048747
territorio_mujer,2022,,Sierra,0.2803549948747607
territorio_mujer,2022,,Costa,0.368197065571732
territorio_mujer,2022,,Amazonia,0.255625879606189
territorio_mujer,2022,,Insular,0.2753391763087564
territorio_mujer,2022,,Zona 1,0.3175883503279683
territorio_mujer,2022,,Zona 2,0.2456604644910309
territorio_mujer,2022,,Zona 3,0.3217119160372033
territorio_mujer,2022,,Zona 4,0.3918714301233379
territorio_mujer,2022,,Zona 5,0.4183457140862594
territorio_mujer,2022,,Zona 6,0.2999371009517764
territorio_mujer,2022,,Zona 7,0.2977498123074064
territorio_mujer,2022,,Zona 8,0.3405307983516703
territorio_mujer,2022,,Zona 9,0.1961444291031014
territorio_mujer,2022,,Total,0.3142334648189761
territorio_mujer,2023,,Urbano,0.3056021069409874
territorio_mujer,2023,,Rural,0.3524730132918541
territorio_mujer,2023,,Quito,0.2005177545524753
territorio_mujer,2023,,Guayaquil,0.3594700963850672
territorio_mujer,2023,,Cuenca,0.2363995696766956
territorio_mujer,2023,,Machala,0.2336744383449643
territorio_mujer,2023,,Ambato,0.250676029178438
territorio_mujer,2023,,Sierra,0.2988845928720736
territorio_mujer,2023,,Costa,0.3680001166339446
territorio_mujer,2023,,Amazonia,0.2428528891291129
territorio_mujer,2023,,Insular,0.2856428694316919
territorio_mujer,2023,,Zona 1,0.3099306562451579
territorio_mujer,2023,,Zona 2,0.2408100484519232
territorio_mujer,2023,,Zona 3,0.3197262680234446
territorio_mujer,2023,,Zona 4,0.4168639105936713
territorio_mujer,2023,,Zona 5,0.4135797301793826
territorio_mujer,2023,,Zona 6,0.3341177633499042
territorio_mujer,2023,,Zona 7,0.2961201846957796
territorio_mujer,2023,,Zona 8,0.3548332801446962
territorio_mujer,2023,,Zona 9,0.2172910801849934
territorio_mujer,2023,,Total,0.3218140046437768
territorio_mujer,2024,,Urbano,0.308207794389663
territorio_mujer,2024,,Rural,0.371225783706838
territorio_mujer,2024,,Quito,0.243023747721409
territorio_mujer,2024,,Guayaquil,0.342094077150619
territorio_mujer,2024,,Cuenca,0.231147758081613
territorio_mujer,2024,,Machala,0.268141052738303
territorio_mujer,2024,,Ambato,0.258146692882869
territorio_mujer,2024,,Sierra,0.319947633993617
territorio_mujer,2024,,Costa,0.352917154984888
territorio_mujer,2024,,Amazonia,0.283222486359059
territorio_mujer,2024,,Insular,0.381340097591543
territorio_mujer,2024,,Zona 1,0.331280050984282
territorio_mujer,2024,,Zona 2,0.26819231107421
territorio_mujer,2024,,Zona 3,0.32804567052083
territorio_mujer,2024,,Zona 4,0.395869283908451
territorio_mujer,2024,,Zona 5,0.389194527714569
territorio_mujer,2024,,Zona 6,0.387285085855662
territorio_mujer,2024,,Zona 7,0.313084153898608
territorio_mujer,2024,,Zona 8,0.338754013968286
territorio_mujer,2024,,Zona 9,0.247581901674211
territorio_mujer,2024,,Total,0.330083869560895
territorio_mujer,2025,,Urbano,0.3102968145374896
territorio_mujer,2025,,Rural,0.37623990287755094
territorio_mujer,2025,,Quito,0.24836913875989858
territorio_mujer,2025,,Guayaquil,0.33105929432207015
territorio_mujer,2025,,Cuenca,0.2605573238240667
territorio_mujer,2025,,Machala,0.30217850205703733
territorio_mujer,2025,,Ambato,0.25854131947481634
territorio_mujer,2025,,Sierra,0.3261145230775952
territorio_mujer,2025,,Costa,0.35595788254828986
territorio_mujer,2025,,Amazonia,0.2650783223676589
territorio_mujer,2025,,Insular,0.2749441990219561
territorio_mujer,2025,,Zona 1,0.35541656541975897
territorio_mujer,2025,,Zona 2,0.2558537379456008
territorio_mujer,2025,,Zona 3,0.32550009919623735
territorio_mujer,2025,,Zona 4,0.3792479691968431
territorio_mujer,2025,,Zona 5,0.3861694133703807
territorio_mujer,2025,,Zona 6,0.4068907584009012
territorio_mujer,2025,,Zona 7,0.3438409840981245
territorio_mujer,2025,,Zona 8,0.33774752748685877
territorio_mujer,2025,,Zona 9,0.24876099633448867
territorio_mujer,2025,,Total,0.3333573225979036
caracteristicas_mujer,2018,Grupos de edad,15 a 17 años,0.08020505748559943
caracteristicas_mujer,2018,Grupos de edad,18 a 29 años,0.2256381140632274
caracteristicas_mujer,2018,Grupos de edad,30 a 44 años,0.2664077460896844
caracteristicas_mujer,2018,Grupos de edad,45 a 64 años,0.3432008383110849
caracteristicas_mujer,2018,Grupos de edad,65 años y más,0.5686516585766317
caracteristicas_mujer,2018,Etnia,Indígena,0.2882872272365556
caracteristicas_mujer,2018,Etnia,Afroecuatoriano,0.318282435437338
caracteristicas_mujer,2018,Etnia,Montubio,0.3609025002773688
caracteristicas_mujer,2018,Etnia,Mestizo,0.2938310006816805
caracteristicas_mujer,2018,Etnia,Blanco,0.2836222771672565
caracteristicas_mujer,2018,Estado civil/conyugal,Casado,0.2922108851304245
caracteristicas_mujer,2018,Estado civil/conyugal,Unión libre,0.3196130382954429
caracteristicas_mujer,2018,Estado civil/conyugal,Soltero,0.2132761893752616
caracteristicas_mujer,2018,Estado civil/conyugal,Otros,0.3751831627977637
caracteristicas_mujer,2018,Nivel de instrucción,Ninguno,0.4856342099190012
caracteristicas_mujer,2018,Nivel de instrucción,Centro de Alfabetización,0.467241960078948
caracteristicas_mujer,2018,Nivel de instrucción,Básica,0.3966017425376602
caracteristicas_mujer,2018,Nivel de instrucción,Bachillerato,0.2697675226113001
caracteristicas_mujer,2018,Nivel de instrucción,Superior,0.1137792431077642
caracteristicas_mujer,2019,Grupos de edad,15 a 17 años,0.08588420725225683
caracteristicas_mujer,2019,Grupos de edad,18 a 29 años,0.2180749851955756
caracteristicas_mujer,2019,Grupos de edad,30 a 44 años,0.2722989063688863
caracteristicas_mujer,2019,Grupos de edad,45 a 64 años,0.3467173924168198
caracteristicas_mujer,2019,Grupos de edad,65 años y más,0.5715018060443545
caracteristicas_mujer,2019,Etnia,Indígena,0.2829540949586474
caracteristicas_mujer,2019,Etnia,Afroecuatoriano,0.2696153769906683
caracteristicas_mujer,2019,Etnia,Montubio,0.3700108720241017
caracteristicas_mujer,2019,Etnia,Mestizo,0.3003891269960122
caracteristicas_mujer,2019,Etnia,Blanco,0.2751964207077703
caracteristicas_mujer,2019,Estado civil/conyugal,Casado,0.2937234558939028
caracteristicas_mujer,2019,Estado civil/conyugal,Unión libre,0.3283577589865677
caracteristicas_mujer,2019,Estado civil/conyugal,Soltero,0.209982016275594
caracteristicas_mujer,2019,Estado civil/conyugal,Otros,0.3870335125712263
caracteristicas_mujer,2019,Nivel de instrucción,Ninguno,0.4857374861105672
caracteristicas_mujer,2019,Nivel de instrucción,Centro de Alfabetización,0.3517615538159114
caracteristicas_mujer,2019,Nivel de instrucción,Básica,0.3995114033425248
caracteristicas_mujer,2019,Nivel de instrucción,Bachillerato,0.2771464080617391
caracteristicas_mujer,2019,Nivel de instrucción,Superior,0.1201092961241797
caracteristicas_mujer,2021,Grupos de edad,15 a 17 años,0.09507502584483823
caracteristicas_mujer,2021,Grupos de edad,18 a 29 años,0.216708753919939
caracteristicas_mujer,2021,Grupos de edad,30 a 44 años,0.2419635154979083
caracteristicas_mujer,2021,Grupos de edad,45 a 64 años,0.3348639416239707
caracteristicas_mujer,2021,Grupos de edad,65 años y más,0.5679953963884239
caracteristicas_mujer,2021,Etnia,Indígena,0.2714612840359858
caracteristicas_mujer,2021,Etnia,Afroecuatoriano,0.2671626886563986
caracteristicas_mujer,2021,Etnia,Montubio,0.3562842831563032
caracteristicas_mujer,2021,Etnia,Mestizo,0.2827289847287118
caracteristicas_mujer,2021,Etnia,Blanco,0.2635165894546365
caracteristicas_mujer,2021,Estado civil/conyugal,Casado,0.2737309108095312
caracteristicas_mujer,2021,Estado civil/conyugal,Unión libre,0.3061081007627947
caracteristicas_mujer,2021,Estado civil/conyugal,Soltero,0.19365186007227
caracteristicas_mujer,2021,Estado civil/conyugal,Otros,0.3760466126016289
caracteristicas_mujer,2021,Nivel de instrucción,Ninguno,0.4692640043513603
caracteristicas_mujer,2021,Nivel de instrucción,Centro de Alfabetización,0.3802727910668188
caracteristicas_mujer,2021,Nivel de instrucción,Básica,0.3840722756044075
caracteristicas_mujer,2021,Nivel de instrucción,Bachillerato,0.2652699190904889
caracteristicas_mujer,2021,Nivel de instrucción,Superior,0.1283099506210744
caracteristicas_mujer,2022,Grupos de edad,15 a 17 años,0.08291946058414366
caracteristicas_mujer,2022,Grupos de edad,18 a 29 años,0.2591039898615314
caracteristicas_mujer,2022,Grupos de edad,30 a 44 años,0.2683245430398526
caracteristicas_mujer,2022,Grupos de edad,45 a 64 años,0.359776903525471
caracteristicas_mujer,2022,Grupos de edad,65 años y más,0.5798683851128777
caracteristicas_mujer,2022,Etnia,Indígena,0.3109608731742176
caracteristicas_mujer,2022,Etnia,Afroecuatoriano,0.3189008511554751
caracteristicas_mujer,2022,Etnia,Montubio,0.4442544856239464
caracteristicas_mujer,2022,Etnia,Mestizo,0.3103856854813889
caracteristicas_mujer,2022,Etnia,Blanco,0.3079887238383398
caracteristicas_mujer,2022,Estado civil/conyugal,Casado,0.30091117114484
caracteristicas_mujer,2022,Estado civil/conyugal,Unión libre,0.3355509213241614
caracteristicas_mujer,2022,Estado civil/conyugal,Soltero,0.2266632778613549
caracteristicas_mujer,2022,Estado civil/conyugal,Otros,0.408569515192648
caracteristicas_mujer,2022,Nivel de instrucción,Ninguno,0.4946692170305843
caracteristicas_mujer,2022,Nivel de instrucción,Centro de Alfabetización,0.4181532280565867
caracteristicas_mujer,2022,Nivel de instrucción,Básica,0.4146737186683599
caracteristicas_mujer,2022,Nivel de instrucción,Bachillerato,0.3079292465214559
caracteristicas_mujer,2022,Nivel de instrucción,Superior,0.1425819279303869
caracteristicas_mujer,2023,Grupos de edad,15 a 17 años,0.09328257519368546
caracteristicas_mujer,2023,Grupos de edad,18 a 29 años,0.2628665648230912
caracteristicas_mujer,2023,Grupos de edad,30 a 44 años,0.2740221044047287
caracteristicas_mujer,2023,Grupos de edad,45 a 64 años,0.3600979846752282
caracteristicas_mujer,2023,Grupos de edad,65 años y más,0.6260217453476895
caracteristicas_mujer,2023,Etnia,Indígena,0.2971207461473142
caracteristicas_mujer,2023,Etnia,Afroecuatoriano,0.3359239711264369
caracteristicas_mujer,2023,Etnia,Montubio,0.438034094548174
caracteristicas_mujer,2023,Etnia,Mestizo,0.3222677181215743
caracteristicas_mujer,2023,Etnia,Blanco,0.2619352756785537
caracteristicas_mujer,2023,Estado civil/conyugal,Casado,0.2950609613106665
caracteristicas_mujer,2023,Estado civil/conyugal,Unión libre,0.3332484612638895
caracteristicas_mujer,2023,Estado civil/conyugal,Soltero,0.2358209627437324
caracteristicas_mujer,2023,Estado civil/conyugal,Otros,0.4407736207262421
caracteristicas_mujer,2023,Nivel de instrucción,Ninguno,0.5211452050026542
caracteristicas_mujer,2023,Nivel de instrucción,Centro de Alfabetización,0.4842734151095227
caracteristicas_mujer,2023,Nivel de instrucción,Básica,0.4291527683389316
caracteristicas_mujer,2023,Nivel de instrucción,Bachillerato,0.3145797629340222
caracteristicas_mujer,2023,Nivel de instrucción,Superior,0.1377165342519094
caracteristicas_mujer,2024,Grupos de edad,15 a 17 años,0.0584892920744906
caracteristicas_mujer,2024,Grupos de edad,18 a 29 años,0.251498702970512
caracteristicas_mujer,2024,Grupos de edad,30 a 44 años,0.29268446658331
caracteristicas_mujer,2024,Grupos de edad,45 a 64 años,0.373780209886013
caracteristicas_mujer,2024,Grupos de edad,65 años y más,0.623406951711044
caracteristicas_mujer,2024,Etnia,Indígena,0.331398284278185
caracteristicas_mujer,2024,Etnia,Afroecuatoriano,0.315709562069853
caracteristicas_mujer,2024,Etnia,Montubio,0.392020766383301
caracteristicas_mujer,2024,Etnia,Mestizo,0.32912747269454
caracteristicas_mujer,2024,Etnia,Blanco,0.290211354819015
caracteristicas_mujer,2024,Estado civil/conyugal,Casado,0.308379843783245
caracteristicas_mujer,2024,Estado civil/conyugal,Unión libre,0.329859173068114
caracteristicas_mujer,2024,Estado civil/conyugal,Soltero,0.243994793118159
caracteristicas_mujer,2024,Estado civil/conyugal,Otros,0.453690460944904
caracteristicas_mujer,2024,Nivel de instrucción,Ninguno,0.536723682699748
caracteristicas_mujer,2024,Nivel de instrucción,Centro de Alfabetización,0.490000317473551
caracteristicas_mujer,2024,Nivel de instrucción,Básica,0.440648026786567
caracteristicas_mujer,2024,Nivel de instrucción,Bachillerato,0.321724833379751
caracteristicas_mujer,2024,Nivel de instrucción,Superior,0.143518880038464
caracteristicas_mujer,2025,Grupos de edad,15 a 17 años,0.07880217960626802
caracteristicas_mujer,2025,Grupos de edad,18 a 29 años,0.28068052851561726
caracteristicas_mujer,2025,Grupos de edad,30 a 44 años,0.2722046185586566
caracteristicas_mujer,2025,Grupos de edad,45 a 64 años,0.39382106602274075
caracteristicas_mujer,2025,Grupos de edad,65 años y más,0.5994684171323645
caracteristicas_mujer,2025,Etnia,Indígena,0.33593080385999663
caracteristicas_mujer,2025,Etnia,Afroecuatoriano,0.3209490761613433
caracteristicas_mujer,2025,Etnia,Montubio,0.4478399152236029
caracteristicas_mujer,2025,Etnia,Mestizo,0.33013102689268303
caracteristicas_mujer,2025,Etnia,Blanco,0.3405772992825042
caracteristicas_mujer,2025,Estado civil/conyugal,Casado,0.3131606137445589
caracteristicas_mujer,2025,Estado civil/conyugal,Unión libre,0.3458964253352726
caracteristicas_mujer,2025,Estado civil/conyugal,Soltero,0.2526779234303427
caracteristicas_mujer,2025,Estado civil/conyugal,Otros,0.4372449687112309
caracteristicas_mujer,2025,Nivel de instrucción,Ninguno,0.5185382697689594
caracteristicas_mujer,2025,Nivel de instrucción,Centro de Alfabetización,0.3024593670672492
caracteristicas_mujer,2025,Nivel de instrucción,Básica,0.4516654421692201
caracteristicas_mujer,2025,Nivel de instrucción,Bachillerato,0.33077805062580173
caracteristicas_mujer,2025,Nivel de instrucción,Superior,0.15316621904383232
estimadores,2018,Total,valor,0.267838419616894
estimadores,2018,Total,error,0.001604768113333947
estimadores,2018,Total,li,0.2646928299359273
estimadores,2018,Total,ls,0.2709840092978607
estimadores,2018,Total,cv,0.5991553099922511
estimadores,2018,Urbano,valor,0.2255858794733865
estimadores,2018,Urbano,error,0.001864535404276472
estimadores,2018,Urbano,li,0.2219311063764159
estimadores,2018,Urbano,ls,0.2292406525703571
estimadores,2018,Urbano,cv,0.8265301926827564
estimadores,2018,Rural,valor,0.3499996741835572
estimadores,2018,Rural,error,0.002984699909430752
estimadores,2018,Rural,li,0.3441492082141266
estimadores,2018,Rural,ls,0.3558501401529877
estimadores,2018,Rural,cv,0.852772196543654
estimadores,2018,Quito,valor,0.1823717331951637
estimadores,2018,Quito,error,0.003411934989566301
estimadores,2018,Quito,li,0.1756828468928854
estimadores,2018,Quito,ls,0.1890606194974421
estimadores,2018,Quito,cv,1.870868324706354
estimadores,2018,Guayaquil,valor,0.2044981213039433
estimadores,2018,Guayaquil,error,0.003415594495636004
estimadores,2018,Guayaquil,li,0.1978020607676607
estimadores,2018,Guayaquil,ls,0.211194181840226
estimadores,2018,Guayaquil,cv,1.670232701335893
estimadores,2018,Cuenca,valor,0.1763105329568273
estimadores,2018,Cuenca,error,0.004241130524879877
estimadores,2018,Cuenca,li,0.1679960603889752
estimadores,2018,Cuenca,ls,0.1846250055246793
estimadores,2018,Cuenca,cv,2.405489027656897
estimadores,2018,Machala,valor,0.2252252514238042
estimadores,2018,Machala,error,0.004570593696288212
estimadores,2018,Machala,li,0.2162648868031793
estimadores,2018,Machala,ls,0.2341856160444291
estimadores,2018,Machala,cv,2.029343365095315
estimadores,2018,Ambato,valor,0.2049339024074033
estimadores,2018,Ambato,error,0.003784913162450927
estimadores,2018,Ambato,li,0.1975138155988767
estimadores,2018,Ambato,ls,0.2123539892159298
estimadores,2018,Ambato,cv,1.846894592836386
estimadores,2018,Azuay,valor,0.2787281805092741
estimadores,2018,Azuay,error,0.006826262500811961
estimadores,2018,Azuay,li,0.2653476673349974
estimadores,2018,Azuay,ls,0.2921086936835507
estimadores,2018,Azuay,cv,2.449075112656157
estimadores,2018,Bolívar,valor,0.3120165652135622
estimadores,2018,Bolívar,error,0.01343719896181472
estimadores,2018,Bolívar,li,0.2856776106666851
estimadores,2018,Bolívar,ls,0.3383555197604393
estimadores,2018,Bolívar,cv,4.306565887813529
estimadores,2018,Cañar,valor,0.3359818911919072
estimadores,2018,Cañar,error,0.009764128719139637
estimadores,2018,Cañar,li,0.3168427132088981
estimadores,2018,Cañar,ls,0.3551210691749163
estimadores,2018,Cañar,cv,2.906147317791759
estimadores,2018,Carchi,valor,0.3713568724053426
estimadores,2018,Carchi,error,0.01210968043039269
estimadores,2018,Carchi,li,0.3476200561730521
estimadores,2018,Carchi,ls,0.3950936886376331
estimadores,2018,Carchi,cv,3.260928053372541
estimadores,2018,Cotopaxi,valor,0.3113692258233421
estimadores,2018,Cotopaxi,error,0.007688918842616034
estimadores,2018,Cotopaxi,li,0.2962977749587833
estimadores,2018,Cotopaxi,ls,0.3264406766879009
estimadores,2018,Cotopaxi,cv,2.469389459502463
estimadores,2018,Chimborazo,valor,0.3172541575172901
estimadores,2018,Chimborazo,error,0.0088417236348467
estimadores,2018,Chimborazo,li,0.2999230338511101
estimadores,2018,Chimborazo,ls,0.3345852811834701
estimadores,2018,Chimborazo,cv,2.786952802774486
estimadores,2018,El Oro,valor,0.2555298693688865
estimadores,2018,El Oro,error,0.00578346203944995
estimadores,2018,El Oro,li,0.2441934037696535
estimadores,2018,El Oro,ls,0.2668663349681195
estimadores,2018,El Oro,cv,2.263321330588114
estimadores,2018,Esmeraldas,valor,0.3520382439096346
estimadores,2018,Esmeraldas,error,0.009536196297000393
estimadores,2018,Esmeraldas,li,0.3333458481558346
estimadores,2018,Esmeraldas,ls,0.3707306396634346
estimadores,2018,Esmeraldas,cv,2.708852365326609
estimadores,2018,Guayas,valor,0.226328696695447
estimadores,2018,Guayas,error,0.003328440888355794
estimadores,2018,Guayas,li,0.2198044461042709
estimadores,2018,Guayas,ls,0.2328529472866231
estimadores,2018,Guayas,cv,1.4706225666269
estimadores,2018,Imbabura,valor,0.3424900090198539
estimadores,2018,Imbabura,error,0.01037416163490305
estimadores,2018,Imbabura,li,0.3221550737003603
estimadores,2018,Imbabura,ls,0.3628249443393474
estimadores,2018,Imbabura,cv,3.029040661534061
estimadores,2018,Loja,valor,0.3397833526978611
estimadores,2018,Loja,error,0.01070127375311427
estimadores,2018,Loja,li,0.3188072278538407
estimadores,2018,Loja,ls,0.3607594775418814
estimadores,2018,Loja,cv,3.149440273676372
estimadores,2018,Los Ríos,valor,0.307751918784532
estimadores,2018,Los Ríos,error,0.007124130495842897
estimadores,2018,Los Ríos,li,0.2937875390168988
estimadores,2018,Los Ríos,ls,0.3217162985521652
estimadores,2018,Los Ríos,cv,2.31489393274287
estimadores,2018,Manabí,valor,0.2994481046920672
estimadores,2018,Manabí,error,0.006832416242560919
estimadores,2018,Manabí,li,0.2860555292476196
estimadores,2018,Manabí,ls,0.3128406801365149
estimadores,2018,Manabí,cv,2.281669556595433
estimadores,2018,Morona Santiago,valor,0.3386095961601323
estimadores,2018,Morona Santiago,error,0.01032361838484737
estimadores,2018,Morona Santiago,li,0.3183737333013243
estimadores,2018,Morona Santiago,ls,0.3588454590189403
estimadores,2018,Morona Santiago,cv,3.048826289011966
estimadores,2018,Napo,valor,0.2392578656422363
estimadores,2018,Napo,error,0.01242029230014018
estimadores,2018,Napo,li,0.2149122028830581
estimadores,2018,Napo,ls,0.2636035284014144
estimadores,2018,Napo,cv,5.191174077725965
estimadores,2018,Pastaza,valor,0.2738755156713208
estimadores,2018,Pastaza,error,0.01657488874965085
estimadores,2018,Pastaza,li,0.2413862117146545
estimadores,2018,Pastaza,ls,0.3063648196279871
estimadores,2018,Pastaza,cv,6.051979020111623
estimadores,2018,Pichincha,valor,0.1967253290544784
estimadores,2018,Pichincha,error,0.003257411237973832
estimadores,2018,Pichincha,li,0.1903403073858037
estimadores,2018,Pichincha,ls,0.203110350723153
estimadores,2018,Pichincha,cv,1.655816896395568
estimadores,2018,Tungurahua,valor,0.3090032723445246
estimadores,2018,Tungurahua,error,0.006403374186577872
estimadores,2018,Tungurahua,li,0.2964516846121255
estimadores,2018,Tungurahua,ls,0.3215548600769238
estimadores,2018,Tungurahua,cv,2.072267435225864
estimadores,2018,Zamora Chinchipe,valor,0.3058592613039163
estimadores,2018,Zamora Chinchipe,error,0.01644930183115369
estimadores,2018,Zamora Chinchipe,li,0.2736161268166
estimadores,2018,Zamora Chinchipe,ls,0.3381023957912327
estimadores,2018,Zamora Chinchipe,cv,5.378062367975472
estimadores,2018,Galápagos,valor,0.1673529380688475
estimadores,2018,Galápagos,error,0.01084925388542337
estimadores,2018,Galápagos,li,0.1460867496490919
estimadores,2018,Galápagos,ls,0.1886191264886031
estimadores,2018,Galápagos,cv,6.482858329598066
estimadores,2018,Sucumbíos,valor,0.347014625896647
estimadores,2018,Sucumbíos,error,0.01782892007815223
estimadores,2018,Sucumbíos,li,0.3120672297248084
estimadores,2018,Sucumbíos,ls,0.3819620220684856
estimadores,2018,Sucumbíos,cv,5.137800757557206
estimadores,2018,Orellana,valor,0.2590244531303196
estimadores,2018,Orellana,error,0.008816807739839781
estimadores,2018,Orellana,li,0.241742168409514
estimadores,2018,Orellana,ls,0.2763067378511251
estimadores,2018,Orellana,cv,3.40385150254671
estimadores,2018,Santo Domingo,valor,0.2870467619916897
estimadores,2018,Santo Domingo,error,0.0110697290817483
estimadores,2018,Santo Domingo,li,0.2653484086400001
estimadores,2018,Santo Domingo,ls,0.3087451153433793
estimadores,2018,Santo Domingo,cv,3.856420119474743
estimadores,2018,Santa Elena,valor,0.2895870509163727
estimadores,2018,Santa Elena,error,0.01086431869119625
estimadores,2018,Santa Elena,li,0.2682913331850665
estimadores,2018,Santa Elena,ls,0.3108827686476788
estimadores,2018,Santa Elena,cv,3.751659011277292
estimadores,2019,Total,valor,0.2737683324920334
estimadores,2019,Total,error,0.001673243003323106
estimadores,2019,Total,li,0.2704885186581649
estimadores,2019,Total,ls,0.277048146325902
estimadores,2019,Total,cv,0.6111893907129659
estimadores,2019,Urbano,valor,0.2372030794421632
estimadores,2019,Urbano,error,0.002058743344537602
estimadores,2019,Urbano,li,0.2331676256028888
estimadores,2019,Urbano,ls,0.2412385332814376
estimadores,2019,Urbano,cv,0.867924374919248
estimadores,2019,Rural,valor,0.3436365218743361
estimadores,2019,Rural,error,0.002887465517452359
estimadores,2019,Rural,li,0.3379766450183443
estimadores,2019,Rural,ls,0.349296398730328
estimadores,2019,Rural,cv,0.8402673562469218
estimadores,2019,Quito,valor,0.1913064528370622
estimadores,2019,Quito,error,0.003700628940415094
estimadores,2019,Quito,li,0.1840515729772859
estimadores,2019,Quito,ls,0.1985613326968386
estimadores,2019,Quito,cv,1.93439838831101
estimadores,2019,Guayaquil,valor,0.21041850020894
estimadores,2019,Guayaquil,error,0.003413509843279834
estimadores,2019,Guayaquil,li,0.2037265015752209
estimadores,2019,Guayaquil,ls,0.2171104988426591
estimadores,2019,Guayaquil,cv,1.622247967688349
estimadores,2019,Cuenca,valor,0.1848601662897729
estimadores,2019,Cuenca,error,0.004904582548131914
estimadores,2019,Cuenca,li,0.1752450014834733
estimadores,2019,Cuenca,ls,0.1944753310960724
estimadores,2019,Cuenca,cv,2.653131091770122
estimadores,2019,Machala,valor,0.2360364766458855
estimadores,2019,Machala,error,0.005772660429972606
estimadores,2019,Machala,li,0.2247194928128513
estimadores,2019,Machala,ls,0.2473534604789197
estimadores,2019,Machala,cv,2.445664548125355
estimadores,2019,Ambato,valor,0.2194220411891918
estimadores,2019,Ambato,error,0.003938730949118738
estimadores,2019,Ambato,li,0.211700375414013
estimadores,2019,Ambato,ls,0.2271437069643705
estimadores,2019,Ambato,cv,1.795047994163292
estimadores,2019,Azuay,valor,0.2852286830381513
estimadores,2019,Azuay,error,0.006465829705173145
estimadores,2019,Azuay,li,0.2725546615885782
estimadores,2019,Azuay,ls,0.2979027044877244
estimadores,2019,Azuay,cv,2.266893229776718
estimadores,2019,Bolívar,valor,0.3376837538989915
estimadores,2019,Bolívar,error,0.01028777027674524
estimadores,2019,Bolívar,li,0.3175181406519506
estimadores,2019,Bolívar,ls,0.3578493671460323
estimadores,2019,Bolívar,cv,3.046569507108279
estimadores,2019,Cañar,valor,0.3080571271019954
estimadores,2019,Cañar,error,0.01048256974855272
estimadores,2019,Cañar,li,0.2875096769064685
estimadores,2019,Cañar,ls,0.3286045772975223
estimadores,2019,Cañar,cv,3.402800593242571
estimadores,2019,Carchi,valor,0.3430743490127325
estimadores,2019,Carchi,error,0.01207563639033371
estimadores,2019,Carchi,li,0.3194042429927911
estimadores,2019,Carchi,ls,0.366744455032674
estimadores,2019,Carchi,cv,3.519830737880536
estimadores,2019,Cotopaxi,valor,0.3253478218973086
estimadores,2019,Cotopaxi,error,0.007766580791666174
estimadores,2019,Cotopaxi,li,0.3101241281052087
estimadores,2019,Cotopaxi,ls,0.3405715156894085
estimadores,2019,Cotopaxi,cv,2.387162374831446
estimadores,2019,Chimborazo,valor,0.329117741010865
estimadores,2019,Chimborazo,error,0.007639478678293276
estimadores,2019,Chimborazo,li,0.3141431869246694
estimadores,2019,Chimborazo,ls,0.3440922950970606
estimadores,2019,Chimborazo,cv,2.321199293246571
estimadores,2019,El Oro,valor,0.258322730163022
estimadores,2019,El Oro,error,0.006625629965866748
estimadores,2019,El Oro,li,0.2453354756058622
estimadores,2019,El Oro,ls,0.2713099847201819
estimadores,2019,El Oro,cv,2.564865260476866
estimadores,2019,Esmeraldas,valor,0.3415933190207121
estimadores,2019,Esmeraldas,error,0.01136952869027714
estimadores,2019,Esmeraldas,li,0.319307292777735
estimadores,2019,Esmeraldas,ls,0.3638793452636892
estimadores,2019,Esmeraldas,cv,3.328381457480366
estimadores,2019,Guayas,valor,0.2370810970004142
estimadores,2019,Guayas,error,0.003545792910842576
estimadores,2019,Guayas,li,0.2301307971229201
estimadores,2019,Guayas,ls,0.2440313968779084
estimadores,2019,Guayas,cv,1.495603384539924
estimadores,2019,Imbabura,valor,0.3386455170025997
estimadores,2019,Imbabura,error,0.009923621835756076
estimadores,2019,Imbabura,li,0.3191936907500157
estimadores,2019,Imbabura,ls,0.3580973432551837
estimadores,2019,Imbabura,cv,2.930386299984563
estimadores,2019,Loja,valor,0.3081172882930021
estimadores,2019,Loja,error,0.009573606669506131
estimadores,2019,Loja,li,0.2893515456409773
estimadores,2019,Loja,ls,0.326883030945027
estimadores,2019,Loja,cv,3.107130639291546
estimadores,2019,Los Ríos,valor,0.3065826425667423
estimadores,2019,Los Ríos,error,0.007707153665625901
estimadores,2019,Los Ríos,li,0.2914754350887682
estimadores,2019,Los Ríos,ls,0.3216898500447164
estimadores,2019,Los Ríos,cv,2.513891067380983
estimadores,2019,Manabí,valor,0.3157713075884164
estimadores,2019,Manabí,error,0.007653810100158307
estimadores,2019,Manabí,li,0.3007686617094575
estimadores,2019,Manabí,ls,0.3307739534673753
estimadores,2019,Manabí,cv,2.423845965807147
estimadores,2019,Morona Santiago,valor,0.2902824798118959
estimadores,2019,Morona Santiago,error,0.01143794345348182
estimadores,2019,Morona Santiago,li,0.267862350102564
estimadores,2019,Morona Santiago,ls,0.3127026095212277
estimadores,2019,Morona Santiago,cv,3.940280330006016
estimadores,2019,Napo,valor,0.2643080913725228
estimadores,2019,Napo,error,0.01056596685863882
estimadores,2019,Napo,li,0.2435971700046547
estimadores,2019,Napo,ls,0.285019012740391
estimadores,2019,Napo,cv,3.997594929376136
estimadores,2019,Pastaza,valor,0.2800685069504635
estimadores,2019,Pastaza,error,0.01704265159322841
estimadores,2019,Pastaza,li,0.2466622866045483
estimadores,2019,Pastaza,ls,0.3134747272963788
estimadores,2019,Pastaza,cv,6.085172438271607
estimadores,2019,Pichincha,valor,0.209612166041834
estimadores,2019,Pichincha,error,0.003659199113794539
estimadores,2019,Pichincha,li,0.2024395725509497
estimadores,2019,Pichincha,ls,0.2167847595327183
estimadores,2019,Pichincha,cv,1.745699776349929
estimadores,2019,Tungurahua,valor,0.3017906081791029
estimadores,2019,Tungurahua,error,0.006308348187063464
estimadores,2019,Tungurahua,li,0.2894252747447487
estimadores,2019,Tungurahua,ls,0.3141559416134571
estimadores,2019,Tungurahua,cv,2.090306330314847
estimadores,2019,Zamora Chinchipe,valor,0.2993664719855234
estimadores,2019,Zamora Chinchipe,error,0.02116045099147678
estimadores,2019,Zamora Chinchipe,li,0.2578887310029473
estimadores,2019,Zamora Chinchipe,ls,0.3408442129680994
estimadores,2019,Zamora Chinchipe,cv,7.068410450619885
estimadores,2019,Galápagos,valor,0.1761774785800104
estimadores,2019,Galápagos,error,0.009597127982128442
estimadores,2019,Galápagos,li,0.1573656305348201
estimadores,2019,Galápagos,ls,0.1949893266252006
estimadores,2019,Galápagos,cv,5.447420441864219
estimadores,2019,Sucumbíos,valor,0.3342446582752825
estimadores,2019,Sucumbíos,error,0.0134507424158897
estimadores,2019,Sucumbíos,li,0.3078791327874589
estimadores,2019,Sucumbíos,ls,0.3606101837631061
estimadores,2019,Sucumbíos,cv,4.024220606933896
estimadores,2019,Orellana,valor,0.297374819923911
estimadores,2019,Orellana,error,0.009368941896529467
estimadores,2019,Orellana,li,0.2790102517291415
estimadores,2019,Orellana,ls,0.3157393881186805
estimadores,2019,Orellana,cv,3.150549834356079
estimadores,2019,Santo Domingo,valor,0.2883690865980268
estimadores,2019,Santo Domingo,error,0.0112043419511513
estimadores,2019,Santo Domingo,li,0.2664068517894562
estimadores,2019,Santo Domingo,ls,0.3103313214065974
estimadores,2019,Santo Domingo,cv,3.885417151793956
estimadores,2019,Santa Elena,valor,0.3134012064839901
estimadores,2019,Santa Elena,error,0.01209905460850124
estimadores,2019,Santa Elena,li,0.289685197151883
estimadores,2019,Santa Elena,ls,0.3371172158160971
estimadores,2019,Santa Elena,cv,3.860564145313625
estimadores,2021,Total,valor,0.2716226931392768
estimadores,2021,Total,error,0.002781776362801123
estimadores,2021,Total,li,0.2661691287149906
estimadores,2021,Total,ls,0.277076257563563
estimadores,2021,Total,cv,1.024132531288446
estimadores,2021,Urbano,valor,0.2401521217865317
estimadores,2021,Urbano,error,0.003713964870566926
estimadores,2021,Urbano,li,0.232871038029397
estimadores,2021,Urbano,ls,0.2474332055436664
estimadores,2021,Urbano,cv,1.546505124725995
estimadores,2021,Rural,valor,0.3309696728897327
estimadores,2021,Rural,error,0.003867092370926227
estimadores,2021,Rural,li,0.3233883886206135
estimadores,2021,Rural,ls,0.3385509571588519
estimadores,2021,Rural,cv,1.168412905376561
estimadores,2021,Quito,valor,0.1650987684526938
estimadores,2021,Quito,error,0.004690049070575739
estimadores,2021,Quito,li,0.1559010864803317
estimadores,2021,Quito,ls,0.1742964504250558
estimadores,2021,Quito,cv,2.840753516534917
estimadores,2021,Guayaquil,valor,0.2487315911047339
estimadores,2021,Guayaquil,error,0.005841903157148731
estimadores,2021,Guayaquil,li,0.2372750015159611
estimadores,2021,Guayaquil,ls,0.2601881806935068
estimadores,2021,Guayaquil,cv,2.348677597084509
estimadores,2021,Cuenca,valor,0.1685438520212998
estimadores,2021,Cuenca,error,0.005046141995599704
estimadores,2021,Cuenca,li,0.1586478341834291
estimadores,2021,Cuenca,ls,0.1784398698591705
estimadores,2021,Cuenca,cv,2.993963846846217
estimadores,2021,Machala,valor,0.2019216895151262
estimadores,2021,Machala,error,0.005644139384215227
estimadores,2021,Machala,li,0.1908529355889924
estimadores,2021,Machala,ls,0.2129904434412599
estimadores,2021,Machala,cv,2.795212043722732
estimadores,2021,Ambato,valor,0.2125230685678104
estimadores,2021,Ambato,error,0.006169617472097025
estimadores,2021,Ambato,li,0.2004237965675474
estimadores,2021,Ambato,ls,0.2246223405680734
estimadores,2021,Ambato,cv,2.903034251139878
estimadores,2021,Azuay,valor,0.2567368141855189
estimadores,2021,Azuay,error,0.01231402423018063
estimadores,2021,Azuay,li,0.2325956483608554
estimadores,2021,Azuay,ls,0.2808779800101824
estimadores,2021,Azuay,cv,4.796360922856384
estimadores,2021,Bolívar,valor,0.3443151375569845
estimadores,2021,Bolívar,error,0.01192840740415545
estimadores,2021,Bolívar,li,0.3209299585298001
estimadores,2021,Bolívar,ls,0.3677003165841688
estimadores,2021,Bolívar,cv,3.464386575853431
estimadores,2021,Cañar,valor,0.2940283037298128
estimadores,2021,Cañar,error,0.01060984457895782
estimadores,2021,Cañar,li,0.2732281158654131
estimadores,2021,Cañar,ls,0.3148284915942126
estimadores,2021,Cañar,cv,3.608443283986487
estimadores,2021,Carchi,valor,0.3328474248189375
estimadores,2021,Carchi,error,0.01194624200083677
estimadores,2021,Carchi,li,0.3094272817582372
estimadores,2021,Carchi,ls,0.3562675678796378
estimadores,2021,Carchi,cv,3.589104529601001
estimadores,2021,Cotopaxi,valor,0.2752094714377605
estimadores,2021,Cotopaxi,error,0.00892773828902029
estimadores,2021,Cotopaxi,li,0.2577069875668745
estimadores,2021,Cotopaxi,ls,0.2927119553086466
estimadores,2021,Cotopaxi,cv,3.24397930143161
estimadores,2021,Chimborazo,valor,0.3021678115614304
estimadores,2021,Chimborazo,error,0.01597811993397606
estimadores,2021,Chimborazo,li,0.2708433285425417
estimadores,2021,Chimborazo,ls,0.333492294580319
estimadores,2021,Chimborazo,cv,5.287829915241558
estimadores,2021,El Oro,valor,0.237386571371722
estimadores,2021,El Oro,error,0.007638561825967047
estimadores,2021,El Oro,li,0.222411467842962
estimadores,2021,El Oro,ls,0.2523616749004821
estimadores,2021,El Oro,cv,3.217773348268245
estimadores,2021,Esmeraldas,valor,0.3330499283968497
estimadores,2021,Esmeraldas,error,0.007986954364605305
estimadores,2021,Esmeraldas,li,0.3173918148390263
estimadores,2021,Esmeraldas,ls,0.348708041954673
estimadores,2021,Esmeraldas,cv,2.398125230967879
estimadores,2021,Guayas,valor,0.2772236405578649
estimadores,2021,Guayas,error,0.007166951996263379
estimadores,2021,Guayas,li,0.2631731097675207
estimadores,2021,Guayas,ls,0.2912741713482091
estimadores,2021,Guayas,cv,2.585260038372312
estimadores,2021,Imbabura,valor,0.3104114953748774
estimadores,2021,Imbabura,error,0.008713393337215535
estimadores,2021,Imbabura,li,0.2933292264498509
estimadores,2021,Imbabura,ls,0.327493764299904
estimadores,2021,Imbabura,cv,2.807045959007592
estimadores,2021,Loja,valor,0.3017921649926115
estimadores,2021,Loja,error,0.009053189853578525
estimadores,2021,Loja,li,0.2840437382060423
estimadores,2021,Loja,ls,0.3195405917791807
estimadores,2021,Loja,cv,2.999809439652009
estimadores,2021,Los Ríos,valor,0.3361234287068735
estimadores,2021,Los Ríos,error,0.01473660583114036
estimadores,2021,Los Ríos,li,0.307232885825666
estimadores,2021,Los Ríos,ls,0.365013971588081
estimadores,2021,Los Ríos,cv,4.384284037514045
estimadores,2021,Manabí,valor,0.3234115162797067
estimadores,2021,Manabí,error,0.01480446888316516
estimadores,2021,Manabí,li,0.2943879305230204
estimadores,2021,Manabí,ls,0.3524351020363929
estimadores,2021,Manabí,cv,4.577594840612083
estimadores,2021,Morona Santiago,valor,0.3098544862127202
estimadores,2021,Morona Santiago,error,0.01338209710011554
estimadores,2021,Morona Santiago,li,0.2836194050453593
estimadores,2021,Morona Santiago,ls,0.336089567380081
estimadores,2021,Morona Santiago,cv,4.318832773306535
estimadores,2021,Napo,valor,0.2431143920854637
estimadores,2021,Napo,error,0.01066665728505292
estimadores,2021,Napo,li,0.2222028251192243
estimadores,2021,Napo,ls,0.2640259590517031
estimadores,2021,Napo,cv,4.387505483962957
estimadores,2021,Pastaza,valor,0.2519252816984768
estimadores,2021,Pastaza,error,0.01192236124752212
estimadores,2021,Pastaza,li,0.2285519559263421
estimadores,2021,Pastaza,ls,0.2752986074706116
estimadores,2021,Pastaza,cv,4.732498924737414
estimadores,2021,Pichincha,valor,0.1789597229068847
estimadores,2021,Pichincha,error,0.004116254185550425
estimadores,2021,Pichincha,li,0.1708899665857718
estimadores,2021,Pichincha,ls,0.1870294792279976
estimadores,2021,Pichincha,cv,2.300100893479909
estimadores,2021,Tungurahua,valor,0.2795683085028666
estimadores,2021,Tungurahua,error,0.008507143727795638
estimadores,2021,Tungurahua,li,0.2628903839196414
estimadores,2021,Tungurahua,ls,0.2962462330860918
estimadores,2021,Tungurahua,cv,3.042957112468421
estimadores,2021,Zamora Chinchipe,valor,0.2770882933481101
estimadores,2021,Zamora Chinchipe,error,0.01366260810523587
estimadores,2021,Zamora Chinchipe,li,0.2503032812594135
estimadores,2021,Zamora Chinchipe,ls,0.3038733054368066
estimadores,2021,Zamora Chinchipe,cv,4.930777818199392
estimadores,2021,Galápagos,valor,0.2358828125842783
estimadores,2021,Galápagos,error,0.01310396838428972
estimadores,2021,Galápagos,li,0.2101929919526971
estimadores,2021,Galápagos,ls,0.2615726332158596
estimadores,2021,Galápagos,cv,5.555287492431358
estimadores,2021,Sucumbíos,valor,0.3351785748757584
estimadores,2021,Sucumbíos,error,0.01220068973143514
estimadores,2021,Sucumbíos,li,0.3112595969302746
estimadores,2021,Sucumbíos,ls,0.3590975528212423
estimadores,2021,Sucumbíos,cv,3.640056568638853
estimadores,2021,Orellana,valor,0.2600739166329681
estimadores,2021,Orellana,error,0.01160723149208233
estimadores,2021,Orellana,li,0.2373183904964482
estimadores,2021,Orellana,ls,0.2828294427694881
estimadores,2021,Orellana,cv,4.463050982718559
estimadores,2021,Santo Domingo,valor,0.3059765593245728
estimadores,2021,Santo Domingo,error,0.01144918289355743
estimadores,2021,Santo Domingo,li,0.283530881321695
estimadores,2021,Santo Domingo,ls,0.3284222373274507
estimadores,2021,Santo Domingo,cv,3.741849675946058
estimadores,2021,Santa Elena,valor,0.3268219566620362
estimadores,2021,Santa Elena,error,0.01176263485278698
estimadores,2021,Santa Elena,li,0.3037617682777934
estimadores,2021,Santa Elena,ls,0.3498821450462791
estimadores,2021,Santa Elena,cv,3.599095658358908
estimadores,2022,Total,valor,0.2880210388305451
estimadores,2022,Total,error,0.002797854353073946
estimadores,2022,Total,li,0.2825362000780514
estimadores,2022,Total,ls,0.2935058775830389
estimadores,2022,Total,cv,0.971406243250182
estimadores,2022,Urbano,valor,0.2551697144665215
estimadores,2022,Urbano,error,0.00341320814095114
estimadores,2022,Urbano,li,0.2484785526262893
estimadores,2022,Urbano,ls,0.2618608763067537
estimadores,2022,Urbano,cv,1.337622745742797
estimadores,2022,Rural,valor,0.3508453966949394
estimadores,2022,Rural,error,0.005037686807508717
estimadores,2022,Rural,li,0.3409696503772682
estimadores,2022,Rural,ls,0.3607211430126106
estimadores,2022,Rural,cv,1.435870857923495
estimadores,2022,Quito,valor,0.164632396823821
estimadores,2022,Quito,error,0.005948788442693509
estimadores,2022,Quito,li,0.1529673223160854
estimadores,2022,Quito,ls,0.1762974713315566
estimadores,2022,Quito,cv,3.613376563459451
estimadores,2022,Guayaquil,valor,0.2712220108106703
estimadores,2022,Guayaquil,error,0.006196856810237861
estimadores,2022,Guayaquil,li,0.2590704950690106
estimadores,2022,Guayaquil,ls,0.2833735265523299
estimadores,2022,Guayaquil,cv,2.284791264438951
estimadores,2022,Cuenca,valor,0.1721940509166794
estimadores,2022,Cuenca,error,0.005838076655528558
estimadores,2022,Cuenca,li,0.1607460729250839
estimadores,2022,Cuenca,ls,0.1836420289082748
estimadores,2022,Cuenca,cv,3.390405547955583
estimadores,2022,Machala,valor,0.1964705598306136
estimadores,2022,Machala,error,0.005845866868864476
estimadores,2022,Machala,li,0.1850073058849529
estimadores,2022,Machala,ls,0.2079338137762743
estimadores,2022,Machala,cv,2.975441650853171
estimadores,2022,Ambato,valor,0.2324375148939261
estimadores,2022,Ambato,error,0.0063517517048446
estimadores,2022,Ambato,li,0.2199822632732952
estimadores,2022,Ambato,ls,0.2448927665145571
estimadores,2022,Ambato,cv,2.732670630962153
estimadores,2022,Azuay,valor,0.2580551719550473
estimadores,2022,Azuay,error,0.01052368677649698
estimadores,2022,Azuay,li,0.2374248182029229
estimadores,2022,Azuay,ls,0.2786855257071716
estimadores,2022,Azuay,cv,4.078076287628207
estimadores,2022,Bolívar,valor,0.3860832906652249
estimadores,2022,Bolívar,error,0.01789524300610526
estimadores,2022,Bolívar,li,0.3510019354769748
estimadores,2022,Bolívar,ls,0.421164645853475
estimadores,2022,Bolívar,cv,4.635073166536579
estimadores,2022,Cañar,valor,0.2667722964142692
estimadores,2022,Cañar,error,0.01550240718556918
estimadores,2022,Cañar,li,0.2363817924929595
estimadores,2022,Cañar,ls,0.297162800335579
estimadores,2022,Cañar,cv,5.811100850402988
estimadores,2022,Carchi,valor,0.3232741232207178
estimadores,2022,Carchi,error,0.01273491736951721
estimadores,2022,Carchi,li,0.2983089322266291
estimadores,2022,Carchi,ls,0.3482393142148065
estimadores,2022,Carchi,cv,3.939355628790107
estimadores,2022,Cotopaxi,valor,0.329424220710832
estimadores,2022,Cotopaxi,error,0.01517308722421048
estimadores,2022,Cotopaxi,li,0.2996793068232013
estimadores,2022,Cotopaxi,ls,0.3591691345984628
estimadores,2022,Cotopaxi,cv,4.605941600611507
estimadores,2022,Chimborazo,valor,0.3270954144700839
estimadores,2022,Chimborazo,error,0.01589813800361746
estimadores,2022,Chimborazo,li,0.2959291304499987
estimadores,2022,Chimborazo,ls,0.3582616984901692
estimadores,2022,Chimborazo,cv,4.860397700583327
estimadores,2022,El Oro,valor,0.2405802430427892
estimadores,2022,El Oro,error,0.006991598019802676
estimadores,2022,El Oro,li,0.2268741015066008
estimadores,2022,El Oro,ls,0.2542863845789776
estimadores,2022,El Oro,cv,2.906139727591497
estimadores,2022,Esmeraldas,valor,0.3340472959325855
estimadores,2022,Esmeraldas,error,0.009410336055642276
estimadores,2022,Esmeraldas,li,0.3155995251201884
estimadores,2022,Esmeraldas,ls,0.3524950667449826
estimadores,2022,Esmeraldas,cv,2.817066975312798
estimadores,2022,Guayas,valor,0.2888264410711306
estimadores,2022,Guayas,error,0.006579110646303096
estimadores,2022,Guayas,li,0.2759289287363155
estimadores,2022,Guayas,ls,0.3017239534059458
estimadores,2022,Guayas,cv,2.277876852930798
estimadores,2022,Imbabura,valor,0.3182893146122612
estimadores,2022,Imbabura,error,0.009397049329744533
estimadores,2022,Imbabura,li,0.2998675907415205
estimadores,2022,Imbabura,ls,0.3367110384830019
estimadores,2022,Imbabura,cv,2.952360917673903
estimadores,2022,Loja,valor,0.2866768241933367
estimadores,2022,Loja,error,0.008713032454596615
estimadores,2022,Loja,li,0.2695960286879518
estimadores,2022,Loja,ls,0.3037576196987217
estimadores,2022,Loja,cv,3.039322233010537
estimadores,2022,Los Ríos,valor,0.3984586921818576
estimadores,2022,Los Ríos,error,0.01602534663360124
estimadores,2022,Los Ríos,li,0.3670430317699598
estimadores,2022,Los Ríos,ls,0.4298743525937554
estimadores,2022,Los Ríos,cv,4.02183386836175
estimadores,2022,Manabí,valor,0.3572221095828686
estimadores,2022,Manabí,error,0.01163829962401598
estimadores,2022,Manabí,li,0.3344066986517017
estimadores,2022,Manabí,ls,0.3800375205140355
estimadores,2022,Manabí,cv,3.258000922061103
estimadores,2022,Morona Santiago,valor,0.2857907675395501
estimadores,2022,Morona Santiago,error,0.01446801199475194
estimadores,2022,Morona Santiago,li,0.2574280642511625
estimadores,2022,Morona Santiago,ls,0.3141534708279376
estimadores,2022,Morona Santiago,cv,5.062449049460541
estimadores,2022,Napo,valor,0.2496611813459623
estimadores,2022,Napo,error,0.01106293498487281
estimadores,2022,Napo,li,0.2279736998461898
estimadores,2022,Napo,ls,0.2713486628457348
estimadores,2022,Napo,cv,4.431179458989501
estimadores,2022,Pastaza,valor,0.3017645448196553
estimadores,2022,Pastaza,error,0.0309044228312181
estimadores,2022,Pastaza,li,0.2411803418635991
estimadores,2022,Pastaza,ls,0.3623487477757115
estimadores,2022,Pastaza,cv,10.24123720355803
estimadores,2022,Pichincha,valor,0.1901622966861713
estimadores,2022,Pichincha,error,0.004859408534018591
estimadores,2022,Pichincha,li,0.1806360423218936
estimadores,2022,Pichincha,ls,0.199688551050449
estimadores,2022,Pichincha,cv,2.555400633406407
estimadores,2022,Tungurahua,valor,0.3273370088567265
estimadores,2022,Tungurahua,error,0.01031532545367156
estimadores,2022,Tungurahua,li,0.3071151210623451
estimadores,2022,Tungurahua,ls,0.3475588966511078
estimadores,2022,Tungurahua,cv,3.151286036888826
estimadores,2022,Zamora Chinchipe,valor,0.2773098546533228
estimadores,2022,Zamora Chinchipe,error,0.01043145848431029
estimadores,2022,Zamora Chinchipe,li,0.2568603027755011
estimadores,2022,Zamora Chinchipe,ls,0.2977594065311444
estimadores,2022,Zamora Chinchipe,cv,3.761661660870693
estimadores,2022,Galápagos,valor,0.2496110680310971
estimadores,2022,Galápagos,error,0.01883234988182657
estimadores,2022,Galápagos,li,0.212692633617641
estimadores,2022,Galápagos,ls,0.2865295024445533
estimadores,2022,Galápagos,cv,7.544677417701842
estimadores,2022,Sucumbíos,valor,0.3928811973977986
estimadores,2022,Sucumbíos,error,0.02391786956236385
estimadores,2022,Sucumbíos,li,0.3459932463832603
estimadores,2022,Sucumbíos,ls,0.4397691484123368
estimadores,2022,Sucumbíos,cv,6.08781222435204
estimadores,2022,Orellana,valor,0.2680939585150459
estimadores,2022,Orellana,error,0.01054840173486062
estimadores,2022,Orellana,li,0.2474151542203655
estimadores,2022,Orellana,ls,0.2887727628097263
estimadores,2022,Orellana,cv,3.934591362404248
estimadores,2022,Santo Domingo,valor,0.3075699183634796
estimadores,2022,Santo Domingo,error,0.01371015284823452
estimadores,2022,Santo Domingo,li,0.2806929018518836
estimadores,2022,Santo Domingo,ls,0.3344469348750755
estimadores,2022,Santo Domingo,cv,4.457572743519137
estimadores,2022,Santa Elena,valor,0.338594771704435
estimadores,2022,Santa Elena,error,0.01258685537092482
estimadores,2022,Santa Elena,li,0.3139198374875652
estimadores,2022,Santa Elena,ls,0.3632697059213048
estimadores,2022,Santa Elena,cv,3.717380309082887
estimadores,2023,Total,valor,0.3016383450561064
estimadores,2023,Total,error,0.003134123382110676
estimadores,2023,Total,li,0.2954942778262487
estimadores,2023,Total,ls,0.3077824122859641
estimadores,2023,Total,cv,1.039033476174162
estimadores,2023,Urbano,valor,0.2668618947424624
estimadores,2023,Urbano,error,0.003678077867163409
estimadores,2023,Urbano,li,0.2596514709852187
estimadores,2023,Urbano,ls,0.274072318499706
estimadores,2023,Urbano,cv,1.378270161318076
estimadores,2023,Rural,valor,0.3686239139267287
estimadores,2023,Rural,error,0.006111308919558933
estimadores,2023,Rural,li,0.3566434370002229
estimadores,2023,Rural,ls,0.3806043908532344
estimadores,2023,Rural,cv,1.657870986843701
estimadores,2023,Quito,valor,0.1784060628793466
estimadores,2023,Quito,error,0.005421737124044409
estimadores,2023,Quito,li,0.1677744288408078
estimadores,2023,Quito,ls,0.1890376969178853
estimadores,2023,Quito,cv,3.038987036954597
estimadores,2023,Guayaquil,valor,0.3023137804740583
estimadores,2023,Guayaquil,error,0.007100212969586798
estimadores,2023,Guayaquil,li,0.2883907768017551
estimadores,2023,Guayaquil,ls,0.3162367841463616
estimadores,2023,Guayaquil,cv,2.348623657993014
estimadores,2023,Cuenca,valor,0.1859268831994273
estimadores,2023,Cuenca,error,0.008645139602036118
estimadores,2023,Cuenca,li,0.1689743902330469
estimadores,2023,Cuenca,ls,0.2028793761658077
estimadores,2023,Cuenca,cv,4.649752339882578
estimadores,2023,Machala,valor,0.2064588539106501
estimadores,2023,Machala,error,0.006854771439273032
estimadores,2023,Machala,li,0.1930171433125873
estimadores,2023,Machala,ls,0.2199005645087129
estimadores,2023,Machala,cv,3.320163465713897
estimadores,2023,Ambato,valor,0.2181655093722329
estimadores,2023,Ambato,error,0.006985554710092243
estimadores,2023,Ambato,li,0.2044673422470643
estimadores,2023,Ambato,ls,0.2318636764974015
estimadores,2023,Ambato,cv,3.201951917236159
estimadores,2023,Azuay,valor,0.2889021997096051
estimadores,2023,Azuay,error,0.01342370405176961
estimadores,2023,Azuay,li,0.262586662600073
estimadores,2023,Azuay,ls,0.3152177368191372
estimadores,2023,Azuay,cv,4.646452697578166
estimadores,2023,Bolívar,valor,0.4433677488503818
estimadores,2023,Bolívar,error,0.01496296640707506
estimadores,2023,Bolívar,li,0.4140346753383686
estimadores,2023,Bolívar,ls,0.4727008223623949
estimadores,2023,Bolívar,cv,3.374843218946995
estimadores,2023,Cañar,valor,0.2907501309418175
estimadores,2023,Cañar,error,0.0335649150954311
estimadores,2023,Cañar,li,0.224950202295769
estimadores,2023,Cañar,ls,0.356550059587866
estimadores,2023,Cañar,cv,11.54424762826602
estimadores,2023,Carchi,valor,0.3548225263544059
estimadores,2023,Carchi,error,0.02175257264702809
estimadores,2023,Carchi,li,0.3121792566195372
estimadores,2023,Carchi,ls,0.3974657960892746
estimadores,2023,Carchi,cv,6.130550072601944
estimadores,2023,Cotopaxi,valor,0.2926654013270422
estimadores,2023,Cotopaxi,error,0.01468388762005985
estimadores,2023,Cotopaxi,li,0.2638794277918953
estimadores,2023,Cotopaxi,ls,0.3214513748621891
estimadores,2023,Cotopaxi,cv,5.017295366475921
estimadores,2023,Chimborazo,valor,0.3634256677928403
estimadores,2023,Chimborazo,error,0.01181529386020106
estimadores,2023,Chimborazo,li,0.3402632229982413
estimadores,2023,Chimborazo,ls,0.3865881125874393
estimadores,2023,Chimborazo,cv,3.251089536949276
estimadores,2023,El Oro,valor,0.2490198272813905
estimadores,2023,El Oro,error,0.007058535554833963
estimadores,2023,El Oro,li,0.2351824278858266
estimadores,2023,El Oro,ls,0.2628572266769544
estimadores,2023,El Oro,cv,2.834527528146533
estimadores,2023,Esmeraldas,valor,0.3410301498925092
estimadores,2023,Esmeraldas,error,0.01259484342466264
estimadores,2023,Esmeraldas,li,0.3163394931071516
estimadores,2023,Esmeraldas,ls,0.3657208066778667
estimadores,2023,Esmeraldas,cv,3.693175934336735
estimadores,2023,Guayas,valor,0.3069617248657552
estimadores,2023,Guayas,error,0.007237448589738143
estimadores,2023,Guayas,li,0.2927735882525618
estimadores,2023,Guayas,ls,0.3211498614789486
estimadores,2023,Guayas,cv,2.357769064825045
estimadores,2023,Imbabura,valor,0.3437193055373222
estimadores,2023,Imbabura,error,0.01284167806068677
estimadores,2023,Imbabura,li,0.3185447595065553
estimadores,2023,Imbabura,ls,0.3688938515680892
estimadores,2023,Imbabura,cv,3.736094497401565
estimadores,2023,Loja,valor,0.3125863541328477
estimadores,2023,Loja,error,0.009171931254677352
estimadores,2023,Loja,li,0.2946058998284547
estimadores,2023,Loja,ls,0.3305668084372408
estimadores,2023,Loja,cv,2.934207182562846
estimadores,2023,Los Ríos,valor,0.3709787095510624
estimadores,2023,Los Ríos,error,0.0175078269075833
estimadores,2023,Los Ríos,li,0.3366567469305414
estimadores,2023,Los Ríos,ls,0.4053006721715835
estimadores,2023,Los Ríos,cv,4.719361639046696
estimadores,2023,Manabí,valor,0.3646189869668602
estimadores,2023,Manabí,error,0.0162747492339007
estimadores,2023,Manabí,li,0.3327143229664211
estimadores,2023,Manabí,ls,0.3965236509672994
estimadores,2023,Manabí,cv,4.463494720690422
estimadores,2023,Morona Santiago,valor,0.2787042191374836
estimadores,2023,Morona Santiago,error,0.02193656015321975
estimadores,2023,Morona Santiago,li,0.2357002643019747
estimadores,2023,Morona Santiago,ls,0.3217081739729925
estimadores,2023,Morona Santiago,cv,7.870910681261893
estimadores,2023,Napo,valor,0.2889977963434852
estimadores,2023,Napo,error,0.01665539972192056
estimadores,2023,Napo,li,0.2563469134153479
estimadores,2023,Napo,ls,0.3216486792716224
estimadores,2023,Napo,cv,5.763158035338431
estimadores,2023,Pastaza,valor,0.3067559700849134
estimadores,2023,Pastaza,error,0.01444022688065126
estimadores,2023,Pastaza,li,0.2784476637573653
estimadores,2023,Pastaza,ls,0.3350642764124614
estimadores,2023,Pastaza,cv,4.707398808458088
estimadores,2023,Pichincha,valor,0.1991638352611899
estimadores,2023,Pichincha,error,0.005272737318590846
estimadores,2023,Pichincha,li,0.1888272758405507
estimadores,2023,Pichincha,ls,0.2095003946818292
estimadores,2023,Pichincha,cv,2.647437127165184
estimadores,2023,Tungurahua,valor,0.3362245528705055
estimadores,2023,Tungurahua,error,0.01234644651899654
estimadores,2023,Tungurahua,li,0.3120208479699437
estimadores,2023,Tungurahua,ls,0.3604282577710673
estimadores,2023,Tungurahua,cv,3.672083556536601
estimadores,2023,Zamora Chinchipe,valor,0.3012325874483473
estimadores,2023,Zamora Chinchipe,error,0.01842197973794267
estimadores,2023,Zamora Chinchipe,li,0.2651185395257121
estimadores,2023,Zamora Chinchipe,ls,0.3373466353709825
estimadores,2023,Zamora Chinchipe,cv,6.115533479956416
estimadores,2023,Galápagos,valor,0.263132291008317
estimadores,2023,Galápagos,error,0.01526287983761098
estimadores,2023,Galápagos,li,0.2332112737379733
estimadores,2023,Galápagos,ls,0.2930533082786607
estimadores,2023,Galápagos,cv,5.800458689096639
estimadores,2023,Sucumbíos,valor,0.3829231328513208
estimadores,2023,Sucumbíos,error,0.0163229373016525
estimadores,2023,Sucumbíos,li,0.3509240020122006
estimadores,2023,Sucumbíos,ls,0.4149222636904409
estimadores,2023,Sucumbíos,cv,4.262719042359418
estimadores,2023,Orellana,valor,0.2555288138632451
estimadores,2023,Orellana,error,0.01245578264453372
estimadores,2023,Orellana,li,0.2311107688030753
estimadores,2023,Orellana,ls,0.2799468589234148
estimadores,2023,Orellana,cv,4.874511980163558
estimadores,2023,Santo Domingo,valor,0.4025384791989746
estimadores,2023,Santo Domingo,error,0.01428989112097416
estimadores,2023,Santo Domingo,li,0.3745248878209975
estimadores,2023,Santo Domingo,ls,0.4305520705769517
estimadores,2023,Santo Domingo,cv,3.549944131902648
estimadores,2023,Santa Elena,valor,0.3642764262075427
estimadores,2023,Santa Elena,error,0.01542607348557322
estimadores,2023,Santa Elena,li,0.3340354876634263
estimadores,2023,Santa Elena,ls,0.3945173647516592
estimadores,2023,Santa Elena,cv,4.234716379034743
estimadores,2024,Total,valor,0.297566423504273
estimadores,2024,Total,error,0.00349008693986143
estimadores,2024,Total,li,0.290724261719472
estimadores,2024,Total,ls,0.304408585289074
estimadores,2024,Total,cv,1.17287659634465
estimadores,2024,Urbano,valor,0.260609748075671
estimadores,2024,Urbano,error,0.00385722368854761
estimadores,2024,Urbano,li,0.253047830859288
estimadores,2024,Urbano,ls,0.268171665292054
estimadores,2024,Urbano,cv,1.48007651940465
estimadores,2024,Rural,valor,0.368343034667998
estimadores,2024,Rural,error,0.00576282117611778
estimadores,2024,Rural,li,0.35704527747647
estimadores,2024,Rural,ls,0.379640791859525
estimadores,2024,Rural,cv,1.56452562794137
estimadores,2024,Quito,valor,0.216102296470582
estimadores,2024,Quito,error,0.00879904904355921
estimadores,2024,Quito,li,0.198852148223323
estimadores,2024,Quito,ls,0.233352444717841
estimadores,2024,Quito,cv,4.07170547803828
estimadores,2024,Guayaquil,valor,0.25793188226119
estimadores,2024,Guayaquil,error,0.00623158076775935
estimadores,2024,Guayaquil,li,0.245715142528695
estimadores,2024,Guayaquil,ls,0.270148621993684
estimadores,2024,Guayaquil,cv,2.41597925511553
estimadores,2024,Cuenca,valor,0.189492248089782
estimadores,2024,Cuenca,error,0.00842200148868443
estimadores,2024,Cuenca,li,0.172981284973287
estimadores,2024,Cuenca,ls,0.206003211206278
estimadores,2024,Cuenca,cv,4.44450977471862
estimadores,2024,Machala,valor,0.226892660227218
estimadores,2024,Machala,error,0.00911671029543796
estimadores,2024,Machala,li,0.209019751081572
estimadores,2024,Machala,ls,0.244765569372864
estimadores,2024,Machala,cv,4.01807193159451
estimadores,2024,Ambato,valor,0.225305732814272
estimadores,2024,Ambato,error,0.00759560048995047
estimadores,2024,Ambato,li,0.210414892471189
estimadores,2024,Ambato,ls,0.240196573157355
estimadores,2024,Ambato,cv,3.37124155478628
estimadores,2024,Azuay,valor,0.308693790126106
estimadores,2024,Azuay,error,0.0196296927175508
estimadores,2024,Azuay,li,0.270210641805237
estimadores,2024,Azuay,ls,0.347176938446975
estimadores,2024,Azuay,cv,6.35895289941911
estimadores,2024,Bolívar,valor,0.421839972130753
estimadores,2024,Bolívar,error,0.0235626669084177
estimadores,2024,Bolívar,li,0.375646401068831
estimadores,2024,Bolívar,ls,0.468033543192674
estimadores,2024,Bolívar,cv,5.58568852292505
estimadores,2024,Cañar,valor,0.336567691342013
estimadores,2024,Cañar,error,0.0103965575030985
estimadores,2024,Cañar,li,0.316185698094586
estimadores,2024,Cañar,ls,0.35694968458944
estimadores,2024,Cañar,cv,3.08899450854709
estimadores,2024,Carchi,valor,0.358739079679489
estimadores,2024,Carchi,error,0.00988429724695669
estimadores,2024,Carchi,li,0.339361350110544
estimadores,2024,Carchi,ls,0.378116809248434
estimadores,2024,Carchi,cv,2.75528867827494
estimadores,2024,Cotopaxi,valor,0.322217691871327
estimadores,2024,Cotopaxi,error,0.0241906112776679
estimadores,2024,Cotopaxi,li,0.27479306352049
estimadores,2024,Cotopaxi,ls,0.369642320222164
estimadores,2024,Cotopaxi,cv,7.50753663995832
estimadores,2024,Chimborazo,valor,0.364171842284792
estimadores,2024,Chimborazo,error,0.0165809007519335
estimadores,2024,Chimborazo,li,0.331665716380959
estimadores,2024,Chimborazo,ls,0.396677968188626
estimadores,2024,Chimborazo,cv,4.55304304910175
estimadores,2024,El Oro,valor,0.244103030363477
estimadores,2024,El Oro,error,0.00780601605101862
estimadores,2024,El Oro,li,0.228799679577051
estimadores,2024,El Oro,ls,0.259406381149903
estimadores,2024,El Oro,cv,3.19783660178049
estimadores,2024,Esmeraldas,valor,0.343401427299447
estimadores,2024,Esmeraldas,error,0.0153882193959979
estimadores,2024,Esmeraldas,li,0.313233500682807
estimadores,2024,Esmeraldas,ls,0.373569353916086
estimadores,2024,Esmeraldas,cv,4.48111690071089
estimadores,2024,Guayas,valor,0.272611094450015
estimadores,2024,Guayas,error,0.0066770869391424
estimadores,2024,Guayas,li,0.259520959483174
estimadores,2024,Guayas,ls,0.285701229416856
estimadores,2024,Guayas,cv,2.44930858467562
estimadores,2024,Imbabura,valor,0.359643809835241
estimadores,2024,Imbabura,error,0.0121558935117243
estimadores,2024,Imbabura,li,0.33581271580257
estimadores,2024,Imbabura,ls,0.383474903867911
estimadores,2024,Imbabura,cv,3.37998129796622
estimadores,2024,Loja,valor,0.324101820364403
estimadores,2024,Loja,error,0.0117248185683236
estimadores,2024,Loja,li,0.301115829778995
estimadores,2024,Loja,ls,0.347087810949811
estimadores,2024,Loja,cv,3.61763428392373
estimadores,2024,Los Ríos,valor,0.327437654641939
estimadores,2024,Los Ríos,error,0.0168106151135174
estimadores,2024,Los Ríos,li,0.294481183846035
estimadores,2024,Los Ríos,ls,0.360394125437843
estimadores,2024,Los Ríos,cv,5.13398959319453
estimadores,2024,Manabí,valor,0.342039296755775
estimadores,2024,Manabí,error,0.0168004439696572
estimadores,2024,Manabí,li,0.309102766039596
estimadores,2024,Manabí,ls,0.374975827471954
estimadores,2024,Manabí,cv,4.91184613259603
estimadores,2024,Morona Santiago,valor,0.361469178406875
estimadores,2024,Morona Santiago,error,0.0345126733628385
estimadores,2024,Morona Santiago,li,0.29380860179559
estimadores,2024,Morona Santiago,ls,0.429129755018159
estimadores,2024,Morona Santiago,cv,9.54788829159609
estimadores,2024,Napo,valor,0.284331049105175
estimadores,2024,Napo,error,0.0128424559956849
estimadores,2024,Napo,li,0.259153979550525
estimadores,2024,Napo,ls,0.309508118659825
estimadores,2024,Napo,cv,4.51672655381876
estimadores,2024,Pastaza,valor,0.306123036338691
estimadores,2024,Pastaza,error,0.0166845385219764
estimadores,2024,Pastaza,li,0.27341373314963
estimadores,2024,Pastaza,ls,0.338832339527752
estimadores,2024,Pastaza,cv,5.45027212637366
estimadores,2024,Pichincha,valor,0.227485752192456
estimadores,2024,Pichincha,error,0.00657932405694745
estimadores,2024,Pichincha,li,0.214587277051875
estimadores,2024,Pichincha,ls,0.240384227333037
estimadores,2024,Pichincha,cv,2.89219170587055
estimadores,2024,Tungurahua,valor,0.315274304378221
estimadores,2024,Tungurahua,error,0.0137330221877585
estimadores,2024,Tungurahua,li,0.288351319013668
estimadores,2024,Tungurahua,ls,0.342197289742774
estimadores,2024,Tungurahua,cv,4.35589643591238
estimadores,2024,Zamora Chinchipe,valor,0.353549129316936
estimadores,2024,Zamora Chinchipe,error,0.0165315234883459
estimadores,2024,Zamora Chinchipe,li,0.321139805364395
estimadores,2024,Zamora Chinchipe,ls,0.385958453269477
estimadores,2024,Zamora Chinchipe,cv,4.67587730177278
estimadores,2024,Galápagos,valor,0.331974448703182
estimadores,2024,Galápagos,error,0.0201563130621082
estimadores,2024,Galápagos,li,0.292458884382736
estimadores,2024,Galápagos,ls,0.371490013023629
estimadores,2024,Galápagos,cv,6.07164591758383
estimadores,2024,Sucumbíos,valor,0.408906288180926
estimadores,2024,Sucumbíos,error,0.0187748652931405
estimadores,2024,Sucumbíos,li,0.372098991389455
estimadores,2024,Sucumbíos,ls,0.445713584972396
estimadores,2024,Sucumbíos,cv,4.59148363226768
estimadores,2024,Orellana,valor,0.293937303401924
estimadores,2024,Orellana,error,0.0143243649798506
estimadores,2024,Orellana,li,0.265855016528988
estimadores,2024,Orellana,ls,0.32201959027486
estimadores,2024,Orellana,cv,4.87327222984818
estimadores,2024,Santo Domingo,valor,0.338280115273512
estimadores,2024,Santo Domingo,error,0.0121603899838172
estimadores,2024,Santo Domingo,li,0.314440206105273
estimadores,2024,Santo Domingo,ls,0.362120024441751
estimadores,2024,Santo Domingo,cv,3.59476937448277
estimadores,2024,Santa Elena,valor,0.335415748459251
estimadores,2024,Santa Elena,error,0.015535702974684
estimadores,2024,Santa Elena,li,0.304958686779973
estimadores,2024,Santa Elena,ls,0.36587281013853
estimadores,2024,Santa Elena,cv,4.63177505708901
estimadores,2025,Total,valor,0.308
estimadores,2025,Total,error,0.005
estimadores,2025,Total,li,0.299
estimadores,2025,Total,ls,0.318
estimadores,2025,Total,cv,1.6
estimadores,2025,Urbano,valor,0.271
estimadores,2025,Urbano,error,0.006999999999999999
estimadores,2025,Urbano,li,0.257
estimadores,2025,Urbano,ls,0.285
estimadores,2025,Urbano,cv,2.7
estimadores,2025,Rural,valor,0.37799999999999995
estimadores,2025,Rural,error,0.006
estimadores,2025,Rural,li,0.366
estimadores,2025,Rural,ls,0.39
estimadores,2025,Rural,cv,1.7
estimadores,2025,Quito,valor,0.21899999999999997
estimadores,2025,Quito,error,0.006999999999999999
estimadores,2025,Quito,li,0.20600000000000002
estimadores,2025,Quito,ls,0.23199999999999998
estimadores,2025,Quito,cv,3.0
estimadores,2025,Guayaquil,valor,0.251
estimadores,2025,Guayaquil,error,0.009000000000000001
estimadores,2025,Guayaquil,li,0.233
estimadores,2025,Guayaquil,ls,0.26899999999999996
estimadores,2025,Guayaquil,cv,3.7
estimadores,2025,Cuenca,valor,0.205
estimadores,2025,Cuenca,error,0.011000000000000001
estimadores,2025,Cuenca,li,0.184
estimadores,2025,Cuenca,ls,0.226
estimadores,2025,Cuenca,cv,5.2
estimadores,2025,Machala,valor,0.253
estimadores,2025,Machala,error,0.006999999999999999
estimadores,2025,Machala,li,0.239
estimadores,2025,Machala,ls,0.266
estimadores,2025,Machala,cv,2.7
estimadores,2025,Ambato,valor,0.23
estimadores,2025,Ambato,error,0.015
estimadores,2025,Ambato,li,0.201
estimadores,2025,Ambato,ls,0.259
estimadores,2025,Ambato,cv,6.5
estimadores,2025,Azuay,valor,0.327
estimadores,2025,Azuay,error,0.016
estimadores,2025,Azuay,li,0.29600000000000004
estimadores,2025,Azuay,ls,0.358
estimadores,2025,Azuay,cv,4.8
estimadores,2025,Bolívar,valor,0.386
estimadores,2025,Bolívar,error,0.017
estimadores,2025,Bolívar,li,0.354
estimadores,2025,Bolívar,ls,0.419
estimadores,2025,Bolívar,cv,4.3
estimadores,2025,Cañar,valor,0.375
estimadores,2025,Cañar,error,0.013999999999999999
estimadores,2025,Cañar,li,0.34600000000000003
estimadores,2025,Cañar,ls,0.40299999999999997
estimadores,2025,Cañar,cv,3.9
estimadores,2025,Carchi,valor,0.375
estimadores,2025,Carchi,error,0.015
estimadores,2025,Carchi,li,0.34600000000000003
estimadores,2025,Carchi,ls,0.40399999999999997
estimadores,2025,Carchi,cv,4.0
estimadores,2025,Cotopaxi,valor,0.29
estimadores,2025,Cotopaxi,error,0.012
estimadores,2025,Cotopaxi,li,0.266
estimadores,2025,Cotopaxi,ls,0.313
estimadores,2025,Cotopaxi,cv,4.2
estimadores,2025,Chimborazo,valor,0.35
estimadores,2025,Chimborazo,error,0.016
estimadores,2025,Chimborazo,li,0.317
estimadores,2025,Chimborazo,ls,0.382
estimadores,2025,Chimborazo,cv,4.7
estimadores,2025,El Oro,valor,0.273
estimadores,2025,El Oro,error,0.008
estimadores,2025,El Oro,li,0.257
estimadores,2025,El Oro,ls,0.289
estimadores,2025,El Oro,cv,3.0
estimadores,2025,Esmeraldas,valor,0.363
estimadores,2025,Esmeraldas,error,0.01
estimadores,2025,Esmeraldas,li,0.344
estimadores,2025,Esmeraldas,ls,0.381
estimadores,2025,Esmeraldas,cv,2.6
estimadores,2025,Guayas,valor,0.3
estimadores,2025,Guayas,error,0.019
estimadores,2025,Guayas,li,0.263
estimadores,2025,Guayas,ls,0.336
estimadores,2025,Guayas,cv,6.2
estimadores,2025,Imbabura,valor,0.38
estimadores,2025,Imbabura,error,0.013999999999999999
estimadores,2025,Imbabura,li,0.35200000000000004
estimadores,2025,Imbabura,ls,0.408
estimadores,2025,Imbabura,cv,3.8
estimadores,2025,Loja,valor,0.387
estimadores,2025,Loja,error,0.017
estimadores,2025,Loja,li,0.355
estimadores,2025,Loja,ls,0.42
estimadores,2025,Loja,cv,4.3
estimadores,2025,Los Ríos,valor,0.341
estimadores,2025,Los Ríos,error,0.018000000000000002
estimadores,2025,Los Ríos,li,0.306
estimadores,2025,Los Ríos,ls,0.377
estimadores,2025,Los Ríos,cv,5.3
estimadores,2025,Manabí,valor,0.345
estimadores,2025,Manabí,error,0.018000000000000002
estimadores,2025,Manabí,li,0.311
estimadores,2025,Manabí,ls,0.38
estimadores,2025,Manabí,cv,5.1
estimadores,2025,Morona Santiago,valor,0.366
estimadores,2025,Morona Santiago,error,0.015
estimadores,2025,Morona Santiago,li,0.337
estimadores,2025,Morona Santiago,ls,0.395
estimadores,2025,Morona Santiago,cv,4.0
estimadores,2025,Napo,valor,0.273
estimadores,2025,Napo,error,0.013999999999999999
estimadores,2025,Napo,li,0.24600000000000002
estimadores,2025,Napo,ls,0.3
estimadores,2025,Napo,cv,5.1
estimadores,2025,Pastaza,valor,0.3
estimadores,2025,Pastaza,error,0.012
estimadores,2025,Pastaza,li,0.275
estimadores,2025,Pastaza,ls,0.324
estimadores,2025,Pastaza,cv,4.2
estimadores,2025,Pichincha,valor,0.22899999999999998
estimadores,2025,Pichincha,error,0.005
estimadores,2025,Pichincha,li,0.21899999999999997
estimadores,2025,Pichincha,ls,0.24
estimadores,2025,Pichincha,cv,2.3
estimadores,2025,Tungurahua,valor,0.316
estimadores,2025,Tungurahua,error,0.013999999999999999
estimadores,2025,Tungurahua,li,0.28800000000000003
estimadores,2025,Tungurahua,ls,0.344
estimadores,2025,Tungurahua,cv,4.5
estimadores,2025,Zamora Chinchipe,valor,0.32
estimadores,2025,Zamora Chinchipe,error,0.022000000000000002
estimadores,2025,Zamora Chinchipe,li,0.278
estimadores,2025,Zamora Chinchipe,ls,0.363
estimadores,2025,Zamora Chinchipe,cv,6.8
estimadores,2025,Galápagos,valor,0.27399999999999997
estimadores,2025,Galápagos,error,0.018000000000000002
estimadores,2025,Galápagos,li,0.239
estimadores,2025,Galápagos,ls,0.309
estimadores,2025,Galápagos,cv,6.6
estimadores,2025,Sucumbíos,valor,0.35600000000000004
estimadores,2025,Sucumbíos,error,0.03
estimadores,2025,Sucumbíos,li,0.298
estimadores,2025,Sucumbíos,ls,0.414
estimadores,2025,Sucumbíos,cv,8.3
estimadores,2025,Orellana,valor,0.266
estimadores,2025,Orellana,error,0.026000000000000002
estimadores,2025,Orellana,li,0.21600000000000003
estimadores,2025,Orellana,ls,0.317
estimadores,2025,Orellana,cv,9.7
estimadores,2025,Santo Domingo,valor,0.34700000000000003
estimadores,2025,Santo Domingo,error,0.017
estimadores,2025,Santo Domingo,li,0.315
estimadores,2025,Santo Domingo,ls,0.38
estimadores,2025,Santo Domingo,cv,4.8
estimadores,2025,Santa Elena,valor,0.354
estimadores,2025,Santa Elena,error,0.02
estimadores,2025,Santa Elena,li,0.316
estimadores,2025,Santa Elena,ls,0.392
estimadores,2025,Santa Elena,cv,5.5
