seccion,anio,desagregacion,categoria,valor
territorio,2018,,Total,0.6688971093869979
territorio,2018,,Urbano,0.6380396447103994
territorio,2018,,Rural,0.738332132530006
territorio,2018,,Quito,0.6194917913676898
territorio,2018,,Guayaquil,0.6489116292336295
territorio,2018,,Cuenca,0.626717311525028
territorio,2018,,Machala,0.6371682529752264
territorio,2018,,Ambato,0.6649619169447075
territorio,2018,,Azuay,0.7048166902604132
territorio,2018,,Bolívar,0.7458537207652169
territorio,2018,,Cañar,0.7151360751818967
territorio,2018,,Carchi,0.6252947418072489
territorio,2018,,Cotopaxi,0.8224822310980808
territorio,2018,,Chimborazo,0.8043115644260632
territorio,2018,,El Oro,0.6504221172262733
territorio,2018,,Esmeraldas,0.611516749682246
territorio,2018,,Guayas,0.6456096178378424
territorio,2018,,Imbabura,0.6575572040385226
territorio,2018,,Loja,0.7138291906092223
territorio,2018,,Los Ríos,0.6510512298035542
territorio,2018,,Manabí,0.636448931793445
territorio,2018,,Morona Santiago,0.8358216091921912
territorio,2018,,Napo,0.828742562711928
territorio,2018,,Pastaza,0.8127645678628723
territorio,2018,,Pichincha,0.6269275441412647
territorio,2018,,Tungurahua,0.7675796373584856
territorio,2018,,Zamora Chinchipe,0.7560763369006475
territorio,2018,,Galápagos,0.7785475844009198
territorio,2018,,Sucumbíos,0.6544574373058162
territorio,2018,,Orellana,0.8393149771503262
territorio,2018,,Santo Domingo,0.6633939947053936
territorio,2018,,Santa Elena,0.6053730582507201
territorio,2018,,Sierra,0.686899679061607
territorio,2018,,Costa,0.6411353491479898
territorio,2018,,Amazonia,0.7756606074210871
territorio,2018,,Insular,0.77854758440092
territorio,2018,,Zona 1,0.6346926424282299
territorio,2018,,Zona 2,0.7230745612597657
territorio,2018,,Zona 3,0.7970866912713614
territorio,2018,,Zona 4,0.6428093058833931
territorio,2018,,Zona 5,0.6493782171045247
territorio,2018,,Zona 6,0.7220007352104536
territorio,2018,,Zona 7,0.6843094752675736
territorio,2018,,Zona 8,0.64841534578996
territorio,2018,,Zona 9,0.6221168280214912
territorio,2019,,Total,0.6726212470504028
territorio,2019,,Urbano,0.6386451486038965
territorio,2019,,Rural,0.7487330087397049
territorio,2019,,Quito,0.63151457824999
territorio,2019,,Guayaquil,0.6382221234535486
territorio,2019,,Cuenca,0.6138775817414156
territorio,2019,,Machala,0.6184689832200453
territorio,2019,,Ambato,0.6700874386298817
territorio,2019,,Azuay,0.7017558815766829
territorio,2019,,Bolívar,0.7298612198311304
territorio,2019,,Cañar,0.7181817623967464
territorio,2019,,Carchi,0.6883536141762502
territorio,2019,,Cotopaxi,0.8222805699685645
territorio,2019,,Chimborazo,0.8211329903950038
territorio,2019,,El Oro,0.6573781059524512
territorio,2019,,Esmeraldas,0.6220891610024498
territorio,2019,,Guayas,0.638052762347235
territorio,2019,,Imbabura,0.6471145580678689
territorio,2019,,Loja,0.7420917795030795
territorio,2019,,Los Ríos,0.637938946742456
territorio,2019,,Manabí,0.6408151840876841
territorio,2019,,Morona Santiago,0.8820835478618285
territorio,2019,,Napo,0.8256233510950152
territorio,2019,,Pastaza,0.8409334783267455
territorio,2019,,Pichincha,0.6439610070253474
territorio,2019,,Tungurahua,0.7671560088876778
territorio,2019,,Zamora Chinchipe,0.7515636370150967
territorio,2019,,Galápagos,0.7647102093916024
territorio,2019,,Sucumbíos,0.6894734667937803
territorio,2019,,Orellana,0.8276613076222294
territorio,2019,,Santo Domingo,0.6516404947373563
territorio,2019,,Santa Elena,0.6109171133450595
territorio,2019,,Sierra,0.696528931610307
territorio,2019,,Costa,0.6381709242738924
territorio,2019,,Amazonia,0.7935550540115895
territorio,2019,,Insular,0.7647102093916024
territorio,2019,,Zona 1,0.6485542587794058
territorio,2019,,Zona 2,0.7168027581239012
territorio,2019,,Zona 3,0.8033224317800148
territorio,2019,,Zona 4,0.6433518144944924
territorio,2019,,Zona 5,0.6415199490362595
territorio,2019,,Zona 6,0.725933738248399
territorio,2019,,Zona 7,0.6991057948665627
territorio,2019,,Zona 8,0.6404703693236529
territorio,2019,,Zona 9,0.6413637359859847
territorio,2021,,Total,0.6599507124086585
territorio,2021,,Urbano,0.626690866436388
territorio,2021,,Rural,0.7333463030456483
territorio,2021,,Quito,0.6292926761850207
territorio,2021,,Guayaquil,0.6291045002954327
territorio,2021,,Cuenca,0.649487027763915
territorio,2021,,Machala,0.6399902483714773
territorio,2021,,Ambato,0.6795723026019789
territorio,2021,,Azuay,0.7010357826553771
territorio,2021,,Bolívar,0.6812811472965166
territorio,2021,,Cañar,0.7420510105417628
territorio,2021,,Carchi,0.6276566226297353
territorio,2021,,Cotopaxi,0.8042190152582744
territorio,2021,,Chimborazo,0.817913677940534
territorio,2021,,El Oro,0.6560410883193215
territorio,2021,,Esmeraldas,0.5838714409425718
territorio,2021,,Guayas,0.625316594660795
territorio,2021,,Imbabura,0.6311605785849073
territorio,2021,,Loja,0.6992081141235965
territorio,2021,,Los Ríos,0.6204658089982236
territorio,2021,,Manabí,0.6126827363122931
territorio,2021,,Morona Santiago,0.840669288311896
territorio,2021,,Napo,0.8613928056670871
territorio,2021,,Pastaza,0.8582960807242977
territorio,2021,,Pichincha,0.6343930734876734
territorio,2021,,Tungurahua,0.789750822653476
territorio,2021,,Zamora Chinchipe,0.7581412744888364
territorio,2021,,Galápagos,0.7426215909579736
territorio,2021,,Sucumbíos,0.6820299844250678
territorio,2021,,Orellana,0.8623183731547052
territorio,2021,,Santo Domingo,0.650217655475073
territorio,2021,,Santa Elena,0.5766933864181136
territorio,2021,,Sierra,0.6868694691375729
territorio,2021,,Costa,0.6200068941765295
territorio,2021,,Amazonia,0.7970766788641908
territorio,2021,,Insular,0.742621590957974
territorio,2021,,Zona 1,0.6194378613744523
territorio,2021,,Zona 2,0.7171291249553238
territorio,2021,,Zona 3,0.806087025828873
territorio,2021,,Zona 4,0.6215718966924401
territorio,2021,,Zona 5,0.6198060681099263
territorio,2021,,Zona 6,0.7262047078323262
territorio,2021,,Zona 7,0.6820228898608706
territorio,2021,,Zona 8,0.6284699703184933
territorio,2021,,Zona 9,0.6335833214161067
territorio,2022,,Total,0.6591931651942077
territorio,2022,,Urbano,0.6296944609664002
territorio,2022,,Rural,0.7240600149781937
territorio,2022,,Quito,0.6356601789051846
territorio,2022,,Guayaquil,0.6276113925221468
territorio,2022,,Cuenca,0.6518930743262362
territorio,2022,,Machala,0.6489469179268346
territorio,2022,,Ambato,0.702671721231575
territorio,2022,,Azuay,0.721045865424406
territorio,2022,,Bolívar,0.6685666208849269
territorio,2022,,Cañar,0.7382928335742726
territorio,2022,,Carchi,0.6272476931476889
territorio,2022,,Cotopaxi,0.8448590754089554
territorio,2022,,Chimborazo,0.8187248070320869
territorio,2022,,El Oro,0.6666640300090705
territorio,2022,,Esmeraldas,0.5711416861751208
territorio,2022,,Guayas,0.6205427820481648
territorio,2022,,Imbabura,0.6280505338023503
territorio,2022,,Loja,0.7268371567063343
territorio,2022,,Los Ríos,0.6149695024442446
territorio,2022,,Manabí,0.5958761241965858
territorio,2022,,Morona Santiago,0.8585484243128987
territorio,2022,,Napo,0.8721182821529393
territorio,2022,,Pastaza,0.901261045136425
territorio,2022,,Pichincha,0.6345003377667061
territorio,2022,,Tungurahua,0.7982278795542028
territorio,2022,,Zamora Chinchipe,0.7606311701755917
territorio,2022,,Galápagos,0.7156436794815122
territorio,2022,,Sucumbíos,0.7006202589306086
territorio,2022,,Orellana,0.8947138493418995
territorio,2022,,Santo Domingo,0.6156182015859236
territorio,2022,,Santa Elena,0.577243668667326
territorio,2022,,Sierra,0.6907730616947881
territorio,2022,,Costa,0.6138325294057684
territorio,2022,,Amazonia,0.8211632439010171
territorio,2022,,Insular,0.7156436794815125
territorio,2022,,Zona 1,0.6139230704911458
territorio,2022,,Zona 2,0.7221498666860895
territorio,2022,,Zona 3,0.8233195224739438
territorio,2022,,Zona 4,0.6005594215517474
territorio,2022,,Zona 5,0.6132757777883682
territorio,2022,,Zona 6,0.7407400457165901
territorio,2022,,Zona 7,0.6981720508251671
territorio,2022,,Zona 8,0.6250175233731898
territorio,2022,,Zona 9,0.6345587082863136
territorio,2023,,Total,0.6471453657127236
territorio,2023,,Urbano,0.6157684882107198
territorio,2023,,Rural,0.717575022923344
territorio,2023,,Quito,0.6348815119903987
territorio,2023,,Guayaquil,0.6063629514065944
territorio,2023,,Cuenca,0.6630279378403531
territorio,2023,,Machala,0.647421743250143
territorio,2023,,Ambato,0.721712665188809
territorio,2023,,Azuay,0.7174807041845208
territorio,2023,,Bolívar,0.627807753250929
territorio,2023,,Cañar,0.7508355746429545
territorio,2023,,Carchi,0.6631755248209426
territorio,2023,,Cotopaxi,0.8989306578562799
territorio,2023,,Chimborazo,0.8474768582868399
territorio,2023,,El Oro,0.6519524371569291
territorio,2023,,Esmeraldas,0.5719991703961578
territorio,2023,,Guayas,0.5871372550588058
territorio,2023,,Imbabura,0.6421752885903367
territorio,2023,,Loja,0.7101202283943189
territorio,2023,,Los Ríos,0.5714830836072151
territorio,2023,,Manabí,0.5636671809448852
territorio,2023,,Morona Santiago,0.8490236962216454
territorio,2023,,Napo,0.9201588082272636
territorio,2023,,Pastaza,0.9133136825062413
territorio,2023,,Pichincha,0.6386603289543701
territorio,2023,,Tungurahua,0.81443414523233
territorio,2023,,Zamora Chinchipe,0.7347395066788037
territorio,2023,,Galápagos,0.6998220927487085
territorio,2023,,Sucumbíos,0.7465599520172906
territorio,2023,,Orellana,0.9122489725297546
territorio,2023,,Santo Domingo,0.6177793196161155
territorio,2023,,Santa Elena,0.5350433588036494
territorio,2023,,Sierra,0.697826449006883
territorio,2023,,Costa,0.5831323078040426
territorio,2023,,Amazonia,0.8357481592818284
territorio,2023,,Insular,0.6998220927487087
territorio,2023,,Zona 1,0.6282328207010217
territorio,2023,,Zona 2,0.7582892352488948
territorio,2023,,Zona 3,0.8523859384070647
territorio,2023,,Zona 4,0.5759536902264478
territorio,2023,,Zona 5,0.5655724701399129
territorio,2023,,Zona 6,0.7402139182886106
territorio,2023,,Zona 7,0.6818389040637614
territorio,2023,,Zona 8,0.6020259790904959
territorio,2023,,Zona 9,0.6354786520745356
territorio,2024,,Total,0.642575938713095
territorio,2024,,Urbano,0.609892307141401
territorio,2024,,Rural,0.716065710193133
territorio,2024,,Quito,0.64418923270546
territorio,2024,,Guayaquil,0.59018861445947
territorio,2024,,Cuenca,0.651549015784253
territorio,2024,,Machala,0.631766301559462
territorio,2024,,Ambato,0.720178327690614
territorio,2024,,Azuay,0.714675628873389
territorio,2024,,Bolívar,0.612317241890194
territorio,2024,,Cañar,0.801122732080659
territorio,2024,,Carchi,0.680719006044452
territorio,2024,,Cotopaxi,0.890020109630563
territorio,2024,,Chimborazo,0.853388658510768
territorio,2024,,El Oro,0.654653543819659
territorio,2024,,Esmeraldas,0.599498322923276
territorio,2024,,Guayas,0.571215414663516
territorio,2024,,Imbabura,0.635129894133447
territorio,2024,,Loja,0.708761205758154
territorio,2024,,Los Ríos,0.553346868416931
territorio,2024,,Manabí,0.542757312521541
territorio,2024,,Morona Santiago,0.845422522007582
territorio,2024,,Napo,0.899213329756095
territorio,2024,,Pastaza,0.879634645620934
territorio,2024,,Pichincha,0.65423651651982
territorio,2024,,Tungurahua,0.827548665719429
territorio,2024,,Zamora Chinchipe,0.770824628428814
territorio,2024,,Galápagos,0.679924952020426
territorio,2024,,Sucumbíos,0.666117573315808
territorio,2024,,Orellana,0.936602795913956
territorio,2024,,Santo Domingo,0.579046010455342
territorio,2024,,Santa Elena,0.523559877090263
territorio,2024,,Sierra,0.703843465360515
territorio,2024,,Costa,0.570617586298908
territorio,2024,,Amazonia,0.813581023781408
territorio,2024,,Insular,0.679924952020426
territorio,2024,,Zona 1,0.631110768033235
territorio,2024,,Zona 2,0.763831008738493
territorio,2024,,Zona 3,0.855634074237668
territorio,2024,,Zona 4,0.550955271304726
territorio,2024,,Zona 5,0.548016387873055
territorio,2024,,Zona 6,0.74892045935423
territorio,2024,,Zona 7,0.685975801402811
territorio,2024,,Zona 8,0.587723352096914
territorio,2024,,Zona 9,0.651641947401333
territorio,2025,,Total,0.6426864355211627
territorio,2025,,Urbano,0.6116306303159218
territorio,2025,,Rural,0.709612680833817
territorio,2025,,Quito,0.6354476401312426
territorio,2025,,Guayaquil,0.5838084291386733
territorio,2025,,Cuenca,0.6440468423683472
territorio,2025,,Machala,0.6334655823848306
territorio,2025,,Ambato,0.6984940337541544
territorio,2025,,Azuay,0.6929816078894323
territorio,2025,,Bolívar,0.58449977602108
territorio,2025,,Cañar,0.7171825873716794
territorio,2025,,Carchi,0.6494551660800244
territorio,2025,,Cotopaxi,0.853931334457691
territorio,2025,,Chimborazo,0.8395618477580975
territorio,2025,,El Oro,0.6505303178771373
territorio,2025,,Esmeraldas,0.5832481656893717
territorio,2025,,Guayas,0.5745587971373437
territorio,2025,,Imbabura,0.6378236740956422
territorio,2025,,Loja,0.6774976905900256
territorio,2025,,Los Ríos,0.5862177163071473
territorio,2025,,Manabí,0.5728816133801696
territorio,2025,,Morona Santiago,0.893513269732218
territorio,2025,,Napo,0.9050699318310774
territorio,2025,,Pastaza,0.8607495536936683
territorio,2025,,Pichincha,0.652650920237198
territorio,2025,,Tungurahua,0.8036799633794492
territorio,2025,,Zamora Chinchipe,0.7680223071475838
territorio,2025,,Galápagos,0.6407319936614138
territorio,2025,,Sucumbíos,0.6505145422841296
territorio,2025,,Orellana,0.910427704012229
territorio,2025,,Santo Domingo,0.5918853267166744
territorio,2025,,Santa Elena,0.5248833110290989
territorio,2025,,Sierra,0.6912371989744712
territorio,2025,,Costa,0.5802892592323168
territorio,2025,,Amazonia,0.8127100507645912
territorio,2025,,Insular,0.6407319936614138
territorio,2025,,Zona 1,0.6192890084039882
territorio,2025,,Zona 2,0.7742190131550472
territorio,2025,,Zona 3,0.832807119476081
territorio,2025,,Zona 4,0.5772572915288471
territorio,2025,,Zona 5,0.5590893095786503
territorio,2025,,Zona 6,0.7183936183613552
territorio,2025,,Zona 7,0.6705695439994249
territorio,2025,,Zona 8,0.5886551382148143
territorio,2025,,Zona 9,0.6428295752107841
caracteristicas,2018,Sexo,Hombre,0.7923617950842872
caracteristicas,2018,Sexo,Mujer,0.5536456575330354
caracteristicas,2018,Grupos de edad,15 a 17 años,0.2134765398686896
caracteristicas,2018,Grupos de edad,18 a 29 años,0.6509266695265276
caracteristicas,2018,Grupos de edad,30 a 44 años,0.8409860288421102
caracteristicas,2018,Grupos de edad,45 a 64 años,0.782165451603684
caracteristicas,2018,Grupos de edad,65 años y más,0.4155478356358422
caracteristicas,2018,Etnia,Indígena,0.8371454710732402
caracteristicas,2018,Etnia,Afroecuatoriano,0.6513047398330635
caracteristicas,2018,Etnia,Montubio,0.6593498557892414
caracteristicas,2018,Etnia,Mestizo,0.6548088349617549
caracteristicas,2018,Etnia,Blanco,0.6739489575377686
caracteristicas,2018,Estado civil/conyugal,Casado,0.7419836951268578
caracteristicas,2018,Estado civil/conyugal,Unión libre,0.7325978299277217
caracteristicas,2018,Estado civil/conyugal,Soltero,0.5523636429368454
caracteristicas,2018,Estado civil/conyugal,Otro,0.6614609259272236
caracteristicas,2018,Nivel de instrucción,Ninguno,0.5387993218337349
caracteristicas,2018,Nivel de instrucción,Centro de alfabetización,0.7803403995184269
caracteristicas,2018,Nivel de instrucción,Básica,0.6771297801748681
caracteristicas,2018,Nivel de instrucción,Bachillerato,0.6395869384203451
caracteristicas,2018,Nivel de instrucción,Superior,0.732375535795255
caracteristicas,2018,Quintiles de ingreso,Quintil 1,0.6468749848324118
caracteristicas,2018,Quintiles de ingreso,Quintil 2,0.6253602595988312
caracteristicas,2018,Quintiles de ingreso,Quintil 3,0.6559256762585665
caracteristicas,2018,Quintiles de ingreso,Quintil 4,0.6847279631949799
caracteristicas,2018,Quintiles de ingreso,Quintil 5,0.7167149554552303
caracteristicas,2019,Sexo,Hombre,0.7896045021458334
caracteristicas,2019,Sexo,Mujer,0.5641690088832039
caracteristicas,2019,Grupos de edad,15 a 17 años,0.2181980176792762
caracteristicas,2019,Grupos de edad,18 a 29 años,0.6523429176568154
caracteristicas,2019,Grupos de edad,30 a 44 años,0.8425524546263624
caracteristicas,2019,Grupos de edad,45 a 64 años,0.7890837100786158
caracteristicas,2019,Grupos de edad,65 años y más,0.4216600527349729
caracteristicas,2019,Etnia,Indígena,0.8377934503684153
caracteristicas,2019,Etnia,Afroecuatoriano,0.6721472788471566
caracteristicas,2019,Etnia,Montubio,0.6598609423188401
caracteristicas,2019,Etnia,Mestizo,0.6570840790042562
caracteristicas,2019,Etnia,Blanco,0.6611632287264885
caracteristicas,2019,Estado civil/conyugal,Casado,0.7452301550887845
caracteristicas,2019,Estado civil/conyugal,Unión libre,0.7403254507396012
caracteristicas,2019,Estado civil/conyugal,Soltero,0.5600340177387072
caracteristicas,2019,Estado civil/conyugal,Otro,0.6555377423473714
caracteristicas,2019,Nivel de instrucción,Ninguno,0.5454631947199569
caracteristicas,2019,Nivel de instrucción,Centro de alfabetización,0.81471077572635
caracteristicas,2019,Nivel de instrucción,Básica,0.6813978648825726
caracteristicas,2019,Nivel de instrucción,Bachillerato,0.6446439273090906
caracteristicas,2019,Nivel de instrucción,Superior,0.7327531754743613
caracteristicas,2019,Quintiles de ingreso,Quintil 1,0.6687519317243137
caracteristicas,2019,Quintiles de ingreso,Quintil 2,0.6243032713804765
caracteristicas,2019,Quintiles de ingreso,Quintil 3,0.6564421253494326
caracteristicas,2019,Quintiles de ingreso,Quintil 4,0.6869747566483663
caracteristicas,2019,Quintiles de ingreso,Quintil 5,0.7165284032857129
caracteristicas,2021,Sexo,Hombre,0.7858895611982479
caracteristicas,2021,Sexo,Mujer,0.544215772116341
caracteristicas,2021,Grupos de edad,15 a 17 años,0.2153433197688077
caracteristicas,2021,Grupos de edad,18 a 29 años,0.6438946182635595
caracteristicas,2021,Grupos de edad,30 a 44 años,0.834409094818526
caracteristicas,2021,Grupos de edad,45 a 64 años,0.769473969960514
caracteristicas,2021,Grupos de edad,65 años y más,0.3824512501606891
caracteristicas,2021,Etnia,Indígena,0.8118547713341191
caracteristicas,2021,Etnia,Afroecuatoriano,0.6386312780295609
caracteristicas,2021,Etnia,Montubio,0.639957187109522
caracteristicas,2021,Etnia,Mestizo,0.6485921019544441
caracteristicas,2021,Etnia,Blanco,0.6035313397771394
caracteristicas,2021,Estado civil/conyugal,Casado,0.7251651309589731
caracteristicas,2021,Estado civil/conyugal,Unión libre,0.7295170734071337
caracteristicas,2021,Estado civil/conyugal,Soltero,0.5633592538315151
caracteristicas,2021,Estado civil/conyugal,Otro,0.6326797988648062
caracteristicas,2021,Nivel de instrucción,Ninguno,0.4634409644456364
caracteristicas,2021,Nivel de instrucción,Centro de alfabetización,0.7982943421075479
caracteristicas,2021,Nivel de instrucción,Básica,0.6591826310970377
caracteristicas,2021,Nivel de instrucción,Bachillerato,0.6441939202442014
caracteristicas,2021,Nivel de instrucción,Superior,0.727558601728492
caracteristicas,2021,Quintiles de ingreso,Quintil 1,0.6361365897596555
caracteristicas,2021,Quintiles de ingreso,Quintil 2,0.6148163228559052
caracteristicas,2021,Quintiles de ingreso,Quintil 3,0.6451119809052737
caracteristicas,2021,Quintiles de ingreso,Quintil 4,0.6844249655455306
caracteristicas,2021,Quintiles de ingreso,Quintil 5,0.7060499839337723
caracteristicas,2022,Sexo,Hombre,0.7821076220881541
caracteristicas,2022,Sexo,Mujer,0.5473339503846236
caracteristicas,2022,Grupos de edad,15 a 17 años,0.1875386961106896
caracteristicas,2022,Grupos de edad,18 a 29 años,0.6485981808954939
caracteristicas,2022,Grupos de edad,30 a 44 años,0.8267452038913781
caracteristicas,2022,Grupos de edad,45 a 64 años,0.7745551027120166
caracteristicas,2022,Grupos de edad,65 años y más,0.3906106575065565
caracteristicas,2022,Etnia,Indígena,0.8299516849220748
caracteristicas,2022,Etnia,Afroecuatoriano,0.6137998671643633
caracteristicas,2022,Etnia,Montubio,0.6306705915733637
caracteristicas,2022,Etnia,Mestizo,0.6474680174104702
caracteristicas,2022,Etnia,Blanco,0.6209441420550925
caracteristicas,2022,Estado civil/conyugal,Casado,0.7252380131410523
caracteristicas,2022,Estado civil/conyugal,Unión libre,0.727060974346401
caracteristicas,2022,Estado civil/conyugal,Soltero,0.5649292439007451
caracteristicas,2022,Estado civil/conyugal,Otro,0.6335532573677977
caracteristicas,2022,Nivel de instrucción,Ninguno,0.4775835675435108
caracteristicas,2022,Nivel de instrucción,Centro de alfabetización,0.7957397455696557
caracteristicas,2022,Nivel de instrucción,Básica,0.6472751147175894
caracteristicas,2022,Nivel de instrucción,Bachillerato,0.6528971114118758
caracteristicas,2022,Nivel de instrucción,Superior,0.7337415549620068
caracteristicas,2022,Quintiles de ingreso,Quintil 1,0.61523520689002
caracteristicas,2022,Quintiles de ingreso,Quintil 2,0.6064038928395553
caracteristicas,2022,Quintiles de ingreso,Quintil 3,0.6512704608908144
caracteristicas,2022,Quintiles de ingreso,Quintil 4,0.6873465283858612
caracteristicas,2022,Quintiles de ingreso,Quintil 5,0.7175127416594417
caracteristicas,2023,Sexo,Hombre,0.7751854260243737
caracteristicas,2023,Sexo,Mujer,0.5315594270653141
caracteristicas,2023,Grupos de edad,15 a 17 años,0.1805417165206921
caracteristicas,2023,Grupos de edad,18 a 29 años,0.6379651244909266
caracteristicas,2023,Grupos de edad,30 a 44 años,0.8208309417880952
caracteristicas,2023,Grupos de edad,45 a 64 años,0.7606486880334316
caracteristicas,2023,Grupos de edad,65 años y más,0.3750141765527775
caracteristicas,2023,Etnia,Indígena,0.8392467927054751
caracteristicas,2023,Etnia,Afroecuatoriano,0.6209340786808966
caracteristicas,2023,Etnia,Montubio,0.6005794299455102
caracteristicas,2023,Etnia,Mestizo,0.6289245540843718
caracteristicas,2023,Etnia,Blanco,0.644759562789358
caracteristicas,2023,Estado civil/conyugal,Casado,0.7106796788713595
caracteristicas,2023,Estado civil/conyugal,Unión libre,0.712498851740732
caracteristicas,2023,Estado civil/conyugal,Soltero,0.5646083659463041
caracteristicas,2023,Estado civil/conyugal,Otro,0.6139907464220797
caracteristicas,2023,Nivel de instrucción,Ninguno,0.4931256466656161
caracteristicas,2023,Nivel de instrucción,Centro de alfabetización,0.8421835303514251
caracteristicas,2023,Nivel de instrucción,Básica,0.6364932600106414
caracteristicas,2023,Nivel de instrucción,Bachillerato,0.6369056127434137
caracteristicas,2023,Nivel de instrucción,Superior,0.7209965175803463
caracteristicas,2023,Quintiles de ingreso,Quintil 1,0.6010082768353636
caracteristicas,2023,Quintiles de ingreso,Quintil 2,0.5898897143915776
caracteristicas,2023,Quintiles de ingreso,Quintil 3,0.635497965777091
caracteristicas,2023,Quintiles de ingreso,Quintil 4,0.6712589663060117
caracteristicas,2023,Quintiles de ingreso,Quintil 5,0.7154189364005327
caracteristicas,2024,Sexo,Hombre,0.774140993894143
caracteristicas,2024,Sexo,Mujer,0.523793054257439
caracteristicas,2024,Grupos de edad,15 a 17 años,0.181732111457803
caracteristicas,2024,Grupos de edad,18 a 29 años,0.626677419495453
caracteristicas,2024,Grupos de edad,30 a 44 años,0.812379921606609
caracteristicas,2024,Grupos de edad,45 a 64 años,0.75871863866248
caracteristicas,2024,Grupos de edad,65 años y más,0.374361439080849
caracteristicas,2024,Etnia,Indígena,0.828023221238603
caracteristicas,2024,Etnia,Afroecuatoriano,0.625648710589366
caracteristicas,2024,Etnia,Montubio,0.581297477464003
caracteristicas,2024,Etnia,Mestizo,0.623673145698905
caracteristicas,2024,Etnia,Blanco,0.594093138370654
caracteristicas,2024,Estado civil/conyugal,Casado,0.702771380966581
caracteristicas,2024,Estado civil/conyugal,Unión libre,0.697360958373602
caracteristicas,2024,Estado civil/conyugal,Soltero,0.567174279741261
caracteristicas,2024,Estado civil/conyugal,Otro,0.612965680844079
caracteristicas,2024,Nivel de instrucción,Ninguno,0.486162392512421
caracteristicas,2024,Nivel de instrucción,Centro de alfabetización,0.896246336223492
caracteristicas,2024,Nivel de instrucción,Básica,0.627971290010888
caracteristicas,2024,Nivel de instrucción,Bachillerato,0.632307586596508
caracteristicas,2024,Nivel de instrucción,Superior,0.725577531222868
caracteristicas,2024,Quintiles de ingreso,Quintil 1,0.602668807266407
caracteristicas,2024,Quintiles de ingreso,Quintil 2,0.57000568376962
caracteristicas,2024,Quintiles de ingreso,Quintil 3,0.621688775102424
caracteristicas,2024,Quintiles de ingreso,Quintil 4,0.67258301865381
caracteristicas,2024,Quintiles de ingreso,Quintil 5,0.721577022117567
caracteristicas,2025,Sexo,Hombre,0.7765863900678404
caracteristicas,2025,Sexo,Mujer,0.5210340368385828
caracteristicas,2025,Grupos de edad,15 a 17 años,0.1649502383230057
caracteristicas,2025,Grupos de edad,18 a 29 años,0.635014478759814
caracteristicas,2025,Grupos de edad,30 a 44 años,0.8115797352422683
caracteristicas,2025,Grupos de edad,45 a 64 años,0.7590567571737892
caracteristicas,2025,Grupos de edad,65 años y más,0.38647299011479924
caracteristicas,2025,Etnia,Indígena,0.8088967813420775
caracteristicas,2025,Etnia,Afroecuatoriano,0.6055776706784771
caracteristicas,2025,Etnia,Montubio,0.5872997749128961
caracteristicas,2025,Etnia,Mestizo,0.6271799977699738
caracteristicas,2025,Etnia,Blanco,0.593130474617901
caracteristicas,2025,Estado civil/conyugal,Casado,0.6997536463312162
caracteristicas,2025,Estado civil/conyugal,Unión libre,0.7049606713244534
caracteristicas,2025,Estado civil/conyugal,Soltero,0.5621634463443751
caracteristicas,2025,Estado civil/conyugal,Otro,0.6174694188642627
caracteristicas,2025,Nivel de instrucción,Ninguno,0.45576152949853804
caracteristicas,2025,Nivel de instrucción,Centro de alfabetización,0.885426657595037
caracteristicas,2025,Nivel de instrucción,Básica,0.6278338810414154
caracteristicas,2025,Nivel de instrucción,Bachillerato,0.6362226013986999
caracteristicas,2025,Nivel de instrucción,Superior,0.7251593771287818
caracteristicas,2025,Quintiles de ingreso,Quintil 1,0.5748861759988111
caracteristicas,2025,Quintiles de ingreso,Quintil 2,0.5664408439392112
caracteristicas,2025,Quintiles de ingreso,Quintil 3,0.62263695993761
caracteristicas,2025,Quintiles de ingreso,Quintil 4,0.6892843024123418
caracteristicas,2025,Quintiles de ingreso,Quintil 5,0.7286922946784645
ci,2018,Límite inferior,Total,0.6661513968199424
ci,2018,Límite inferior,Urbano,0.6350967142109125
ci,2018,Límite inferior,Rural,0.7329414988391435
ci,2018,Límite superior,Total,0.6716428219540533
ci,2018,Límite superior,Urbano,0.6409825752098863
ci,2018,Límite superior,Rural,0.7437227662208684
ci,2019,Límite inferior,Total,0.6696386132349336
ci,2019,Límite inferior,Urbano,0.6355493053411594
ci,2019,Límite inferior,Rural,0.7427787685633749
ci,2019,Límite superior,Total,0.6756038808658721
ci,2019,Límite superior,Urbano,0.6417409918666337
ci,2019,Límite superior,Rural,0.754687248916035
ci,2021,Límite inferior,Total,0.6552385551448134
ci,2021,Límite inferior,Urbano,0.6219669743023799
ci,2021,Límite inferior,Rural,0.7241022443805273
ci,2021,Límite superior,Total,0.6646628696725037
ci,2021,Límite superior,Urbano,0.6314147585703962
ci,2021,Límite superior,Rural,0.7425903617107693
ci,2022,Límite inferior,Total,0.6536738420246465
ci,2022,Límite inferior,Urbano,0.6246867284104373
ci,2022,Límite inferior,Rural,0.7118646693041737
ci,2022,Límite superior,Total,0.6647124883637688
ci,2022,Límite superior,Urbano,0.6347021935223632
ci,2022,Límite superior,Rural,0.7362553606522138
ci,2023,Límite inferior,Total,0.6404848650829165
ci,2023,Límite inferior,Urbano,0.6106659010948869
ci,2023,Límite inferior,Rural,0.702090241369257
ci,2023,Límite superior,Total,0.6538058663425308
ci,2023,Límite superior,Urbano,0.6208710753265527
ci,2023,Límite superior,Rural,0.7330598044774309
ci,2024,Límite inferior,Total,0.633722673240088
ci,2024,Límite inferior,Urbano,0.603826412543307
ci,2024,Límite inferior,Rural,0.695506148858507
ci,2024,Límite superior,Total,0.651429204186103
ci,2024,Límite superior,Urbano,0.615958201739495
ci,2024,Límite superior,Rural,0.736625271527759
ci,2025,Límite inferior,Total,0.634
ci,2025,Límite inferior,Urbano,0.603
ci,2025,Límite inferior,Rural,0.695
ci,2025,Límite superior,Total,0.652
ci,2025,Límite superior,Urbano,0.621
ci,2025,Límite superior,Rural,0.7240000000000001
territorio_hombre,2018,,Urbano,0.7645761185843103
territorio_hombre,2018,,Rural,0.8523741660926443
territorio_hombre,2018,,Quito,0.7141944837693084
territorio_hombre,2018,,Guayaquil,0.7840969148752078
territorio_hombre,2018,,Cuenca,0.7113226164775849
territorio_hombre,2018,,Machala,0.7828763554121826
territorio_hombre,2018,,Ambato,0.735577220157078
territorio_hombre,2018,,Sierra,0.7720977921987735
territorio_hombre,2018,,Costa,0.8035803746425607
territorio_hombre,2018,,Amazonia,0.8661355653797639
territorio_hombre,2018,,Insular,0.8655025006399946
territorio_hombre,2018,,Zona 1,0.7802369084317974
territorio_hombre,2018,,Zona 2,0.8144723138156281
territorio_hombre,2018,,Zona 3,0.8394982979852216
territorio_hombre,2018,,Zona 4,0.8022989360299366
territorio_hombre,2018,,Zona 5,0.828062548366004
territorio_hombre,2018,,Zona 6,0.7909757898908899
territorio_hombre,2018,,Zona 7,0.8057105834097583
territorio_hombre,2018,,Zona 8,0.7878149998409258
territorio_hombre,2018,,Zona 9,0.7198865077057371
territorio_hombre,2018,,Total,0.7923617950842872
territorio_hombre,2019,,Urbano,0.7609209900461082
territorio_hombre,2019,,Rural,0.8513291677566913
territorio_hombre,2019,,Quito,0.7189573395679639
territorio_hombre,2019,,Guayaquil,0.7800172257282285
territorio_hombre,2019,,Cuenca,0.7008075716467175
territorio_hombre,2019,,Machala,0.7667490715108078
territorio_hombre,2019,,Ambato,0.7324347690351162
territorio_hombre,2019,,Sierra,0.7737550008229281
territorio_hombre,2019,,Costa,0.7964910781022135
territorio_hombre,2019,,Amazonia,0.8678552613200883
territorio_hombre,2019,,Insular,0.8561260274595571
territorio_hombre,2019,,Zona 1,0.7841321727999728
territorio_hombre,2019,,Zona 2,0.8035128903774521
territorio_hombre,2019,,Zona 3,0.8410793454759516
territorio_hombre,2019,,Zona 4,0.7905695364447483
territorio_hombre,2019,,Zona 5,0.8154810064305404
territorio_hombre,2019,,Zona 6,0.7930855591394071
territorio_hombre,2019,,Zona 7,0.8057082407325173
territorio_hombre,2019,,Zona 8,0.7836765228153744
territorio_hombre,2019,,Zona 9,0.7268250380035483
territorio_hombre,2019,,Total,0.7896045021458334
territorio_hombre,2021,,Urbano,0.7572437477593849
territorio_hombre,2021,,Rural,0.8465103833560326
territorio_hombre,2021,,Quito,0.7124860221064752
territorio_hombre,2021,,Guayaquil,0.7832074462450023
territorio_hombre,2021,,Cuenca,0.7411938396762897
territorio_hombre,2021,,Machala,0.7769017850264855
territorio_hombre,2021,,Ambato,0.7386461810824239
territorio_hombre,2021,,Sierra,0.7711888800212773
territorio_hombre,2021,,Costa,0.7907600209963311
territorio_hombre,2021,,Amazonia,0.8751394031801618
territorio_hombre,2021,,Insular,0.8272200415966221
territorio_hombre,2021,,Zona 1,0.7720828713803443
territorio_hombre,2021,,Zona 2,0.7806914747724188
territorio_hombre,2021,,Zona 3,0.8526980970501057
territorio_hombre,2021,,Zona 4,0.7904918243227448
territorio_hombre,2021,,Zona 5,0.8038979351887041
territorio_hombre,2021,,Zona 6,0.8022862479871821
territorio_hombre,2021,,Zona 7,0.7937099708288184
territorio_hombre,2021,,Zona 8,0.7820336250443937
territorio_hombre,2021,,Zona 9,0.7244150339177712
territorio_hombre,2021,,Total,0.7858895611982479
territorio_hombre,2022,,Urbano,0.7555143836173855
territorio_hombre,2022,,Rural,0.8378949600573484
territorio_hombre,2022,,Quito,0.7218894544745865
territorio_hombre,2022,,Guayaquil,0.7677990563561667
territorio_hombre,2022,,Cuenca,0.7307333557143593
territorio_hombre,2022,,Machala,0.7815916590133167
territorio_hombre,2022,,Ambato,0.7615984050960052
territorio_hombre,2022,,Sierra,0.7705938068468887
territorio_hombre,2022,,Costa,0.7832989188583279
territorio_hombre,2022,,Amazonia,0.8799765325737592
territorio_hombre,2022,,Insular,0.8366416581152676
territorio_hombre,2022,,Zona 1,0.7630201432136485
territorio_hombre,2022,,Zona 2,0.7933372520443064
territorio_hombre,2022,,Zona 3,0.8555536665868143
territorio_hombre,2022,,Zona 4,0.7824491746505065
territorio_hombre,2022,,Zona 5,0.8028342235365318
territorio_hombre,2022,,Zona 6,0.8030014764420481
territorio_hombre,2022,,Zona 7,0.799258453814803
territorio_hombre,2022,,Zona 8,0.7653091275885979
territorio_hombre,2022,,Zona 9,0.7237266354892853
territorio_hombre,2022,,Total,0.7821076220881541
territorio_hombre,2023,,Urbano,0.7479497589500405
territorio_hombre,2023,,Rural,0.8345460271283142
territorio_hombre,2023,,Quito,0.7258859444704477
territorio_hombre,2023,,Guayaquil,0.7640972471640691
territorio_hombre,2023,,Cuenca,0.737814223309392
territorio_hombre,2023,,Machala,0.7789229169478328
territorio_hombre,2023,,Ambato,0.7845577444616175
territorio_hombre,2023,,Sierra,0.7746542744951425
territorio_hombre,2023,,Costa,0.7649618347152272
territorio_hombre,2023,,Amazonia,0.8936495638400084
territorio_hombre,2023,,Insular,0.7970960949262091
territorio_hombre,2023,,Zona 1,0.7625565672112207
territorio_hombre,2023,,Zona 2,0.8327217489365768
territorio_hombre,2023,,Zona 3,0.8776786328188466
territorio_hombre,2023,,Zona 4,0.7550979173556008
territorio_hombre,2023,,Zona 5,0.772523243900929
territorio_hombre,2023,,Zona 6,0.7985160299280181
territorio_hombre,2023,,Zona 7,0.7868603682641113
territorio_hombre,2023,,Zona 8,0.7627779998375803
territorio_hombre,2023,,Zona 9,0.7270094218104178
territorio_hombre,2023,,Total,0.7751854260243737
territorio_hombre,2024,,Urbano,0.747415210010806
territorio_hombre,2024,,Rural,0.831893296715641
territorio_hombre,2024,,Quito,0.737667716804477
territorio_hombre,2024,,Guayaquil,0.758677386052493
territorio_hombre,2024,,Cuenca,0.746679634290973
territorio_hombre,2024,,Machala,0.769100925559554
territorio_hombre,2024,,Ambato,0.779247651255164
territorio_hombre,2024,,Sierra,0.784351439122134
territorio_hombre,2024,,Costa,0.754654708303786
territorio_hombre,2024,,Amazonia,0.881322497829298
territorio_hombre,2024,,Insular,0.797592858540048
territorio_hombre,2024,,Zona 1,0.765720242556918
territorio_hombre,2024,,Zona 2,0.843117850899487
territorio_hombre,2024,,Zona 3,0.879628606044822
territorio_hombre,2024,,Zona 4,0.741655113492783
territorio_hombre,2024,,Zona 5,0.75127605334135
territorio_hombre,2024,,Zona 6,0.811079062863987
territorio_hombre,2024,,Zona 7,0.799786513018331
territorio_hombre,2024,,Zona 8,0.757740877551815
territorio_hombre,2024,,Zona 9,0.74015024405688
territorio_hombre,2024,,Total,0.774140993894143
territorio_hombre,2025,,Urbano,0.7507312690954986
territorio_hombre,2025,,Rural,0.829613411663881
territorio_hombre,2025,,Quito,0.7203689546148638
territorio_hombre,2025,,Guayaquil,0.7465775291335227
territorio_hombre,2025,,Cuenca,0.7312223862875188
territorio_hombre,2025,,Machala,0.7621912924747702
territorio_hombre,2025,,Ambato,0.7760288780898689
territorio_hombre,2025,,Sierra,0.7739613884081232
territorio_hombre,2025,,Costa,0.7690631478066624
territorio_hombre,2025,,Amazonia,0.8754599828312555
territorio_hombre,2025,,Insular,0.7900858023460606
territorio_hombre,2025,,Zona 1,0.7538577693025711
territorio_hombre,2025,,Zona 2,0.8565194667126682
territorio_hombre,2025,,Zona 3,0.8669699647021694
territorio_hombre,2025,,Zona 4,0.7699910285653715
territorio_hombre,2025,,Zona 5,0.7756413836291182
territorio_hombre,2025,,Zona 6,0.7887972668669566
territorio_hombre,2025,,Zona 7,0.7873778321477947
territorio_hombre,2025,,Zona 8,0.7551687857096967
territorio_hombre,2025,,Zona 9,0.7281551365787668
territorio_hombre,2025,,Total,0.7765863900678404
caracteristicas_hombre,2018,Grupos de edad,15 a 17 años,0.2624834847234832
caracteristicas_hombre,2018,Grupos de edad,18 a 29 años,0.7791121458712119
caracteristicas_hombre,2018,Grupos de edad,30 a 44 años,0.978979005288791
caracteristicas_hombre,2018,Grupos de edad,45 a 64 años,0.9288723181730697
caracteristicas_hombre,2018,Grupos de edad,65 años y más,0.5352455958387288
caracteristicas_hombre,2018,Etnia,Indígena,0.8872233830366718
caracteristicas_hombre,2018,Etnia,Afroecuatoriano,0.7905578127145676
caracteristicas_hombre,2018,Etnia,Montubio,0.8468755648840691
caracteristicas_hombre,2018,Etnia,Mestizo,0.779956312601686
caracteristicas_hombre,2018,Etnia,Blanco,0.8013449938595169
caracteristicas_hombre,2018,Estado civil/conyugal,Casado,0.876069914245997
caracteristicas_hombre,2018,Estado civil/conyugal,Unión libre,0.951426506766972
caracteristicas_hombre,2018,Estado civil/conyugal,Soltero,0.6135206381647546
caracteristicas_hombre,2018,Estado civil/conyugal,Otros,0.7795860801877732
caracteristicas_hombre,2018,Nivel de instrucción,Ninguno,0.6613061497605889
caracteristicas_hombre,2018,Nivel de instrucción,Centro de Alfabetización,0.8581959559375514
caracteristicas_hombre,2018,Nivel de instrucción,Básica,0.8190831859000391
caracteristicas_hombre,2018,Nivel de instrucción,Bachillerato,0.7727454643874804
caracteristicas_hombre,2018,Nivel de instrucción,Superior,0.7917957326864475
caracteristicas_hombre,2019,Grupos de edad,15 a 17 años,0.2595617094940773
caracteristicas_hombre,2019,Grupos de edad,18 a 29 años,0.7738645678406484
caracteristicas_hombre,2019,Grupos de edad,30 a 44 años,0.9774044401567671
caracteristicas_hombre,2019,Grupos de edad,45 a 64 años,0.9301982312471617
caracteristicas_hombre,2019,Grupos de edad,65 años y más,0.5324501295049101
caracteristicas_hombre,2019,Etnia,Indígena,0.8875556858647088
caracteristicas_hombre,2019,Etnia,Afroecuatoriano,0.8026606669104849
caracteristicas_hombre,2019,Etnia,Montubio,0.8255509396860724
caracteristicas_hombre,2019,Etnia,Mestizo,0.7767208074134127
caracteristicas_hombre,2019,Etnia,Blanco,0.7798970915782216
caracteristicas_hombre,2019,Estado civil/conyugal,Casado,0.8706433388737105
caracteristicas_hombre,2019,Estado civil/conyugal,Unión libre,0.9508290232456679
caracteristicas_hombre,2019,Estado civil/conyugal,Soltero,0.6162276568960721
caracteristicas_hombre,2019,Estado civil/conyugal,Otros,0.7695871251095249
caracteristicas_hombre,2019,Nivel de instrucción,Ninguno,0.6528188133653036
caracteristicas_hombre,2019,Nivel de instrucción,Centro de Alfabetización,0.8907274490545619
caracteristicas_hombre,2019,Nivel de instrucción,Básica,0.8151497822657069
caracteristicas_hombre,2019,Nivel de instrucción,Bachillerato,0.7727599519163827
caracteristicas_hombre,2019,Nivel de instrucción,Superior,0.7887015408914004
caracteristicas_hombre,2021,Grupos de edad,15 a 17 años,0.2618109621790474
caracteristicas_hombre,2021,Grupos de edad,18 a 29 años,0.7823633608467908
caracteristicas_hombre,2021,Grupos de edad,30 a 44 años,0.9729731159009046
caracteristicas_hombre,2021,Grupos de edad,45 a 64 años,0.9196390775954439
caracteristicas_hombre,2021,Grupos de edad,65 años y más,0.4877869664046861
caracteristicas_hombre,2021,Etnia,Indígena,0.8716757911740302
caracteristicas_hombre,2021,Etnia,Afroecuatoriano,0.7885238677413591
caracteristicas_hombre,2021,Etnia,Montubio,0.8400518484778953
caracteristicas_hombre,2021,Etnia,Mestizo,0.7748005382505485
caracteristicas_hombre,2021,Etnia,Blanco,0.7500780525018608
caracteristicas_hombre,2021,Estado civil/conyugal,Casado,0.8539393805090696
caracteristicas_hombre,2021,Estado civil/conyugal,Unión libre,0.9503580052226388
caracteristicas_hombre,2021,Estado civil/conyugal,Soltero,0.6257510082121628
caracteristicas_hombre,2021,Estado civil/conyugal,Otros,0.7635975629004165
caracteristicas_hombre,2021,Nivel de instrucción,Ninguno,0.5698336054958542
caracteristicas_hombre,2021,Nivel de instrucción,Centro de Alfabetización,0.8261602700748832
caracteristicas_hombre,2021,Nivel de instrucción,Básica,0.8021787762192045
caracteristicas_hombre,2021,Nivel de instrucción,Bachillerato,0.7851169027866459
caracteristicas_hombre,2021,Nivel de instrucción,Superior,0.7876256467177257
caracteristicas_hombre,2022,Grupos de edad,15 a 17 años,0.2132428895413258
caracteristicas_hombre,2022,Grupos de edad,18 a 29 años,0.7827702900540484
caracteristicas_hombre,2022,Grupos de edad,30 a 44 años,0.9703987040437161
caracteristicas_hombre,2022,Grupos de edad,45 a 64 años,0.9220348785542345
caracteristicas_hombre,2022,Grupos de edad,65 años y más,0.4950060664717598
caracteristicas_hombre,2022,Etnia,Indígena,0.8899865265989616
caracteristicas_hombre,2022,Etnia,Afroecuatoriano,0.7459013356781329
caracteristicas_hombre,2022,Etnia,Montubio,0.81592444460816
caracteristicas_hombre,2022,Etnia,Mestizo,0.7719401707777577
caracteristicas_hombre,2022,Etnia,Blanco,0.763890591313589
caracteristicas_hombre,2022,Estado civil/conyugal,Casado,0.8560945013359265
caracteristicas_hombre,2022,Estado civil/conyugal,Unión libre,0.9484758529692797
caracteristicas_hombre,2022,Estado civil/conyugal,Soltero,0.6214684068280688
caracteristicas_hombre,2022,Estado civil/conyugal,Otros,0.7569301409217821
caracteristicas_hombre,2022,Nivel de instrucción,Ninguno,0.5696677440308578
caracteristicas_hombre,2022,Nivel de instrucción,Centro de Alfabetización,0.8169771084688463
caracteristicas_hombre,2022,Nivel de instrucción,Básica,0.7905129855018169
caracteristicas_hombre,2022,Nivel de instrucción,Bachillerato,0.7855301810483933
caracteristicas_hombre,2022,Nivel de instrucción,Superior,0.7936951409407065
caracteristicas_hombre,2023,Grupos de edad,15 a 17 años,0.20709833777707
caracteristicas_hombre,2023,Grupos de edad,18 a 29 años,0.7758071999379271
caracteristicas_hombre,2023,Grupos de edad,30 a 44 años,0.9746713090662971
caracteristicas_hombre,2023,Grupos de edad,45 a 64 años,0.9222223725070309
caracteristicas_hombre,2023,Grupos de edad,65 años y más,0.4706288657708715
caracteristicas_hombre,2023,Etnia,Indígena,0.878875972585704
caracteristicas_hombre,2023,Etnia,Afroecuatoriano,0.7501281504379909
caracteristicas_hombre,2023,Etnia,Montubio,0.7872349500593859
caracteristicas_hombre,2023,Etnia,Mestizo,0.7642132733893947
caracteristicas_hombre,2023,Etnia,Blanco,0.7453569389648025
caracteristicas_hombre,2023,Estado civil/conyugal,Casado,0.8474080162384993
caracteristicas_hombre,2023,Estado civil/conyugal,Unión libre,0.9467826618899159
caracteristicas_hombre,2023,Estado civil/conyugal,Soltero,0.62217038579012
caracteristicas_hombre,2023,Estado civil/conyugal,Otros,0.7379087028106053
caracteristicas_hombre,2023,Nivel de instrucción,Ninguno,0.5602227997619454
caracteristicas_hombre,2023,Nivel de instrucción,Centro de Alfabetización,0.8640566494044873
caracteristicas_hombre,2023,Nivel de instrucción,Básica,0.7825374598017888
caracteristicas_hombre,2023,Nivel de instrucción,Bachillerato,0.7834452061714448
caracteristicas_hombre,2023,Nivel de instrucción,Superior,0.7805612631382465
caracteristicas_hombre,2024,Grupos de edad,15 a 17 años,0.214166001571803
caracteristicas_hombre,2024,Grupos de edad,18 a 29 años,0.776790788176864
caracteristicas_hombre,2024,Grupos de edad,30 a 44 años,0.973572404688649
caracteristicas_hombre,2024,Grupos de edad,45 a 64 años,0.913265655069825
caracteristicas_hombre,2024,Grupos de edad,65 años y más,0.47833465425104
caracteristicas_hombre,2024,Etnia,Indígena,0.877749761023455
caracteristicas_hombre,2024,Etnia,Afroecuatoriano,0.747610438704285
caracteristicas_hombre,2024,Etnia,Montubio,0.772086417766297
caracteristicas_hombre,2024,Etnia,Mestizo,0.763076468285627
caracteristicas_hombre,2024,Etnia,Blanco,0.711780170833576
caracteristicas_hombre,2024,Estado civil/conyugal,Casado,0.838592836475694
caracteristicas_hombre,2024,Estado civil/conyugal,Unión libre,0.942978642642003
caracteristicas_hombre,2024,Estado civil/conyugal,Soltero,0.625202498287119
caracteristicas_hombre,2024,Estado civil/conyugal,Otros,0.734694222696729
caracteristicas_hombre,2024,Nivel de instrucción,Ninguno,0.536910208729902
caracteristicas_hombre,2024,Nivel de instrucción,Centro de Alfabetización,0.945368168308818
caracteristicas_hombre,2024,Nivel de instrucción,Básica,0.777805947171784
caracteristicas_hombre,2024,Nivel de instrucción,Bachillerato,0.781088363217189
caracteristicas_hombre,2024,Nivel de instrucción,Superior,0.798337291377267
caracteristicas_hombre,2025,Grupos de edad,15 a 17 años,0.20496918325663158
caracteristicas_hombre,2025,Grupos de edad,18 a 29 años,0.7855625034042312
caracteristicas_hombre,2025,Grupos de edad,30 a 44 años,0.974036548497083
caracteristicas_hombre,2025,Grupos de edad,45 a 64 años,0.926406841989188
caracteristicas_hombre,2025,Grupos de edad,65 años y más,0.4923077098417939
caracteristicas_hombre,2025,Etnia,Indígena,0.8646624224402665
caracteristicas_hombre,2025,Etnia,Afroecuatoriano,0.733038860106223
caracteristicas_hombre,2025,Etnia,Montubio,0.7946943675467173
caracteristicas_hombre,2025,Etnia,Mestizo,0.767124935806481
caracteristicas_hombre,2025,Etnia,Blanco,0.7166824073581649
caracteristicas_hombre,2025,Estado civil/conyugal,Casado,0.843566711770523
caracteristicas_hombre,2025,Estado civil/conyugal,Unión libre,0.952266695924803
caracteristicas_hombre,2025,Estado civil/conyugal,Soltero,0.6168854260836497
caracteristicas_hombre,2025,Estado civil/conyugal,Otros,0.7401511115353374
caracteristicas_hombre,2025,Nivel de instrucción,Ninguno,0.550990398354306
caracteristicas_hombre,2025,Nivel de instrucción,Centro de Alfabetización,0.9077769531156614
caracteristicas_hombre,2025,Nivel de instrucción,Básica,0.7850036953622148
caracteristicas_hombre,2025,Nivel de instrucción,Bachillerato,0.7823424700707278
caracteristicas_hombre,2025,Nivel de instrucción,Superior,0.7912318276598497
territorio_mujer,2018,,Urbano,0.5227889139750987
territorio_mujer,2018,,Rural,0.6258294673468862
territorio_mujer,2018,,Quito,0.5344446143486437
territorio_mujer,2018,,Guayaquil,0.5254993829460685
territorio_mujer,2018,,Cuenca,0.5550972708422072
territorio_mujer,2018,,Machala,0.5007527122119315
territorio_mujer,2018,,Ambato,0.6033975534176123
territorio_mujer,2018,,Sierra,0.6109838094192913
territorio_mujer,2018,,Costa,0.4840296933309019
territorio_mujer,2018,,Amazonia,0.6827266494672123
territorio_mujer,2018,,Insular,0.69313135061749
territorio_mujer,2018,,Zona 1,0.4978508376407456
territorio_mujer,2018,,Zona 2,0.6358041535897677
territorio_mujer,2018,,Zona 3,0.7592018633006239
territorio_mujer,2018,,Zona 4,0.4851237744457472
territorio_mujer,2018,,Zona 5,0.4705299820143907
territorio_mujer,2018,,Zona 6,0.6642708179569684
territorio_mujer,2018,,Zona 7,0.5683247252994117
territorio_mujer,2018,,Zona 8,0.5204539508869196
territorio_mujer,2018,,Zona 9,0.5337754722214296
territorio_mujer,2018,,Total,0.5536456575330354
territorio_mujer,2019,,Urbano,0.5279848751307826
territorio_mujer,2019,,Rural,0.6483509058159407
territorio_mujer,2019,,Quito,0.5538579106113003
territorio_mujer,2019,,Guayaquil,0.5098180693334535
territorio_mujer,2019,,Cuenca,0.5406938045209176
territorio_mujer,2019,,Machala,0.4817014720848102
territorio_mujer,2019,,Ambato,0.615777329375209
territorio_mujer,2019,,Sierra,0.6282189640040696
territorio_mujer,2019,,Costa,0.4858764439158809
territorio_mujer,2019,,Amazonia,0.7184933314524613
territorio_mujer,2019,,Insular,0.6777033990403625
territorio_mujer,2019,,Zona 1,0.5214736148011897
territorio_mujer,2019,,Zona 2,0.6346054154476165
territorio_mujer,2019,,Zona 3,0.7702362543595278
territorio_mujer,2019,,Zona 4,0.4974144927062708
territorio_mujer,2019,,Zona 5,0.4691606180370714
territorio_mujer,2019,,Zona 6,0.6699770420354048
territorio_mujer,2019,,Zona 7,0.5992501085324623
territorio_mujer,2019,,Zona 8,0.5100359522818304
territorio_mujer,2019,,Zona 9,0.5641786824444242
territorio_mujer,2019,,Total,0.5641690088832039
territorio_mujer,2021,,Urbano,0.5097098938994274
territorio_mujer,2021,,Rural,0.6233955831257687
territorio_mujer,2021,,Quito,0.5546943455327404
territorio_mujer,2021,,Guayaquil,0.4885602096777781
territorio_mujer,2021,,Cuenca,0.5715835548437922
territorio_mujer,2021,,Machala,0.5137373887716702
territorio_mujer,2021,,Ambato,0.6270399511413557
territorio_mujer,2021,,Sierra,0.6120790459463042
territorio_mujer,2021,,Costa,0.4593420601847333
territorio_mujer,2021,,Amazonia,0.7167526828689272
territorio_mujer,2021,,Insular,0.6585947929156598
territorio_mujer,2021,,Zona 1,0.4801182665539772
territorio_mujer,2021,,Zona 2,0.6539422447434661
territorio_mujer,2021,,Zona 3,0.7648864104272863
territorio_mujer,2021,,Zona 4,0.460047209665441
territorio_mujer,2021,,Zona 5,0.4418607244083161
territorio_mujer,2021,,Zona 6,0.6628093684664096
territorio_mujer,2021,,Zona 7,0.5773854309682565
territorio_mujer,2021,,Zona 8,0.4877235446246137
territorio_mujer,2021,,Zona 9,0.5525590937423891
territorio_mujer,2021,,Total,0.544215772116341
territorio_mujer,2022,,Urbano,0.5183960289943935
territorio_mujer,2022,,Rural,0.6138033122362261
territorio_mujer,2022,,Quito,0.5595175116774065
territorio_mujer,2022,,Guayaquil,0.4974217701049739
territorio_mujer,2022,,Cuenca,0.5851717685934636
territorio_mujer,2022,,Machala,0.5287243822901002
territorio_mujer,2022,,Ambato,0.650235825823841
territorio_mujer,2022,,Sierra,0.6202964751900725
territorio_mujer,2022,,Costa,0.4567253518984777
territorio_mujer,2022,,Amazonia,0.7613390807654622
territorio_mujer,2022,,Insular,0.5956344414719378
territorio_mujer,2022,,Zona 1,0.4758427825813801
territorio_mujer,2022,,Zona 2,0.651007336850804
territorio_mujer,2022,,Zona 3,0.7954616245257785
territorio_mujer,2022,,Zona 4,0.4310072676385276
territorio_mujer,2022,,Zona 5,0.4343636198151907
territorio_mujer,2022,,Zona 6,0.6887351326482657
territorio_mujer,2022,,Zona 7,0.6049452380769355
territorio_mujer,2022,,Zona 8,0.4971659336735135
territorio_mujer,2022,,Zona 9,0.555253080165
territorio_mujer,2022,,Total,0.5473339503846236
territorio_mujer,2023,,Urbano,0.4984988140009743
territorio_mujer,2023,,Rural,0.6077890753921721
territorio_mujer,2023,,Quito,0.5538097754660302
territorio_mujer,2023,,Guayaquil,0.4607046945730898
territorio_mujer,2023,,Cuenca,0.5998434860747566
territorio_mujer,2023,,Machala,0.5271073021996707
territorio_mujer,2023,,Ambato,0.6665093914789314
territorio_mujer,2023,,Sierra,0.6312638529992093
territorio_mujer,2023,,Costa,0.4144303250333197
territorio_mujer,2023,,Amazonia,0.7765164576142056
territorio_mujer,2023,,Insular,0.5985271812760057
territorio_mujer,2023,,Zona 1,0.5008578290480139
territorio_mujer,2023,,Zona 2,0.6834233810403048
territorio_mujer,2023,,Zona 3,0.8316294344613753
territorio_mujer,2023,,Zona 4,0.4099119742966775
territorio_mujer,2023,,Zona 5,0.3727443167525573
territorio_mujer,2023,,Zona 6,0.6945105765563229
territorio_mujer,2023,,Zona 7,0.5845053617846847
territorio_mujer,2023,,Zona 8,0.4541166195234385
territorio_mujer,2023,,Zona 9,0.553931636594866
territorio_mujer,2023,,Total,0.5315594270653141
territorio_mujer,2024,,Urbano,0.488610269041083
territorio_mujer,2024,,Rural,0.605835244976424
territorio_mujer,2024,,Quito,0.561841228143002
territorio_mujer,2024,,Guayaquil,0.43845592993888
territorio_mujer,2024,,Cuenca,0.572911238176171
territorio_mujer,2024,,Machala,0.507337376090764
territorio_mujer,2024,,Ambato,0.671046669217827
territorio_mujer,2024,,Sierra,0.634353843991909
territorio_mujer,2024,,Costa,0.399556736289179
territorio_mujer,2024,,Amazonia,0.744198475909001
territorio_mujer,2024,,Insular,0.562532875976374
territorio_mujer,2024,,Zona 1,0.504380437149066
territorio_mujer,2024,,Zona 2,0.686496957220272
territorio_mujer,2024,,Zona 3,0.835414468902763
territorio_mujer,2024,,Zona 4,0.375929753311811
territorio_mujer,2024,,Zona 5,0.354344959841383
territorio_mujer,2024,,Zona 6,0.701121860312679
territorio_mujer,2024,,Zona 7,0.581063976772982
territorio_mujer,2024,,Zona 8,0.433298426673093
territorio_mujer,2024,,Zona 9,0.573033678851584
territorio_mujer,2024,,Total,0.523793054257439
territorio_mujer,2025,,Urbano,0.4890180401121023
territorio_mujer,2025,,Rural,0.5932611190443084
territorio_mujer,2025,,Quito,0.5623785475308157
territorio_mujer,2025,,Guayaquil,0.43613064842505417
territorio_mujer,2025,,Cuenca,0.5692282513106108
territorio_mujer,2025,,Machala,0.522752575903985
territorio_mujer,2025,,Ambato,0.632299848240453
territorio_mujer,2025,,Sierra,0.6191350052917474
territorio_mujer,2025,,Costa,0.4041132017607486
territorio_mujer,2025,,Amazonia,0.7478217181220658
territorio_mujer,2025,,Insular,0.4934913401035384
territorio_mujer,2025,,Zona 1,0.4934013955422601
territorio_mujer,2025,,Zona 2,0.6926788247145221
territorio_mujer,2025,,Zona 3,0.8043413878079972
territorio_mujer,2025,,Zona 4,0.3960675082227682
territorio_mujer,2025,,Zona 5,0.3519114136578023
territorio_mujer,2025,,Zona 6,0.659193415374025
territorio_mujer,2025,,Zona 7,0.5630464919612671
territorio_mujer,2025,,Zona 8,0.4370386940891824
territorio_mujer,2025,,Zona 9,0.5681419829459531
territorio_mujer,2025,,Total,0.5210340368385828
caracteristicas_mujer,2018,Grupos de edad,15 a 17 años,0.1621568197958291
caracteristicas_mujer,2018,Grupos de edad,18 a 29 años,0.5237386295306808
caracteristicas_mujer,2018,Grupos de edad,30 a 44 años,0.7182247971740751
caracteristicas_mujer,2018,Grupos de edad,45 a 64 años,0.6491931742081689
caracteristicas_mujer,2018,Grupos de edad,65 años y más,0.3085818395414929
caracteristicas_mujer,2018,Etnia,Indígena,0.7904784639170312
caracteristicas_mujer,2018,Etnia,Afroecuatoriano,0.5225662527458657
caracteristicas_mujer,2018,Etnia,Montubio,0.4491768194703009
caracteristicas_mujer,2018,Etnia,Mestizo,0.5394037608032494
caracteristicas_mujer,2018,Etnia,Blanco,0.5435048423258407
caracteristicas_mujer,2018,Estado civil/conyugal,Casado,0.6085405614697061
caracteristicas_mujer,2018,Estado civil/conyugal,Unión libre,0.5141002811232482
caracteristicas_mujer,2018,Estado civil/conyugal,Soltero,0.4800020089804614
caracteristicas_mujer,2018,Estado civil/conyugal,Otros,0.6138875472700355
caracteristicas_mujer,2018,Nivel de instrucción,Ninguno,0.4636166487949295
caracteristicas_mujer,2018,Nivel de instrucción,Centro de Alfabetización,0.7410132998478093
caracteristicas_mujer,2018,Nivel de instrucción,Básica,0.541922192498069
caracteristicas_mujer,2018,Nivel de instrucción,Bachillerato,0.504127337562695
caracteristicas_mujer,2018,Nivel de instrucción,Superior,0.6815132341129363
caracteristicas_mujer,2019,Grupos de edad,15 a 17 años,0.1741514667440332
caracteristicas_mujer,2019,Grupos de edad,18 a 29 años,0.5321305748140185
caracteristicas_mujer,2019,Grupos de edad,30 a 44 años,0.7244767800494625
caracteristicas_mujer,2019,Grupos de edad,45 a 64 años,0.6623296403523644
caracteristicas_mujer,2019,Grupos de edad,65 años y más,0.3228897887616621
caracteristicas_mujer,2019,Etnia,Indígena,0.7921349460675738
caracteristicas_mujer,2019,Etnia,Afroecuatoriano,0.5470411191024718
caracteristicas_mujer,2019,Etnia,Montubio,0.4771260906585936
caracteristicas_mujer,2019,Etnia,Mestizo,0.5476635248749794
caracteristicas_mujer,2019,Etnia,Blanco,0.5388827626437379
caracteristicas_mujer,2019,Estado civil/conyugal,Casado,0.6206961799633453
caracteristicas_mujer,2019,Estado civil/conyugal,Unión libre,0.5301376879325996
caracteristicas_mujer,2019,Estado civil/conyugal,Soltero,0.4936449398970176
caracteristicas_mujer,2019,Estado civil/conyugal,Otros,0.6115708222061326
caracteristicas_mujer,2019,Nivel de instrucción,Ninguno,0.4781911304648951
caracteristicas_mujer,2019,Nivel de instrucción,Centro de Alfabetización,0.7751289486173036
caracteristicas_mujer,2019,Nivel de instrucción,Básica,0.5543075794438215
caracteristicas_mujer,2019,Nivel de instrucción,Bachillerato,0.516009444313154
caracteristicas_mujer,2019,Nivel de instrucción,Superior,0.6857870984285535
caracteristicas_mujer,2021,Grupos de edad,15 a 17 años,0.1660962289031922
caracteristicas_mujer,2021,Grupos de edad,18 a 29 años,0.5076813674257403
caracteristicas_mujer,2021,Grupos de edad,30 a 44 años,0.7148932181154483
caracteristicas_mujer,2021,Grupos de edad,45 a 64 años,0.6336356942573153
caracteristicas_mujer,2021,Grupos de edad,65 años y más,0.2917604119199674
caracteristicas_mujer,2021,Etnia,Indígena,0.7547489919940825
caracteristicas_mujer,2021,Etnia,Afroecuatoriano,0.5070086509596426
caracteristicas_mujer,2021,Etnia,Montubio,0.4265733707850525
caracteristicas_mujer,2021,Etnia,Mestizo,0.5337785358287226
caracteristicas_mujer,2021,Etnia,Blanco,0.4694417066589039
caracteristicas_mujer,2021,Estado civil/conyugal,Casado,0.5969927252206516
caracteristicas_mujer,2021,Estado civil/conyugal,Unión libre,0.5085158593620759
caracteristicas_mujer,2021,Estado civil/conyugal,Soltero,0.4905327060795747
caracteristicas_mujer,2021,Estado civil/conyugal,Otros,0.5790868301739367
caracteristicas_mujer,2021,Nivel de instrucción,Ninguno,0.3987426109403586
caracteristicas_mujer,2021,Nivel de instrucción,Centro de Alfabetización,0.7836268419751861
caracteristicas_mujer,2021,Nivel de instrucción,Básica,0.5248092114732428
caracteristicas_mujer,2021,Nivel de instrucción,Bachillerato,0.504596091025623
caracteristicas_mujer,2021,Nivel de instrucción,Superior,0.6773188843955106
caracteristicas_mujer,2022,Grupos de edad,15 a 17 años,0.159920775146414
caracteristicas_mujer,2022,Grupos de edad,18 a 29 años,0.5181973449257021
caracteristicas_mujer,2022,Grupos de edad,30 a 44 años,0.7030193338366766
caracteristicas_mujer,2022,Grupos de edad,45 a 64 años,0.644056330023003
caracteristicas_mujer,2022,Grupos de edad,65 años y más,0.3010851965858794
caracteristicas_mujer,2022,Etnia,Indígena,0.774047520981056
caracteristicas_mujer,2022,Etnia,Afroecuatoriano,0.4923710443838184
caracteristicas_mujer,2022,Etnia,Montubio,0.4120373758878046
caracteristicas_mujer,2022,Etnia,Mestizo,0.5358522005614498
caracteristicas_mujer,2022,Etnia,Blanco,0.4923018708630065
caracteristicas_mujer,2022,Estado civil/conyugal,Casado,0.59541637749241
caracteristicas_mujer,2022,Estado civil/conyugal,Unión libre,0.5053206556735061
caracteristicas_mujer,2022,Estado civil/conyugal,Soltero,0.4988490638966943
caracteristicas_mujer,2022,Estado civil/conyugal,Otros,0.5844647540530369
caracteristicas_mujer,2022,Nivel de instrucción,Ninguno,0.4219600813458448
caracteristicas_mujer,2022,Nivel de instrucción,Centro de Alfabetización,0.78163743133037
caracteristicas_mujer,2022,Nivel de instrucción,Básica,0.5160971231053548
caracteristicas_mujer,2022,Nivel de instrucción,Bachillerato,0.5201433899303244
caracteristicas_mujer,2022,Nivel de instrucción,Superior,0.6846842663616983
caracteristicas_mujer,2023,Grupos de edad,15 a 17 años,0.1514891540056131
caracteristicas_mujer,2023,Grupos de edad,18 a 29 años,0.5047118338286051
caracteristicas_mujer,2023,Grupos de edad,30 a 44 años,0.6929434520254318
caracteristicas_mujer,2023,Grupos de edad,45 a 64 años,0.6166259512295572
caracteristicas_mujer,2023,Grupos de edad,65 años y más,0.2932038173027467
caracteristicas_mujer,2023,Etnia,Indígena,0.8036766940585859
caracteristicas_mujer,2023,Etnia,Afroecuatoriano,0.5039996700702772
caracteristicas_mujer,2023,Etnia,Montubio,0.3966885935416476
caracteristicas_mujer,2023,Etnia,Mestizo,0.5079857415512402
caracteristicas_mujer,2023,Etnia,Blanco,0.5438814491496177
caracteristicas_mujer,2023,Estado civil/conyugal,Casado,0.5754844632366133
caracteristicas_mujer,2023,Estado civil/conyugal,Unión libre,0.4786267826403742
caracteristicas_mujer,2023,Estado civil/conyugal,Soltero,0.497450563777336
caracteristicas_mujer,2023,Estado civil/conyugal,Otros,0.5662080766065458
caracteristicas_mujer,2023,Nivel de instrucción,Ninguno,0.4544142170004445
caracteristicas_mujer,2023,Nivel de instrucción,Centro de Alfabetización,0.8271549952197598
caracteristicas_mujer,2023,Nivel de instrucción,Básica,0.5036283720397643
caracteristicas_mujer,2023,Nivel de instrucción,Bachillerato,0.4893382004554224
caracteristicas_mujer,2023,Nivel de instrucción,Superior,0.6733570838620482
caracteristicas_mujer,2024,Grupos de edad,15 a 17 años,0.144989439808369
caracteristicas_mujer,2024,Grupos de edad,18 a 29 años,0.485849068802505
caracteristicas_mujer,2024,Grupos de edad,30 a 44 años,0.679872311965159
caracteristicas_mujer,2024,Grupos de edad,45 a 64 años,0.618729485667065
caracteristicas_mujer,2024,Grupos de edad,65 años y más,0.282726161640183
caracteristicas_mujer,2024,Etnia,Indígena,0.782868393181602
caracteristicas_mujer,2024,Etnia,Afroecuatoriano,0.520535089062902
caracteristicas_mujer,2024,Etnia,Montubio,0.355508454747711
caracteristicas_mujer,2024,Etnia,Mestizo,0.499200755109937
caracteristicas_mujer,2024,Etnia,Blanco,0.48096638301978
caracteristicas_mujer,2024,Estado civil/conyugal,Casado,0.568926892752984
caracteristicas_mujer,2024,Estado civil/conyugal,Unión libre,0.453965376739159
caracteristicas_mujer,2024,Estado civil/conyugal,Soltero,0.500070146614964
caracteristicas_mujer,2024,Estado civil/conyugal,Otros,0.564559053606012
caracteristicas_mujer,2024,Nivel de instrucción,Ninguno,0.452996012968703
caracteristicas_mujer,2024,Nivel de instrucción,Centro de Alfabetización,0.868977290225852
caracteristicas_mujer,2024,Nivel de instrucción,Básica,0.491498360163464
caracteristicas_mujer,2024,Nivel de instrucción,Bachillerato,0.484619823401257
caracteristicas_mujer,2024,Nivel de instrucción,Superior,0.667329589050653
caracteristicas_mujer,2025,Grupos de edad,15 a 17 años,0.11870690759878226
caracteristicas_mujer,2025,Grupos de edad,18 a 29 años,0.4933722608445326
caracteristicas_mujer,2025,Grupos de edad,30 a 44 años,0.6792224814674933
caracteristicas_mujer,2025,Grupos de edad,45 a 64 años,0.6070690427084862
caracteristicas_mujer,2025,Grupos de edad,65 años y más,0.28945800418539896
caracteristicas_mujer,2025,Etnia,Indígena,0.7565849953568109
caracteristicas_mujer,2025,Etnia,Afroecuatoriano,0.48999970381611596
caracteristicas_mujer,2025,Etnia,Montubio,0.3440077600368782
caracteristicas_mujer,2025,Etnia,Mestizo,0.5020709407156299
caracteristicas_mujer,2025,Etnia,Blanco,0.47383816354844777
caracteristicas_mujer,2025,Estado civil/conyugal,Casado,0.5568806909104501
caracteristicas_mujer,2025,Estado civil/conyugal,Unión libre,0.45802000581763563
caracteristicas_mujer,2025,Estado civil/conyugal,Soltero,0.498611841039314
caracteristicas_mujer,2025,Estado civil/conyugal,Otros,0.568821271429707
caracteristicas_mujer,2025,Nivel de instrucción,Ninguno,0.3908789493470074
caracteristicas_mujer,2025,Nivel de instrucción,Centro de Alfabetización,0.8747120524287659
caracteristicas_mujer,2025,Nivel de instrucción,Básica,0.482280027303868
caracteristicas_mujer,2025,Nivel de instrucción,Bachillerato,0.48905946261829203
caracteristicas_mujer,2025,Nivel de instrucción,Superior,0.6745133224103433
estimadores,2018,Total,valor,0.6688971093869979
estimadores,2018,Total,error,0.001400765014792679
estimadores,2018,Total,li,0.6661513968199424
estimadores,2018,Total,ls,0.6716428219540533
estimadores,2018,Total,cv,0.2094141229099333
estimadores,2018,Urbano,valor,0.6380396447103994
estimadores,2018,Urbano,error,0.001501378598076765
estimadores,2018,Urbano,li,0.6350967142109125
estimadores,2018,Urbano,ls,0.6409825752098863
estimadores,2018,Urbano,cv,0.2353111770598874
estimadores,2018,Rural,valor,0.738332132530006
estimadores,2018,Rural,error,0.00275010981569004
estimadores,2018,Rural,li,0.7329414988391435
estimadores,2018,Rural,ls,0.7437227662208684
estimadores,2018,Rural,cv,0.3724759758547113
estimadores,2018,Quito,valor,0.6194917913676898
estimadores,2018,Quito,error,0.00337229259933987
estimadores,2018,Quito,li,0.6128806215054333
estimadores,2018,Quito,ls,0.6261029612299464
estimadores,2018,Quito,cv,0.5443643719466652
estimadores,2018,Guayaquil,valor,0.6489116292336295
estimadores,2018,Guayaquil,error,0.002781507459918877
estimadores,2018,Guayaquil,li,0.643458656886492
estimadores,2018,Guayaquil,ls,0.6543646015807671
estimadores,2018,Guayaquil,cv,0.4286419497834955
estimadores,2018,Cuenca,valor,0.626717311525028
estimadores,2018,Cuenca,error,0.00416211845329594
estimadores,2018,Cuenca,li,0.6185577372084464
estimadores,2018,Cuenca,ls,0.6348768858416095
estimadores,2018,Cuenca,cv,0.6641141670664902
estimadores,2018,Machala,valor,0.6371682529752264
estimadores,2018,Machala,error,0.004036743413116436
estimadores,2018,Machala,li,0.6292544686257658
estimadores,2018,Machala,ls,0.6450820373246869
estimadores,2018,Machala,cv,0.633544341587494
estimadores,2018,Ambato,valor,0.6649619169447075
estimadores,2018,Ambato,error,0.003516447071725622
estimadores,2018,Ambato,li,0.6580681412066938
estimadores,2018,Ambato,ls,0.6718556926827213
estimadores,2018,Ambato,cv,0.528819317635903
estimadores,2018,Azuay,valor,0.7048166902604132
estimadores,2018,Azuay,error,0.004722039359898424
estimadores,2018,Azuay,li,0.6955607746174008
estimadores,2018,Azuay,ls,0.7140726059034255
estimadores,2018,Azuay,cv,0.6699670176870729
estimadores,2018,Bolívar,valor,0.7458537207652169
estimadores,2018,Bolívar,error,0.01110747661138017
estimadores,2018,Bolívar,li,0.7240813765118479
estimadores,2018,Bolívar,ls,0.767626065018586
estimadores,2018,Bolívar,cv,1.48922989885796
estimadores,2018,Cañar,valor,0.7151360751818967
estimadores,2018,Cañar,error,0.0111514451530449
estimadores,2018,Cañar,li,0.693277545896685
estimadores,2018,Cañar,ls,0.7369946044671084
estimadores,2018,Cañar,cv,1.559345911924315
estimadores,2018,Carchi,valor,0.6252947418072489
estimadores,2018,Carchi,error,0.008686395376349413
estimadores,2018,Carchi,li,0.6082680851622115
estimadores,2018,Carchi,ls,0.6423213984522862
estimadores,2018,Carchi,cv,1.389168146727684
estimadores,2018,Cotopaxi,valor,0.8224822310980808
estimadores,2018,Cotopaxi,error,0.006997647362374199
estimadores,2018,Cotopaxi,li,0.8087657775175083
estimadores,2018,Cotopaxi,ls,0.8361986846786533
estimadores,2018,Cotopaxi,cv,0.850796175016665
estimadores,2018,Chimborazo,valor,0.8043115644260632
estimadores,2018,Chimborazo,error,0.008886250158700454
estimadores,2018,Chimborazo,li,0.7868931619980485
estimadores,2018,Chimborazo,ls,0.821729966854078
estimadores,2018,Chimborazo,cv,1.104826854633311
estimadores,2018,El Oro,valor,0.6504221172262733
estimadores,2018,El Oro,error,0.004771082043485209
estimadores,2018,El Oro,li,0.6410700704611783
estimadores,2018,El Oro,ls,0.6597741639913683
estimadores,2018,El Oro,cv,0.7335362554753673
estimadores,2018,Esmeraldas,valor,0.611516749682246
estimadores,2018,Esmeraldas,error,0.007015060146727691
estimadores,2018,Esmeraldas,li,0.5977661643948405
estimadores,2018,Esmeraldas,ls,0.6252673349696515
estimadores,2018,Esmeraldas,cv,1.147157481847035
estimadores,2018,Guayas,valor,0.6456096178378424
estimadores,2018,Guayas,error,0.002648390938406877
estimadores,2018,Guayas,li,0.6404183686238292
estimadores,2018,Guayas,ls,0.6508008670518557
estimadores,2018,Guayas,cv,0.4102155335412108
estimadores,2018,Imbabura,valor,0.6575572040385226
estimadores,2018,Imbabura,error,0.00808143900921235
estimadores,2018,Imbabura,li,0.6417163539222229
estimadores,2018,Imbabura,ls,0.6733980541548222
estimadores,2018,Imbabura,cv,1.229009272437217
estimadores,2018,Loja,valor,0.7138291906092223
estimadores,2018,Loja,error,0.007915597448932603
estimadores,2018,Loja,li,0.6983134151852455
estimadores,2018,Loja,ls,0.7293449660331992
estimadores,2018,Loja,cv,1.108892372722525
estimadores,2018,Los Ríos,valor,0.6510512298035542
estimadores,2018,Los Ríos,error,0.005585274026949249
estimadores,2018,Los Ríos,li,0.6401032428647792
estimadores,2018,Los Ríos,ls,0.6619992167423293
estimadores,2018,Los Ríos,cv,0.8578854890781066
estimadores,2018,Manabí,valor,0.636448931793445
estimadores,2018,Manabí,error,0.004833263397587214
estimadores,2018,Manabí,li,0.6269750001128991
estimadores,2018,Manabí,ls,0.6459228634739909
estimadores,2018,Manabí,cv,0.759411031450331
estimadores,2018,Morona Santiago,valor,0.8358216091921912
estimadores,2018,Morona Santiago,error,0.01033070732566303
estimadores,2018,Morona Santiago,li,0.8155718509307431
estimadores,2018,Morona Santiago,ls,0.8560713674536392
estimadores,2018,Morona Santiago,cv,1.23599428538914
estimadores,2018,Napo,valor,0.828742562711928
estimadores,2018,Napo,error,0.01167925096452307
estimadores,2018,Napo,li,0.8058494537261697
estimadores,2018,Napo,ls,0.8516356716976864
estimadores,2018,Napo,cv,1.409273698493846
estimadores,2018,Pastaza,valor,0.8127645678628723
estimadores,2018,Pastaza,error,0.01793639843641496
estimadores,2018,Pastaza,li,0.7776064977551116
estimadores,2018,Pastaza,ls,0.847922637970633
estimadores,2018,Pastaza,cv,2.20683813562123
estimadores,2018,Pichincha,valor,0.6269275441412647
estimadores,2018,Pichincha,error,0.00290638125781674
estimadores,2018,Pichincha,li,0.6212305946458326
estimadores,2018,Pichincha,ls,0.6326244936366968
estimadores,2018,Pichincha,cv,0.4635912530845588
estimadores,2018,Tungurahua,valor,0.7675796373584856
estimadores,2018,Tungurahua,error,0.00507188735410235
estimadores,2018,Tungurahua,li,0.757637966414548
estimadores,2018,Tungurahua,ls,0.7775213083024232
estimadores,2018,Tungurahua,cv,0.6607636663677685
estimadores,2018,Zamora Chinchipe,valor,0.7560763369006475
estimadores,2018,Zamora Chinchipe,error,0.01006216230153936
estimadores,2018,Zamora Chinchipe,li,0.7363529677478435
estimadores,2018,Zamora Chinchipe,ls,0.7757997060534514
estimadores,2018,Zamora Chinchipe,cv,1.330839468245596
estimadores,2018,Galápagos,valor,0.7785475844009198
estimadores,2018,Galápagos,error,0.01210917542806745
estimadores,2018,Galápagos,li,0.7548117580500271
estimadores,2018,Galápagos,ls,0.8022834107518124
estimadores,2018,Galápagos,cv,1.555354569288821
estimadores,2018,Sucumbíos,valor,0.6544574373058162
estimadores,2018,Sucumbíos,error,0.0133968411501243
estimadores,2018,Sucumbíos,li,0.6281975902106294
estimadores,2018,Sucumbíos,ls,0.680717284401003
estimadores,2018,Sucumbíos,cv,2.047014883851674
estimadores,2018,Orellana,valor,0.8393149771503262
estimadores,2018,Orellana,error,0.0175953140659633
estimadores,2018,Orellana,li,0.804825484307478
estimadores,2018,Orellana,ls,0.8738044699931744
estimadores,2018,Orellana,cv,2.096389858989955
estimadores,2018,Santo Domingo,valor,0.6633939947053936
estimadores,2018,Santo Domingo,error,0.007772397115860599
estimadores,2018,Santo Domingo,li,0.6481589137233611
estimadores,2018,Santo Domingo,ls,0.6786290756874261
estimadores,2018,Santo Domingo,cv,1.171611015157326
estimadores,2018,Santa Elena,valor,0.6053730582507201
estimadores,2018,Santa Elena,error,0.00930556668978066
estimadores,2018,Santa Elena,li,0.587132731619286
estimadores,2018,Santa Elena,ls,0.6236133848821541
estimadores,2018,Santa Elena,cv,1.537162343608408
estimadores,2019,Total,valor,0.6726212470504028
estimadores,2019,Total,error,0.001521632451108446
estimadores,2019,Total,li,0.6696386132349336
estimadores,2019,Total,ls,0.6756038808658721
estimadores,2019,Total,cv,0.2262242618384641
estimadores,2019,Urbano,valor,0.6386451486038965
estimadores,2019,Urbano,error,0.001579387837586466
estimadores,2019,Urbano,li,0.6355493053411594
estimadores,2019,Urbano,ls,0.6417409918666337
estimadores,2019,Urbano,cv,0.2473028787643764
estimadores,2019,Rural,valor,0.7487330087397049
estimadores,2019,Rural,error,0.003037639091667067
estimadores,2019,Rural,li,0.7427787685633749
estimadores,2019,Rural,ls,0.754687248916035
estimadores,2019,Rural,cv,0.4057039099665358
estimadores,2019,Quito,valor,0.63151457824999
estimadores,2019,Quito,error,0.00351946544181426
estimadores,2019,Quito,li,0.6246148594826896
estimadores,2019,Quito,ls,0.6384142970172905
estimadores,2019,Quito,cv,0.5573054942875844
estimadores,2019,Guayaquil,valor,0.6382221234535486
estimadores,2019,Guayaquil,error,0.00305344342214585
estimadores,2019,Guayaquil,li,0.6322360152695143
estimadores,2019,Guayaquil,ls,0.6442082316375828
estimadores,2019,Guayaquil,cv,0.4784295795988788
estimadores,2019,Cuenca,valor,0.6138775817414156
estimadores,2019,Cuenca,error,0.004362398586861324
estimadores,2019,Cuenca,li,0.6053253388233275
estimadores,2019,Cuenca,ls,0.6224298246595037
estimadores,2019,Cuenca,cv,0.7106300533872407
estimadores,2019,Machala,valor,0.6184689832200453
estimadores,2019,Machala,error,0.004152493990153383
estimadores,2019,Machala,li,0.6103282467392819
estimadores,2019,Machala,ls,0.6266097197008087
estimadores,2019,Machala,cv,0.6714150754227824
estimadores,2019,Ambato,valor,0.6700874386298817
estimadores,2019,Ambato,error,0.003705074755367326
estimadores,2019,Ambato,li,0.6628238429939829
estimadores,2019,Ambato,ls,0.6773510342657806
estimadores,2019,Ambato,cv,0.5529240725573128
estimadores,2019,Azuay,valor,0.7017558815766829
estimadores,2019,Azuay,error,0.005106810291215506
estimadores,2019,Azuay,li,0.6917457473601906
estimadores,2019,Azuay,ls,0.7117660157931752
estimadores,2019,Azuay,cv,0.7277189155496191
estimadores,2019,Bolívar,valor,0.7298612198311304
estimadores,2019,Bolívar,error,0.01325667453883938
estimadores,2019,Bolívar,li,0.703876097253461
estimadores,2019,Bolívar,ls,0.7558463424087998
estimadores,2019,Bolívar,cv,1.816328115351382
estimadores,2019,Cañar,valor,0.7181817623967464
estimadores,2019,Cañar,error,0.01171531964204642
estimadores,2019,Cañar,li,0.6952179326637878
estimadores,2019,Cañar,ls,0.7411455921297049
estimadores,2019,Cañar,cv,1.63124716547376
estimadores,2019,Carchi,valor,0.6883536141762502
estimadores,2019,Carchi,error,0.009690736292097032
estimadores,2019,Carchi,li,0.6693582794352302
estimadores,2019,Carchi,ls,0.7073489489172702
estimadores,2019,Carchi,cv,1.407813672002564
estimadores,2019,Cotopaxi,valor,0.8222805699685645
estimadores,2019,Cotopaxi,error,0.006750919650161055
estimadores,2019,Cotopaxi,li,0.8090477283454653
estimadores,2019,Cotopaxi,ls,0.8355134115916636
estimadores,2019,Cotopaxi,cv,0.8209995343096993
estimadores,2019,Chimborazo,valor,0.8211329903950038
estimadores,2019,Chimborazo,error,0.009430100744631817
estimadores,2019,Chimborazo,li,0.8026485414443182
estimadores,2019,Chimborazo,ls,0.8396174393456893
estimadores,2019,Chimborazo,cv,1.148425511450404
estimadores,2019,El Oro,valor,0.6573781059524512
estimadores,2019,El Oro,error,0.004537969906005869
estimadores,2019,El Oro,li,0.6484829864474911
estimadores,2019,El Oro,ls,0.6662732254574112
estimadores,2019,El Oro,cv,0.6903135143862101
estimadores,2019,Esmeraldas,valor,0.6220891610024498
estimadores,2019,Esmeraldas,error,0.006924642529122272
estimadores,2019,Esmeraldas,li,0.6085157957969751
estimadores,2019,Esmeraldas,ls,0.6356625262079245
estimadores,2019,Esmeraldas,cv,1.113127018314181
estimadores,2019,Guayas,valor,0.638052762347235
estimadores,2019,Guayas,error,0.002738687051164188
estimadores,2019,Guayas,li,0.6326845141853088
estimadores,2019,Guayas,ls,0.6434210105091611
estimadores,2019,Guayas,cv,0.4292257964826058
estimadores,2019,Imbabura,valor,0.6471145580678689
estimadores,2019,Imbabura,error,0.007816475457441905
estimadores,2019,Imbabura,li,0.6317930630510081
estimadores,2019,Imbabura,ls,0.6624360530847296
estimadores,2019,Imbabura,cv,1.207896710094122
estimadores,2019,Loja,valor,0.7420917795030795
estimadores,2019,Loja,error,0.008698510887816254
estimadores,2019,Loja,li,0.7250413592788468
estimadores,2019,Loja,ls,0.7591421997273121
estimadores,2019,Loja,cv,1.172161062563038
estimadores,2019,Los Ríos,valor,0.637938946742456
estimadores,2019,Los Ríos,error,0.005906280374471388
estimadores,2019,Los Ríos,li,0.6263617281074906
estimadores,2019,Los Ríos,ls,0.6495161653774214
estimadores,2019,Los Ríos,cv,0.9258378728295182
estimadores,2019,Manabí,valor,0.6408151840876841
estimadores,2019,Manabí,error,0.005601446215799742
estimadores,2019,Manabí,li,0.6298354873241154
estimadores,2019,Manabí,ls,0.6517948808512528
estimadores,2019,Manabí,cv,0.8741125920376575
estimadores,2019,Morona Santiago,valor,0.8820835478618285
estimadores,2019,Morona Santiago,error,0.008829338274885521
estimadores,2019,Morona Santiago,li,0.8647766858218485
estimadores,2019,Morona Santiago,ls,0.8993904099018085
estimadores,2019,Morona Santiago,cv,1.000963944547866
estimadores,2019,Napo,valor,0.8256233510950152
estimadores,2019,Napo,error,0.01806268579687162
estimadores,2019,Napo,li,0.7902177067052021
estimadores,2019,Napo,ls,0.8610289954848283
estimadores,2019,Napo,cv,2.18776343630728
estimadores,2019,Pastaza,valor,0.8409334783267455
estimadores,2019,Pastaza,error,0.01708482673742001
estimadores,2019,Pastaza,li,0.8074445882065713
estimadores,2019,Pastaza,ls,0.8744223684469197
estimadores,2019,Pastaza,cv,2.031650205128555
estimadores,2019,Pichincha,valor,0.6439610070253474
estimadores,2019,Pichincha,error,0.003083463747128464
estimadores,2019,Pichincha,li,0.637916943470933
estimadores,2019,Pichincha,ls,0.6500050705797619
estimadores,2019,Pichincha,cv,0.4788277106050139
estimadores,2019,Tungurahua,valor,0.7671560088876778
estimadores,2019,Tungurahua,error,0.005525511972137237
estimadores,2019,Tungurahua,li,0.7563251549295676
estimadores,2019,Tungurahua,ls,0.7779868628457879
estimadores,2019,Tungurahua,cv,0.720259231254519
estimadores,2019,Zamora Chinchipe,valor,0.7515636370150967
estimadores,2019,Zamora Chinchipe,error,0.02126138038455114
estimadores,2019,Zamora Chinchipe,li,0.7098880588869346
estimadores,2019,Zamora Chinchipe,ls,0.7932392151432587
estimadores,2019,Zamora Chinchipe,cv,2.828952777570858
estimadores,2019,Galápagos,valor,0.7647102093916024
estimadores,2019,Galápagos,error,0.008734336128865667
estimadores,2019,Galápagos,li,0.7475895661806534
estimadores,2019,Galápagos,ls,0.7818308526025514
estimadores,2019,Galápagos,cv,1.142175953923074
estimadores,2019,Sucumbíos,valor,0.6894734667937803
estimadores,2019,Sucumbíos,error,0.01545769550425117
estimadores,2019,Sucumbíos,li,0.6591740043403993
estimadores,2019,Sucumbíos,ls,0.7197729292471613
estimadores,2019,Sucumbíos,cv,2.24195654346689
estimadores,2019,Orellana,valor,0.8276613076222294
estimadores,2019,Orellana,error,0.02766843872158789
estimadores,2019,Orellana,li,0.7734269089721936
estimadores,2019,Orellana,ls,0.8818957062722653
estimadores,2019,Orellana,cv,3.342966315663101
estimadores,2019,Santo Domingo,valor,0.6516404947373563
estimadores,2019,Santo Domingo,error,0.009642318333010404
estimadores,2019,Santo Domingo,li,0.6327400666486902
estimadores,2019,Santo Domingo,ls,0.6705409228260224
estimadores,2019,Santo Domingo,cv,1.479699068870289
estimadores,2019,Santa Elena,valor,0.6109171133450595
estimadores,2019,Santa Elena,error,0.00891474417956425
estimadores,2019,Santa Elena,li,0.5934428425861409
estimadores,2019,Santa Elena,ls,0.6283913841039781
estimadores,2019,Santa Elena,cv,1.459239557188342
estimadores,2021,Total,valor,0.6599507124086585
estimadores,2021,Total,error,0.002403596505148658
estimadores,2021,Total,li,0.6552385551448134
estimadores,2021,Total,ls,0.6646628696725037
estimadores,2021,Total,cv,0.3642084870817276
estimadores,2021,Urbano,valor,0.626690866436388
estimadores,2021,Urbano,error,0.002409582275854722
estimadores,2021,Urbano,li,0.6219669743023799
estimadores,2021,Urbano,ls,0.6314147585703962
estimadores,2021,Urbano,cv,0.3844929621452055
estimadores,2021,Rural,valor,0.7333463030456483
estimadores,2021,Rural,error,0.004715247360556749
estimadores,2021,Rural,li,0.7241022443805273
estimadores,2021,Rural,ls,0.7425903617107693
estimadores,2021,Rural,cv,0.6429769047684475
estimadores,2021,Quito,valor,0.6292926761850207
estimadores,2021,Quito,error,0.004393195684850263
estimadores,2021,Quito,li,0.6206771574927133
estimadores,2021,Quito,ls,0.6379081948773281
estimadores,2021,Quito,cv,0.6981164490079975
estimadores,2021,Guayaquil,valor,0.6291045002954327
estimadores,2021,Guayaquil,error,0.004691243776817569
estimadores,2021,Guayaquil,li,0.6199044779543564
estimadores,2021,Guayaquil,ls,0.638304522636509
estimadores,2021,Guayaquil,cv,0.7457018308746037
estimadores,2021,Cuenca,valor,0.649487027763915
estimadores,2021,Cuenca,error,0.005640673531323991
estimadores,2021,Cuenca,li,0.6384250738395972
estimadores,2021,Cuenca,ls,0.6605489816882327
estimadores,2021,Cuenca,cv,0.8684813229825348
estimadores,2021,Machala,valor,0.6399902483714773
estimadores,2021,Machala,error,0.005106153811115637
estimadores,2021,Machala,li,0.6299765438244279
estimadores,2021,Machala,ls,0.6500039529185268
estimadores,2021,Machala,cv,0.7978486897431303
estimadores,2021,Ambato,valor,0.6795723026019789
estimadores,2021,Ambato,error,0.006020228262439311
estimadores,2021,Ambato,li,0.6677660019389182
estimadores,2021,Ambato,ls,0.6913786032650395
estimadores,2021,Ambato,cv,0.8858848777957509
estimadores,2021,Azuay,valor,0.7010357826553771
estimadores,2021,Azuay,error,0.01037904214267309
estimadores,2021,Azuay,li,0.6806880750765101
estimadores,2021,Azuay,ls,0.7213834902342442
estimadores,2021,Azuay,cv,1.480529582007847
estimadores,2021,Bolívar,valor,0.6812811472965166
estimadores,2021,Bolívar,error,0.01161095925244452
estimadores,2021,Bolívar,li,0.6585183142401286
estimadores,2021,Bolívar,ls,0.7040439803529045
estimadores,2021,Bolívar,cv,1.704283069995336
estimadores,2021,Cañar,valor,0.7420510105417628
estimadores,2021,Cañar,error,0.01439630269650429
estimadores,2021,Cañar,li,0.7138276202270684
estimadores,2021,Cañar,ls,0.7702744008564573
estimadores,2021,Cañar,cv,1.940069145110889
estimadores,2021,Carchi,valor,0.6276566226297353
estimadores,2021,Carchi,error,0.01039439808320087
estimadores,2021,Carchi,li,0.6072788103279889
estimadores,2021,Carchi,ls,0.6480344349314817
estimadores,2021,Carchi,cv,1.656064432117478
estimadores,2021,Cotopaxi,valor,0.8042190152582744
estimadores,2021,Cotopaxi,error,0.01186830997298725
estimadores,2021,Cotopaxi,li,0.78095165614497
estimadores,2021,Cotopaxi,ls,0.8274863743715789
estimadores,2021,Cotopaxi,cv,1.475755950532424
estimadores,2021,Chimborazo,valor,0.817913677940534
estimadores,2021,Chimborazo,error,0.01509294258676492
estimadores,2021,Chimborazo,li,0.788324552273777
estimadores,2021,Chimborazo,ls,0.8475028036072911
estimadores,2021,Chimborazo,cv,1.845297736647246
estimadores,2021,El Oro,valor,0.6560410883193215
estimadores,2021,El Oro,error,0.005828849271019509
estimadores,2021,El Oro,li,0.6446138565133765
estimadores,2021,El Oro,ls,0.6674683201252665
estimadores,2021,El Oro,cv,0.8884884460441559
estimadores,2021,Esmeraldas,valor,0.5838714409425718
estimadores,2021,Esmeraldas,error,0.007571462825808498
estimadores,2021,Esmeraldas,li,0.5690278831839619
estimadores,2021,Esmeraldas,ls,0.5987149987011817
estimadores,2021,Esmeraldas,cv,1.296768825271796
estimadores,2021,Guayas,valor,0.625316594660795
estimadores,2021,Guayas,error,0.004746609081901804
estimadores,2021,Guayas,li,0.6160110525633565
estimadores,2021,Guayas,ls,0.6346221367582335
estimadores,2021,Guayas,cv,0.759072943598533
estimadores,2021,Imbabura,valor,0.6311605785849073
estimadores,2021,Imbabura,error,0.008377861133882713
estimadores,2021,Imbabura,li,0.6147361083741429
estimadores,2021,Imbabura,ls,0.6475850487956716
estimadores,2021,Imbabura,cv,1.327373954923846
estimadores,2021,Loja,valor,0.6992081141235965
estimadores,2021,Loja,error,0.0100487025974429
estimadores,2021,Loja,li,0.6795080243475751
estimadores,2021,Loja,ls,0.718908203899618
estimadores,2021,Loja,cv,1.437154746128507
estimadores,2021,Los Ríos,valor,0.6204658089982236
estimadores,2021,Los Ríos,error,0.0123797127088071
estimadores,2021,Los Ríos,li,0.5961958647541861
estimadores,2021,Los Ríos,ls,0.6447357532422611
estimadores,2021,Los Ríos,cv,1.99522883118972
estimadores,2021,Manabí,valor,0.6126827363122931
estimadores,2021,Manabí,error,0.00881606894428773
estimadores,2021,Manabí,li,0.5953991767691676
estimadores,2021,Manabí,ls,0.6299662958554185
estimadores,2021,Manabí,cv,1.43892889774424
estimadores,2021,Morona Santiago,valor,0.840669288311896
estimadores,2021,Morona Santiago,error,0.01237913891574586
estimadores,2021,Morona Santiago,li,0.8164004689667905
estimadores,2021,Morona Santiago,ls,0.8649381076570015
estimadores,2021,Morona Santiago,cv,1.472533740420535
estimadores,2021,Napo,valor,0.8613928056670871
estimadores,2021,Napo,error,0.01240032142317913
estimadores,2021,Napo,li,0.837082458841785
estimadores,2021,Napo,ls,0.8857031524923892
estimadores,2021,Napo,cv,1.439566402412192
estimadores,2021,Pastaza,valor,0.8582960807242977
estimadores,2021,Pastaza,error,0.02040925506393159
estimadores,2021,Pastaza,li,0.8182845316589004
estimadores,2021,Pastaza,ls,0.8983076297896951
estimadores,2021,Pastaza,cv,2.377880491625763
estimadores,2021,Pichincha,valor,0.6343930734876734
estimadores,2021,Pichincha,error,0.004097692950633182
estimadores,2021,Pichincha,li,0.6263597061729131
estimadores,2021,Pichincha,ls,0.6424264408024336
estimadores,2021,Pichincha,cv,0.6459233434100227
estimadores,2021,Tungurahua,valor,0.789750822653476
estimadores,2021,Tungurahua,error,0.007280774859402529
estimadores,2021,Tungurahua,li,0.7754771473229184
estimadores,2021,Tungurahua,ls,0.8040244979840335
estimadores,2021,Tungurahua,cv,0.9219078537886071
estimadores,2021,Zamora Chinchipe,valor,0.7581412744888364
estimadores,2021,Zamora Chinchipe,error,0.01110494448100924
estimadores,2021,Zamora Chinchipe,li,0.7363704636690112
estimadores,2021,Zamora Chinchipe,ls,0.7799120853086616
estimadores,2021,Zamora Chinchipe,cv,1.464759254598894
estimadores,2021,Galápagos,valor,0.7426215909579736
estimadores,2021,Galápagos,error,0.01538605706875004
estimadores,2021,Galápagos,li,0.7124578257739491
estimadores,2021,Galápagos,ls,0.7727853561419982
estimadores,2021,Galápagos,cv,2.071856953270399
estimadores,2021,Sucumbíos,valor,0.6820299844250678
estimadores,2021,Sucumbíos,error,0.01933783656576308
estimadores,2021,Sucumbíos,li,0.6441189095648658
estimadores,2021,Sucumbíos,ls,0.7199410592852697
estimadores,2021,Sucumbíos,cv,2.835335250262396
estimadores,2021,Orellana,valor,0.8623183731547052
estimadores,2021,Orellana,error,0.01539292389443473
estimadores,2021,Orellana,li,0.8321411458265726
estimadores,2021,Orellana,ls,0.8924956004828377
estimadores,2021,Orellana,cv,1.785062730151657
estimadores,2021,Santo Domingo,valor,0.650217655475073
estimadores,2021,Santo Domingo,error,0.01003344745267821
estimadores,2021,Santo Domingo,li,0.6305474728157661
estimadores,2021,Santo Domingo,ls,0.66988783813438
estimadores,2021,Santo Domingo,cv,1.54309058946537
estimadores,2021,Santa Elena,valor,0.5766933864181136
estimadores,2021,Santa Elena,error,0.007166250520365127
estimadores,2021,Santa Elena,li,0.5626442315904467
estimadores,2021,Santa Elena,ls,0.5907425412457805
estimadores,2021,Santa Elena,cv,1.242644824639875
estimadores,2022,Total,valor,0.6591931651942077
estimadores,2022,Total,error,0.002815445093797448
estimadores,2022,Total,li,0.6536738420246465
estimadores,2022,Total,ls,0.6647124883637688
estimadores,2022,Total,cv,0.4271047156515917
estimadores,2022,Urbano,valor,0.6296944609664002
estimadores,2022,Urbano,error,0.002554479167570937
estimadores,2022,Urbano,li,0.6246867284104373
estimadores,2022,Urbano,ls,0.6347021935223632
estimadores,2022,Urbano,cv,0.4056696264487614
estimadores,2022,Rural,valor,0.7240600149781937
estimadores,2022,Rural,error,0.006220930554391398
estimadores,2022,Rural,li,0.7118646693041737
estimadores,2022,Rural,ls,0.7362553606522138
estimadores,2022,Rural,cv,0.8591733317270325
estimadores,2022,Quito,valor,0.6356601789051846
estimadores,2022,Quito,error,0.00489024886988536
estimadores,2022,Quito,li,0.6260708115948296
estimadores,2022,Quito,ls,0.6452495462155395
estimadores,2022,Quito,cv,0.7693181092935495
estimadores,2022,Guayaquil,valor,0.6276113925221468
estimadores,2022,Guayaquil,error,0.004831294155714267
estimadores,2022,Guayaquil,li,0.6181376304547775
estimadores,2022,Guayaquil,ls,0.6370851545895161
estimadores,2022,Guayaquil,cv,0.7697907038141891
estimadores,2022,Cuenca,valor,0.6518930743262362
estimadores,2022,Cuenca,error,0.007186452038598238
estimadores,2022,Cuenca,li,0.6378010454561425
estimadores,2022,Cuenca,ls,0.66598510319633
estimadores,2022,Cuenca,cv,1.102397359570938
estimadores,2022,Machala,valor,0.6489469179268346
estimadores,2022,Machala,error,0.004738977148132617
estimadores,2022,Machala,li,0.6396541817577881
estimadores,2022,Machala,ls,0.658239654095881
estimadores,2022,Machala,cv,0.730256515166455
estimadores,2022,Ambato,valor,0.702671721231575
estimadores,2022,Ambato,error,0.006042390990342816
estimadores,2022,Ambato,li,0.690823099989414
estimadores,2022,Ambato,ls,0.7145203424737359
estimadores,2022,Ambato,cv,0.859916630735089
estimadores,2022,Azuay,valor,0.721045865424406
estimadores,2022,Azuay,error,0.01148220385369273
estimadores,2022,Azuay,li,0.6985364604614299
estimadores,2022,Azuay,ls,0.743555270387382
estimadores,2022,Azuay,cv,1.59243737524718
estimadores,2022,Bolívar,valor,0.6685666208849269
estimadores,2022,Bolívar,error,0.01360580859363163
estimadores,2022,Bolívar,li,0.6418941580559118
estimadores,2022,Bolívar,ls,0.695239083713942
estimadores,2022,Bolívar,cv,2.035071475094395
estimadores,2022,Cañar,valor,0.7382928335742726
estimadores,2022,Cañar,error,0.01570523403300999
estimadores,2022,Cañar,li,0.707504713332561
estimadores,2022,Cañar,ls,0.7690809538159841
estimadores,2022,Cañar,cv,2.127236418776648
estimadores,2022,Carchi,valor,0.6272476931476889
estimadores,2022,Carchi,error,0.01171389095296805
estimadores,2022,Carchi,li,0.6042840949994379
estimadores,2022,Carchi,ls,0.6502112912959399
estimadores,2022,Carchi,cv,1.867506422253186
estimadores,2022,Cotopaxi,valor,0.8448590754089554
estimadores,2022,Cotopaxi,error,0.0134756669418368
estimadores,2022,Cotopaxi,li,0.8184417387891704
estimadores,2022,Cotopaxi,ls,0.8712764120287405
estimadores,2022,Cotopaxi,cv,1.595019493081007
estimadores,2022,Chimborazo,valor,0.8187248070320869
estimadores,2022,Chimborazo,error,0.01981845635336328
estimadores,2022,Chimborazo,li,0.7798732358979051
estimadores,2022,Chimborazo,ls,0.8575763781662687
estimadores,2022,Chimborazo,cv,2.420649305253868
estimadores,2022,El Oro,valor,0.6666640300090705
estimadores,2022,El Oro,error,0.006482971210498995
estimadores,2022,El Oro,li,0.6539549868497726
estimadores,2022,El Oro,ls,0.6793730731683684
estimadores,2022,El Oro,cv,0.9724495275994999
estimadores,2022,Esmeraldas,valor,0.5711416861751208
estimadores,2022,Esmeraldas,error,0.00709333559446059
estimadores,2022,Esmeraldas,li,0.5572361010219138
estimadores,2022,Esmeraldas,ls,0.5850472713283279
estimadores,2022,Esmeraldas,cv,1.241957252667715
estimadores,2022,Guayas,valor,0.6205427820481648
estimadores,2022,Guayas,error,0.004671886939971861
estimadores,2022,Guayas,li,0.6113841399953811
estimadores,2022,Guayas,ls,0.6297014241009485
estimadores,2022,Guayas,cv,0.752871046948902
estimadores,2022,Imbabura,valor,0.6280505338023503
estimadores,2022,Imbabura,error,0.005941765884021976
estimadores,2022,Imbabura,li,0.6164024550726183
estimadores,2022,Imbabura,ls,0.6396986125320824
estimadores,2022,Imbabura,cv,0.946064936534529
estimadores,2022,Loja,valor,0.7268371567063343
estimadores,2022,Loja,error,0.01162671315143008
estimadores,2022,Loja,li,0.7040444595857609
estimadores,2022,Loja,ls,0.7496298538269077
estimadores,2022,Loja,cv,1.599631092625558
estimadores,2022,Los Ríos,valor,0.6149695024442446
estimadores,2022,Los Ríos,error,0.009538575810441435
estimadores,2022,Los Ríos,li,0.5962703338505584
estimadores,2022,Los Ríos,ls,0.6336686710379309
estimadores,2022,Los Ríos,cv,1.551064853221114
estimadores,2022,Manabí,valor,0.5958761241965858
estimadores,2022,Manabí,error,0.01232977750971178
estimadores,2022,Manabí,li,0.5717051585347769
estimadores,2022,Manabí,ls,0.6200470898583946
estimadores,2022,Manabí,cv,2.0691846860513
estimadores,2022,Morona Santiago,valor,0.8585484243128987
estimadores,2022,Morona Santiago,error,0.01611454784918061
estimadores,2022,Morona Santiago,li,0.8269578962266196
estimadores,2022,Morona Santiago,ls,0.8901389523991777
estimadores,2022,Morona Santiago,cv,1.876952702123608
estimadores,2022,Napo,valor,0.8721182821529393
estimadores,2022,Napo,error,0.01167062939642692
estimadores,2022,Napo,li,0.8492394928016684
estimadores,2022,Napo,ls,0.8949970715042102
estimadores,2022,Napo,cv,1.338193411978067
estimadores,2022,Pastaza,valor,0.901261045136425
estimadores,2022,Pastaza,error,0.01718261416065876
estimadores,2022,Pastaza,li,0.8675767084539293
estimadores,2022,Pastaza,ls,0.9349453818189207
estimadores,2022,Pastaza,cv,1.906508025991271
estimadores,2022,Pichincha,valor,0.6345003377667061
estimadores,2022,Pichincha,error,0.003981346794934375
estimadores,2022,Pichincha,li,0.6266954121228888
estimadores,2022,Pichincha,ls,0.6423052634105234
estimadores,2022,Pichincha,cv,0.62747749023236
estimadores,2022,Tungurahua,valor,0.7982278795542028
estimadores,2022,Tungurahua,error,0.00866829087402767
estimadores,2022,Tungurahua,li,0.78123479424527
estimadores,2022,Tungurahua,ls,0.8152209648631357
estimadores,2022,Tungurahua,cv,1.08594188402299
estimadores,2022,Zamora Chinchipe,valor,0.7606311701755917
estimadores,2022,Zamora Chinchipe,error,0.01452054302334145
estimadores,2022,Zamora Chinchipe,li,0.7321654864654393
estimadores,2022,Zamora Chinchipe,ls,0.789096853885744
estimadores,2022,Zamora Chinchipe,cv,1.909012356144882
estimadores,2022,Galápagos,valor,0.7156436794815122
estimadores,2022,Galápagos,error,0.01276670992499561
estimadores,2022,Galápagos,li,0.6906161632130084
estimadores,2022,Galápagos,ls,0.7406711957500159
estimadores,2022,Galápagos,cv,1.783947834800296
estimadores,2022,Sucumbíos,valor,0.7006202589306086
estimadores,2022,Sucumbíos,error,0.03580131403773169
estimadores,2022,Sucumbíos,li,0.6304363215828309
estimadores,2022,Sucumbíos,ls,0.7708041962783864
estimadores,2022,Sucumbíos,cv,5.109945591978315
estimadores,2022,Orellana,valor,0.8947138493418995
estimadores,2022,Orellana,error,0.01494329601623618
estimadores,2022,Orellana,li,0.8654194119850056
estimadores,2022,Orellana,ls,0.9240082866987933
estimadores,2022,Orellana,cv,1.670176004007048
estimadores,2022,Santo Domingo,valor,0.6156182015859236
estimadores,2022,Santo Domingo,error,0.01217601293484965
estimadores,2022,Santo Domingo,li,0.5917486718791486
estimadores,2022,Santo Domingo,ls,0.6394877312926986
estimadores,2022,Santo Domingo,cv,1.977851353888244
estimadores,2022,Santa Elena,valor,0.577243668667326
estimadores,2022,Santa Elena,error,0.007954025354717648
estimadores,2022,Santa Elena,li,0.5616508103557626
estimadores,2022,Santa Elena,ls,0.5928365269788894
estimadores,2022,Santa Elena,cv,1.377932021858462
estimadores,2023,Total,valor,0.6471453657127236
estimadores,2023,Total,error,0.003397558975103371
estimadores,2023,Total,li,0.6404848650829165
estimadores,2023,Total,ls,0.6538058663425308
estimadores,2023,Total,cv,0.5250070780251236
estimadores,2023,Urbano,valor,0.6157684882107198
estimadores,2023,Urbano,error,0.00260285849596066
estimadores,2023,Urbano,li,0.6106659010948869
estimadores,2023,Urbano,ls,0.6208710753265527
estimadores,2023,Urbano,cv,0.4227008276314954
estimadores,2023,Rural,valor,0.717575022923344
estimadores,2023,Rural,error,0.007898874494682871
estimadores,2023,Rural,li,0.702090241369257
estimadores,2023,Rural,ls,0.7330598044774309
estimadores,2023,Rural,cv,1.100773332731605
estimadores,2023,Quito,valor,0.6348815119903987
estimadores,2023,Quito,error,0.004751635176429323
estimadores,2023,Quito,li,0.6255638993646578
estimadores,2023,Quito,ls,0.6441991246161395
estimadores,2023,Quito,cv,0.7484286574250066
estimadores,2023,Guayaquil,valor,0.6063629514065944
estimadores,2023,Guayaquil,error,0.004726335337275852
estimadores,2023,Guayaquil,li,0.5970949499340613
estimadores,2023,Guayaquil,ls,0.6156309528791274
estimadores,2023,Guayaquil,cv,0.7794564833342904
estimadores,2023,Cuenca,valor,0.6630279378403531
estimadores,2023,Cuenca,error,0.006214556060974438
estimadores,2023,Cuenca,li,0.650841643256049
estimadores,2023,Cuenca,ls,0.6752142324246572
estimadores,2023,Cuenca,cv,0.937299275987795
estimadores,2023,Machala,valor,0.647421743250143
estimadores,2023,Machala,error,0.005026906818381642
estimadores,2023,Machala,li,0.6375643428605422
estimadores,2023,Machala,ls,0.6572791436397438
estimadores,2023,Machala,cv,0.7764501070269749
estimadores,2023,Ambato,valor,0.721712665188809
estimadores,2023,Ambato,error,0.006230620076473591
estimadores,2023,Ambato,li,0.7094948702329323
estimadores,2023,Ambato,ls,0.7339304601446858
estimadores,2023,Ambato,cv,0.8633103417748091
estimadores,2023,Azuay,valor,0.7174807041845208
estimadores,2023,Azuay,error,0.009996151643085788
estimadores,2023,Azuay,li,0.6978844661788522
estimadores,2023,Azuay,ls,0.7370769421901894
estimadores,2023,Azuay,cv,1.393229334919506
estimadores,2023,Bolívar,valor,0.627807753250929
estimadores,2023,Bolívar,error,0.01895673732308209
estimadores,2023,Bolívar,li,0.5906453782032269
estimadores,2023,Bolívar,ls,0.664970128298631
estimadores,2023,Bolívar,cv,3.019513095357594
estimadores,2023,Cañar,valor,0.7508355746429545
estimadores,2023,Cañar,error,0.03943126276812493
estimadores,2023,Cañar,li,0.6735353857644971
estimadores,2023,Cañar,ls,0.8281357635214118
estimadores,2023,Cañar,cv,5.251650840715122
estimadores,2023,Carchi,valor,0.6631755248209426
estimadores,2023,Carchi,error,0.01663024729827086
estimadores,2023,Carchi,li,0.6305739501564109
estimadores,2023,Carchi,ls,0.6957770994854742
estimadores,2023,Carchi,cv,2.50766903720716
estimadores,2023,Cotopaxi,valor,0.8989306578562799
estimadores,2023,Cotopaxi,error,0.0191491642000566
estimadores,2023,Cotopaxi,li,0.86139105334923
estimadores,2023,Cotopaxi,ls,0.9364702623633298
estimadores,2023,Cotopaxi,cv,2.130215944099901
estimadores,2023,Chimborazo,valor,0.8474768582868399
estimadores,2023,Chimborazo,error,0.01578193988360144
estimadores,2023,Chimborazo,li,0.8165382870053486
estimadores,2023,Chimborazo,ls,0.8784154295683313
estimadores,2023,Chimborazo,cv,1.862226647168203
estimadores,2023,El Oro,valor,0.6519524371569291
estimadores,2023,El Oro,error,0.00660752074880998
estimadores,2023,El Oro,li,0.6389991973658306
estimadores,2023,El Oro,ls,0.6649056769480276
estimadores,2023,El Oro,cv,1.013497361498398
estimadores,2023,Esmeraldas,valor,0.5719991703961578
estimadores,2023,Esmeraldas,error,0.007035190920016843
estimadores,2023,Esmeraldas,li,0.5582075353143384
estimadores,2023,Esmeraldas,ls,0.5857908054779771
estimadores,2023,Esmeraldas,cv,1.229930266357621
estimadores,2023,Guayas,valor,0.5871372550588058
estimadores,2023,Guayas,error,0.004992504487540369
estimadores,2023,Guayas,li,0.5773500579778291
estimadores,2023,Guayas,ls,0.5969244521397824
estimadores,2023,Guayas,cv,0.8503130136138842
estimadores,2023,Imbabura,valor,0.6421752885903367
estimadores,2023,Imbabura,error,0.008238382911726254
estimadores,2023,Imbabura,li,0.6260249421285873
estimadores,2023,Imbabura,ls,0.6583256350520861
estimadores,2023,Imbabura,cv,1.282886940388292
estimadores,2023,Loja,valor,0.7101202283943189
estimadores,2023,Loja,error,0.01083049386996236
estimadores,2023,Loja,li,0.6888883640556542
estimadores,2023,Loja,ls,0.7313520927329835
estimadores,2023,Loja,cv,1.525163407110881
estimadores,2023,Los Ríos,valor,0.5714830836072151
estimadores,2023,Los Ríos,error,0.01208793018266986
estimadores,2023,Los Ríos,li,0.5477861685029561
estimadores,2023,Los Ríos,ls,0.5951799987114741
estimadores,2023,Los Ríos,cv,2.115186001022209
estimadores,2023,Manabí,valor,0.5636671809448852
estimadores,2023,Manabí,error,0.007926313864448213
estimadores,2023,Manabí,li,0.5481286078478279
estimadores,2023,Manabí,ls,0.5792057540419425
estimadores,2023,Manabí,cv,1.406204606619316
estimadores,2023,Morona Santiago,valor,0.8490236962216454
estimadores,2023,Morona Santiago,error,0.01756999562000361
estimadores,2023,Morona Santiago,li,0.8145798594110767
estimadores,2023,Morona Santiago,ls,0.8834675330322141
estimadores,2023,Morona Santiago,cv,2.069435246412345
estimadores,2023,Napo,valor,0.9201588082272636
estimadores,2023,Napo,error,0.0128612542360301
estimadores,2023,Napo,li,0.8949458854886428
estimadores,2023,Napo,ls,0.9453717309658843
estimadores,2023,Napo,cv,1.397721145636589
estimadores,2023,Pastaza,valor,0.9133136825062413
estimadores,2023,Pastaza,error,0.02897913643967967
estimadores,2023,Pastaza,li,0.8565036144773612
estimadores,2023,Pastaza,ls,0.9701237505351215
estimadores,2023,Pastaza,cv,3.172966418301922
estimadores,2023,Pichincha,valor,0.6386603289543701
estimadores,2023,Pichincha,error,0.004169936893757527
estimadores,2023,Pichincha,li,0.630485675472076
estimadores,2023,Pichincha,ls,0.6468349824366642
estimadores,2023,Pichincha,cv,0.6529193539521466
estimadores,2023,Tungurahua,valor,0.81443414523233
estimadores,2023,Tungurahua,error,0.009690178203368616
estimadores,2023,Tungurahua,li,0.7954377308950287
estimadores,2023,Tungurahua,ls,0.8334305595696314
estimadores,2023,Tungurahua,cv,1.189805002662842
estimadores,2023,Zamora Chinchipe,valor,0.7347395066788037
estimadores,2023,Zamora Chinchipe,error,0.01642895355399477
estimadores,2023,Zamora Chinchipe,li,0.7025325438871937
estimadores,2023,Zamora Chinchipe,ls,0.7669464694704138
estimadores,2023,Zamora Chinchipe,cv,2.236024251405444
estimadores,2023,Galápagos,valor,0.6998220927487085
estimadores,2023,Galápagos,error,0.01076507380409843
estimadores,2023,Galápagos,li,0.6787184764825812
estimadores,2023,Galápagos,ls,0.7209257090148359
estimadores,2023,Galápagos,cv,1.538258639680291
estimadores,2023,Sucumbíos,valor,0.7465599520172906
estimadores,2023,Sucumbíos,error,0.05596556211412987
estimadores,2023,Sucumbíos,li,0.6368462827505684
estimadores,2023,Sucumbíos,ls,0.8562736212840129
estimadores,2023,Sucumbíos,cv,7.49645918762512
estimadores,2023,Orellana,valor,0.9122489725297546
estimadores,2023,Orellana,error,0.01137835999519451
estimadores,2023,Orellana,li,0.8899430833694759
estimadores,2023,Orellana,ls,0.9345548616900332
estimadores,2023,Orellana,cv,1.247286687935774
estimadores,2023,Santo Domingo,valor,0.6177793196161155
estimadores,2023,Santo Domingo,error,0.01414258337339748
estimadores,2023,Santo Domingo,li,0.5900545071387255
estimadores,2023,Santo Domingo,ls,0.6455041320935055
estimadores,2023,Santo Domingo,cv,2.289261379319981
estimadores,2023,Santa Elena,valor,0.5350433588036494
estimadores,2023,Santa Elena,error,0.008346509294382532
estimadores,2023,Santa Elena,li,0.5186810437358925
estimadores,2023,Santa Elena,ls,0.5514056738714063
estimadores,2023,Santa Elena,cv,1.559968768334071
estimadores,2024,Total,valor,0.642575938713095
estimadores,2024,Total,error,0.00451592160113863
estimadores,2024,Total,li,0.633722673240088
estimadores,2024,Total,ls,0.651429204186103
estimadores,2024,Total,cv,0.702784111428572
estimadores,2024,Urbano,valor,0.609892307141401
estimadores,2024,Urbano,error,0.00309412436905689
estimadores,2024,Urbano,li,0.603826412543307
estimadores,2024,Urbano,ls,0.615958201739495
estimadores,2024,Urbano,cv,0.507323068815087
estimadores,2024,Rural,valor,0.716065710193133
estimadores,2024,Rural,error,0.0104871323947136
estimadores,2024,Rural,li,0.695506148858507
estimadores,2024,Rural,ls,0.736625271527759
estimadores,2024,Rural,cv,1.46454888782275
estimadores,2024,Quito,valor,0.64418923270546
estimadores,2024,Quito,error,0.0055005238973457
estimadores,2024,Quito,li,0.633405697780597
estimadores,2024,Quito,ls,0.654972767630323
estimadores,2024,Quito,cv,0.853867717447658
estimadores,2024,Guayaquil,valor,0.59018861445947
estimadores,2024,Guayaquil,error,0.00521201155195328
estimadores,2024,Guayaquil,li,0.57997069528519
estimadores,2024,Guayaquil,ls,0.600406533633751
estimadores,2024,Guayaquil,cv,0.883109471152159
estimadores,2024,Cuenca,valor,0.651549015784253
estimadores,2024,Cuenca,error,0.00761151526000902
estimadores,2024,Cuenca,li,0.636626975235162
estimadores,2024,Cuenca,ls,0.666471056333343
estimadores,2024,Cuenca,cv,1.16821836509832
estimadores,2024,Machala,valor,0.631766301559462
estimadores,2024,Machala,error,0.00588106393033441
estimadores,2024,Machala,li,0.62023673465426
estimadores,2024,Machala,ls,0.643295868464665
estimadores,2024,Machala,cv,0.930892311890884
estimadores,2024,Ambato,valor,0.720178327690614
estimadores,2024,Ambato,error,0.00660811542001195
estimadores,2024,Ambato,li,0.707223408350365
estimadores,2024,Ambato,ls,0.733133247030862
estimadores,2024,Ambato,cv,0.917566547885731
estimadores,2024,Azuay,valor,0.714675628873389
estimadores,2024,Azuay,error,0.0145485483615721
estimadores,2024,Azuay,li,0.686153840350885
estimadores,2024,Azuay,ls,0.743197417395892
estimadores,2024,Azuay,cv,2.03568552974254
estimadores,2024,Bolívar,valor,0.612317241890194
estimadores,2024,Bolívar,error,0.0135913028469138
estimadores,2024,Bolívar,li,0.585672091053779
estimadores,2024,Bolívar,ls,0.63896239272661
estimadores,2024,Bolívar,cv,2.21965052053051
estimadores,2024,Cañar,valor,0.801122732080659
estimadores,2024,Cañar,error,0.0623191350666157
estimadores,2024,Cañar,li,0.678948811556035
estimadores,2024,Cañar,ls,0.923296652605283
estimadores,2024,Cañar,cv,7.77897475269012
estimadores,2024,Carchi,valor,0.680719006044452
estimadores,2024,Carchi,error,0.00910318975919917
estimadores,2024,Carchi,li,0.662872603314823
estimadores,2024,Carchi,ls,0.698565408774081
estimadores,2024,Carchi,cv,1.33729037655292
estimadores,2024,Cotopaxi,valor,0.890020109630563
estimadores,2024,Cotopaxi,error,0.017737750411169
estimadores,2024,Cotopaxi,li,0.855246030903326
estimadores,2024,Cotopaxi,ls,0.924794188357799
estimadores,2024,Cotopaxi,cv,1.99296063305039
estimadores,2024,Chimborazo,valor,0.853388658510768
estimadores,2024,Chimborazo,error,0.0176931643085229
estimadores,2024,Chimborazo,li,0.818701988874742
estimadores,2024,Chimborazo,ls,0.888075328146794
estimadores,2024,Chimborazo,cv,2.07328327275862
estimadores,2024,El Oro,valor,0.654653543819659
estimadores,2024,El Oro,error,0.00528966837538909
estimadores,2024,El Oro,li,0.64428338186209
estimadores,2024,El Oro,ls,0.665023705777228
estimadores,2024,El Oro,cv,0.808010347660512
estimadores,2024,Esmeraldas,valor,0.599498322923276
estimadores,2024,Esmeraldas,error,0.0120683336004746
estimadores,2024,Esmeraldas,li,0.575838886241542
estimadores,2024,Esmeraldas,ls,0.62315775960501
estimadores,2024,Esmeraldas,cv,2.01307212030668
estimadores,2024,Guayas,valor,0.571215414663516
estimadores,2024,Guayas,error,0.00551192892246889
estimadores,2024,Guayas,li,0.560409520689036
estimadores,2024,Guayas,ls,0.582021308637995
estimadores,2024,Guayas,cv,0.964947510339124
estimadores,2024,Imbabura,valor,0.635129894133447
estimadores,2024,Imbabura,error,0.00688950006040632
estimadores,2024,Imbabura,li,0.621623332594448
estimadores,2024,Imbabura,ls,0.648636455672447
estimadores,2024,Imbabura,cv,1.08473874778106
estimadores,2024,Loja,valor,0.708761205758154
estimadores,2024,Loja,error,0.0146585015382117
estimadores,2024,Loja,li,0.680023858873843
estimadores,2024,Loja,ls,0.737498552642465
estimadores,2024,Loja,cv,2.06818621266547
estimadores,2024,Los Ríos,valor,0.553346868416931
estimadores,2024,Los Ríos,error,0.0114105311210284
estimadores,2024,Los Ríos,li,0.530977024534565
estimadores,2024,Los Ríos,ls,0.575716712299298
estimadores,2024,Los Ríos,cv,2.06209373763563
estimadores,2024,Manabí,valor,0.542757312521541
estimadores,2024,Manabí,error,0.0113101534872596
estimadores,2024,Manabí,li,0.520584254570774
estimadores,2024,Manabí,ls,0.564930370472308
estimadores,2024,Manabí,cv,2.0838325392089
estimadores,2024,Morona Santiago,valor,0.845422522007582
estimadores,2024,Morona Santiago,error,0.0147569607653925
estimadores,2024,Morona Santiago,li,0.816492150143325
estimadores,2024,Morona Santiago,ls,0.874352893871839
estimadores,2024,Morona Santiago,cv,1.74551308739089
estimadores,2024,Napo,valor,0.899213329756095
estimadores,2024,Napo,error,0.00947514097116748
estimadores,2024,Napo,li,0.880637733051591
estimadores,2024,Napo,ls,0.9177889264606
estimadores,2024,Napo,cv,1.05371446992868
estimadores,2024,Pastaza,valor,0.879634645620934
estimadores,2024,Pastaza,error,0.013171634285641
estimadores,2024,Pastaza,li,0.853812236521816
estimadores,2024,Pastaza,ls,0.905457054720051
estimadores,2024,Pastaza,cv,1.49739830635515
estimadores,2024,Pichincha,valor,0.65423651651982
estimadores,2024,Pichincha,error,0.00443013903263507
estimadores,2024,Pichincha,li,0.645551423995548
estimadores,2024,Pichincha,ls,0.662921609044093
estimadores,2024,Pichincha,cv,0.677146402068931
estimadores,2024,Tungurahua,valor,0.827548665719429
estimadores,2024,Tungurahua,error,0.00948913335283657
estimadores,2024,Tungurahua,li,0.808945637566716
estimadores,2024,Tungurahua,ls,0.846151693872143
estimadores,2024,Tungurahua,cv,1.14665562835355
estimadores,2024,Zamora Chinchipe,valor,0.770824628428814
estimadores,2024,Zamora Chinchipe,error,0.0158395107138075
estimadores,2024,Zamora Chinchipe,li,0.739771965052966
estimadores,2024,Zamora Chinchipe,ls,0.801877291804662
estimadores,2024,Zamora Chinchipe,cv,2.05487864938792
estimadores,2024,Galápagos,valor,0.679924952020426
estimadores,2024,Galápagos,error,0.0128238247268949
estimadores,2024,Galápagos,li,0.654784408247946
estimadores,2024,Galápagos,ls,0.705065495792907
estimadores,2024,Galápagos,cv,1.88606473240735
estimadores,2024,Sucumbíos,valor,0.666117573315808
estimadores,2024,Sucumbíos,error,0.0181898678366156
estimadores,2024,Sucumbíos,li,0.630457138281712
estimadores,2024,Sucumbíos,ls,0.701778008349903
estimadores,2024,Sucumbíos,cv,2.73072931345587
estimadores,2024,Orellana,valor,0.936602795913956
estimadores,2024,Orellana,error,0.0110626656258219
estimadores,2024,Orellana,li,0.914914927019195
estimadores,2024,Orellana,ls,0.958290664808716
estimadores,2024,Orellana,cv,1.18114804633129
estimadores,2024,Santo Domingo,valor,0.579046010455342
estimadores,2024,Santo Domingo,error,0.0126858821208486
estimadores,2024,Santo Domingo,li,0.554175897088708
estimadores,2024,Santo Domingo,ls,0.603916123821976
estimadores,2024,Santo Domingo,cv,2.19082454447322
estimadores,2024,Santa Elena,valor,0.523559877090263
estimadores,2024,Santa Elena,error,0.00862737026220126
estimadores,2024,Santa Elena,li,0.50664629753522
estimadores,2024,Santa Elena,ls,0.540473456645306
estimadores,2024,Santa Elena,cv,1.64782876605227
estimadores,2025,Total,valor,0.643
estimadores,2025,Total,error,0.005
estimadores,2025,Total,li,0.634
estimadores,2025,Total,ls,0.652
estimadores,2025,Total,cv,0.7
estimadores,2025,Urbano,valor,0.612
estimadores,2025,Urbano,error,0.005
estimadores,2025,Urbano,li,0.603
estimadores,2025,Urbano,ls,0.621
estimadores,2025,Urbano,cv,0.8
estimadores,2025,Rural,valor,0.71
estimadores,2025,Rural,error,0.006999999999999999
estimadores,2025,Rural,li,0.695
estimadores,2025,Rural,ls,0.7240000000000001
estimadores,2025,Rural,cv,1.0
estimadores,2025,Quito,valor,0.635
estimadores,2025,Quito,error,0.006
estimadores,2025,Quito,li,0.623
estimadores,2025,Quito,ls,0.647
estimadores,2025,Quito,cv,1.0
estimadores,2025,Guayaquil,valor,0.584
estimadores,2025,Guayaquil,error,0.005
estimadores,2025,Guayaquil,li,0.574
estimadores,2025,Guayaquil,ls,0.594
estimadores,2025,Guayaquil,cv,0.9
estimadores,2025,Cuenca,valor,0.644
estimadores,2025,Cuenca,error,0.008
estimadores,2025,Cuenca,li,0.628
estimadores,2025,Cuenca,ls,0.66
estimadores,2025,Cuenca,cv,1.3
estimadores,2025,Machala,valor,0.633
estimadores,2025,Machala,error,0.005
estimadores,2025,Machala,li,0.624
estimadores,2025,Machala,ls,0.643
estimadores,2025,Machala,cv,0.8
estimadores,2025,Ambato,valor,0.698
estimadores,2025,Ambato,error,0.006
estimadores,2025,Ambato,li,0.6859999999999999
estimadores,2025,Ambato,ls,0.711
estimadores,2025,Ambato,cv,0.9
estimadores,2025,Azuay,valor,0.693
estimadores,2025,Azuay,error,0.01
estimadores,2025,Azuay,li,0.6729999999999999
estimadores,2025,Azuay,ls,0.713
estimadores,2025,Azuay,cv,1.5
estimadores,2025,Bolívar,valor,0.584
estimadores,2025,Bolívar,error,0.013999999999999999
estimadores,2025,Bolívar,li,0.557
estimadores,2025,Bolívar,ls,0.612
estimadores,2025,Bolívar,cv,2.4
estimadores,2025,Cañar,valor,0.7170000000000001
estimadores,2025,Cañar,error,0.011000000000000001
estimadores,2025,Cañar,li,0.695
estimadores,2025,Cañar,ls,0.74
estimadores,2025,Cañar,cv,1.6
estimadores,2025,Carchi,valor,0.649
estimadores,2025,Carchi,error,0.038
estimadores,2025,Carchi,li,0.5760000000000001
estimadores,2025,Carchi,ls,0.723
estimadores,2025,Carchi,cv,5.8
estimadores,2025,Cotopaxi,valor,0.8540000000000001
estimadores,2025,Cotopaxi,error,0.012
estimadores,2025,Cotopaxi,li,0.83
estimadores,2025,Cotopaxi,ls,0.878
estimadores,2025,Cotopaxi,cv,1.5
estimadores,2025,Chimborazo,valor,0.84
estimadores,2025,Chimborazo,error,0.018000000000000002
estimadores,2025,Chimborazo,li,0.805
estimadores,2025,Chimborazo,ls,0.8740000000000001
estimadores,2025,Chimborazo,cv,2.1
estimadores,2025,El Oro,valor,0.6509999999999999
estimadores,2025,El Oro,error,0.006999999999999999
estimadores,2025,El Oro,li,0.636
estimadores,2025,El Oro,ls,0.665
estimadores,2025,El Oro,cv,1.1
estimadores,2025,Esmeraldas,valor,0.583
estimadores,2025,Esmeraldas,error,0.006999999999999999
estimadores,2025,Esmeraldas,li,0.57
estimadores,2025,Esmeraldas,ls,0.596
estimadores,2025,Esmeraldas,cv,1.2
estimadores,2025,Guayas,valor,0.575
estimadores,2025,Guayas,error,0.009000000000000001
estimadores,2025,Guayas,li,0.557
estimadores,2025,Guayas,ls,0.5920000000000001
estimadores,2025,Guayas,cv,1.5
estimadores,2025,Imbabura,valor,0.638
estimadores,2025,Imbabura,error,0.008
estimadores,2025,Imbabura,li,0.623
estimadores,2025,Imbabura,ls,0.653
estimadores,2025,Imbabura,cv,1.2
estimadores,2025,Loja,valor,0.677
estimadores,2025,Loja,error,0.013000000000000001
estimadores,2025,Loja,li,0.653
estimadores,2025,Loja,ls,0.7020000000000001
estimadores,2025,Loja,cv,1.9
estimadores,2025,Los Ríos,valor,0.586
estimadores,2025,Los Ríos,error,0.013999999999999999
estimadores,2025,Los Ríos,li,0.56
estimadores,2025,Los Ríos,ls,0.613
estimadores,2025,Los Ríos,cv,2.3
estimadores,2025,Manabí,valor,0.573
estimadores,2025,Manabí,error,0.01
estimadores,2025,Manabí,li,0.5539999999999999
estimadores,2025,Manabí,ls,0.5920000000000001
estimadores,2025,Manabí,cv,1.7
estimadores,2025,Morona Santiago,valor,0.894
estimadores,2025,Morona Santiago,error,0.05
estimadores,2025,Morona Santiago,li,0.795
estimadores,2025,Morona Santiago,ls,0.992
estimadores,2025,Morona Santiago,cv,5.6
estimadores,2025,Napo,valor,0.905
estimadores,2025,Napo,error,0.011000000000000001
estimadores,2025,Napo,li,0.883
estimadores,2025,Napo,ls,0.927
estimadores,2025,Napo,cv,1.2
estimadores,2025,Pastaza,valor,0.861
estimadores,2025,Pastaza,error,0.01
estimadores,2025,Pastaza,li,0.8420000000000001
estimadores,2025,Pastaza,ls,0.88
estimadores,2025,Pastaza,cv,1.1
estimadores,2025,Pichincha,valor,0.653
estimadores,2025,Pichincha,error,0.006999999999999999
estimadores,2025,Pichincha,li,0.638
estimadores,2025,Pichincha,ls,0.667
estimadores,2025,Pichincha,cv,1.1
estimadores,2025,Tungurahua,valor,0.804
estimadores,2025,Tungurahua,error,0.006999999999999999
estimadores,2025,Tungurahua,li,0.79
estimadores,2025,Tungurahua,ls,0.8170000000000001
estimadores,2025,Tungurahua,cv,0.8
estimadores,2025,Zamora Chinchipe,valor,0.768
estimadores,2025,Zamora Chinchipe,error,0.023
estimadores,2025,Zamora Chinchipe,li,0.7240000000000001
estimadores,2025,Zamora Chinchipe,ls,0.812
estimadores,2025,Zamora Chinchipe,cv,3.0
estimadores,2025,Galápagos,valor,0.6409999999999999
estimadores,2025,Galápagos,error,0.016
estimadores,2025,Galápagos,li,0.609
estimadores,2025,Galápagos,ls,0.672
estimadores,2025,Galápagos,cv,2.5
estimadores,2025,Sucumbíos,valor,0.6509999999999999
estimadores,2025,Sucumbíos,error,0.015
estimadores,2025,Sucumbíos,li,0.621
estimadores,2025,Sucumbíos,ls,0.68
estimadores,2025,Sucumbíos,cv,2.3
estimadores,2025,Orellana,valor,0.91
estimadores,2025,Orellana,error,0.024
estimadores,2025,Orellana,li,0.8640000000000001
estimadores,2025,Orellana,ls,0.9570000000000001
estimadores,2025,Orellana,cv,2.6
estimadores,2025,Santo Domingo,valor,0.5920000000000001
estimadores,2025,Santo Domingo,error,0.012
estimadores,2025,Santo Domingo,li,0.568
estimadores,2025,Santo Domingo,ls,0.616
estimadores,2025,Santo Domingo,cv,2.1
estimadores,2025,Santa Elena,valor,0.525
estimadores,2025,Santa Elena,error,0.013000000000000001
estimadores,2025,Santa Elena,li,0.499
estimadores,2025,Santa Elena,ls,0.551
estimadores,2025,Santa Elena,cv,2.5
