seccion,anio,desagregacion,categoria,valor
territorio,2018,,Total,0.4756524183998229
territorio,2018,,Urbano,0.4613838347080642
territorio,2018,,Rural,0.5060862974598631
territorio,2018,,Quito,0.463920652579647
territorio,2018,,Guayaquil,0.4672940508762153
territorio,2018,,Cuenca,0.4681282479901382
territorio,2018,,Machala,0.4566381001637648
territorio,2018,,Ambato,0.5046532614948487
territorio,2018,,Azuay,0.5118446352252789
territorio,2018,,Bolívar,0.5202551085625837
territorio,2018,,Cañar,0.5210086614426962
territorio,2018,,Carchi,0.4587650678849022
territorio,2018,,Cotopaxi,0.587583528923568
territorio,2018,,Chimborazo,0.5593532497073309
territorio,2018,,El Oro,0.4673094279620887
territorio,2018,,Esmeraldas,0.3994630753883471
territorio,2018,,Guayas,0.4596265345154214
territorio,2018,,Imbabura,0.4649191367706902
territorio,2018,,Loja,0.51358859482909
territorio,2018,,Los Ríos,0.4627385272839085
territorio,2018,,Manabí,0.4561985713135144
territorio,2018,,Morona Santiago,0.4572047913270609
territorio,2018,,Napo,0.5051858135302388
territorio,2018,,Pastaza,0.4731072817895692
territorio,2018,,Pichincha,0.469506587943708
territorio,2018,,Tungurahua,0.5757619499659868
territorio,2018,,Zamora Chinchipe,0.475475830081857
territorio,2018,,Galápagos,0.5562069315421025
territorio,2018,,Sucumbíos,0.4146487846997539
territorio,2018,,Orellana,0.4751997430955477
territorio,2018,,Santo Domingo,0.4545419420823988
territorio,2018,,Santa Elena,0.4095928689551912
territorio,2018,,Sierra,0.5009806822174679
territorio,2018,,Costa,0.4533988999752593
territorio,2018,,Amazonia,0.4609436700772322
territorio,2018,,Insular,0.5562069315421027
territorio,2018,,Zona 1,0.4300145609428593
territorio,2018,,Zona 2,0.4885811164950581
territorio,2018,,Zona 3,0.5676333400046116
territorio,2018,,Zona 4,0.4557938904251214
territorio,2018,,Zona 5,0.4533893826592814
territorio,2018,,Zona 6,0.5059837168516231
territorio,2018,,Zona 7,0.4865709324838888
territorio,2018,,Zona 8,0.4660412180154097
territorio,2018,,Zona 9,0.4666703217899403
territorio,2019,,Total,0.4783011064566152
territorio,2019,,Urbano,0.4613903229159406
territorio,2019,,Rural,0.5143208204498074
territorio,2019,,Quito,0.4717404099504457
territorio,2019,,Guayaquil,0.4568253239224149
territorio,2019,,Cuenca,0.457343347534834
territorio,2019,,Machala,0.4437954013859368
territorio,2019,,Ambato,0.5102412601598452
territorio,2019,,Azuay,0.5099585131183845
territorio,2019,,Bolívar,0.5185984013953702
territorio,2019,,Cañar,0.5190954764278564
territorio,2019,,Carchi,0.5049632467333753
territorio,2019,,Cotopaxi,0.5922637437292899
territorio,2019,,Chimborazo,0.5671015713248357
territorio,2019,,El Oro,0.4717482737636525
territorio,2019,,Esmeraldas,0.4056139284628845
territorio,2019,,Guayas,0.4525057178580004
territorio,2019,,Imbabura,0.4624049074988176
territorio,2019,,Loja,0.5366284587113572
territorio,2019,,Los Ríos,0.4540410075325833
territorio,2019,,Manabí,0.4686862662593252
territorio,2019,,Morona Santiago,0.482689416748722
territorio,2019,,Napo,0.4927045769316582
territorio,2019,,Pastaza,0.4690427108973451
territorio,2019,,Pichincha,0.4796321084675603
territorio,2019,,Tungurahua,0.5766037306600235
territorio,2019,,Zamora Chinchipe,0.4695152583671311
territorio,2019,,Galápagos,0.5491051634314402
territorio,2019,,Sucumbíos,0.4317012917989789
territorio,2019,,Orellana,0.4538087170690918
territorio,2019,,Santo Domingo,0.4512443646169263
territorio,2019,,Santa Elena,0.4129916468459754
territorio,2019,,Sierra,0.50794719245069
territorio,2019,,Costa,0.4520552232573226
territorio,2019,,Amazonia,0.46366377844493
territorio,2019,,Insular,0.54910516343144
territorio,2019,,Zona 1,0.4399104508507445
territorio,2019,,Zona 2,0.4757970133831793
territorio,2019,,Zona 3,0.5714227216134269
territorio,2019,,Zona 4,0.4644256288102563
territorio,2019,,Zona 5,0.4485882739084261
territorio,2019,,Zona 6,0.5080512232177209
territorio,2019,,Zona 7,0.497554827207642
territorio,2019,,Zona 8,0.4579975099322037
territorio,2019,,Zona 9,0.479783876806834
territorio,2021,,Total,0.4693734984247986
territorio,2021,,Urbano,0.4499153427530173
territorio,2021,,Rural,0.5110538662193207
territorio,2021,,Quito,0.472657742158028
territorio,2021,,Guayaquil,0.4454789967514694
territorio,2021,,Cuenca,0.4826586363301178
territorio,2021,,Machala,0.456307318650583
territorio,2021,,Ambato,0.51441233696617
territorio,2021,,Azuay,0.505534259117022
territorio,2021,,Bolívar,0.5058275077112967
territorio,2021,,Cañar,0.5275578450427825
territorio,2021,,Carchi,0.4699344497711885
territorio,2021,,Cotopaxi,0.5850849761659559
territorio,2021,,Chimborazo,0.5692931301567158
territorio,2021,,El Oro,0.4745816833432932
territorio,2021,,Esmeraldas,0.3792792336543991
territorio,2021,,Guayas,0.4359507545439804
territorio,2021,,Imbabura,0.4593150569310309
territorio,2021,,Loja,0.5232485666095356
territorio,2021,,Los Ríos,0.4368118773075323
territorio,2021,,Manabí,0.4423471284259277
territorio,2021,,Morona Santiago,0.4520606997963527
territorio,2021,,Napo,0.5208456138577304
territorio,2021,,Pastaza,0.5164499145164952
territorio,2021,,Pichincha,0.4761008796869769
territorio,2021,,Tungurahua,0.596673040934502
territorio,2021,,Zamora Chinchipe,0.5083674523955245
territorio,2021,,Galápagos,0.5139321011260033
territorio,2021,,Sucumbíos,0.4349899387659874
territorio,2021,,Orellana,0.4887170475738437
territorio,2021,,Santo Domingo,0.4582267949220127
territorio,2021,,Santa Elena,0.3934082812035952
territorio,2021,,Sierra,0.5056548512582757
territorio,2021,,Costa,0.4342601590509834
territorio,2021,,Amazonia,0.478512899977976
territorio,2021,,Insular,0.5139321011260027
territorio,2021,,Zona 1,0.4245267712157494
territorio,2021,,Zona 2,0.4862599904668522
territorio,2021,,Zona 3,0.5797396696658504
territorio,2021,,Zona 4,0.4461776806004484
territorio,2021,,Zona 5,0.4276948309983988
territorio,2021,,Zona 6,0.5028463015865989
territorio,2021,,Zona 7,0.4970411771940728
territorio,2021,,Zona 8,0.4444619646315419
territorio,2021,,Zona 9,0.4763228283093339
territorio,2022,,Total,0.4690503748765933
territorio,2022,,Urbano,0.4517821037081952
territorio,2022,,Rural,0.5060399935339317
territorio,2022,,Quito,0.4772774963441853
territorio,2022,,Guayaquil,0.4416999510515919
territorio,2022,,Cuenca,0.4871055582911143
territorio,2022,,Machala,0.4670860524803727
territorio,2022,,Ambato,0.533777000031315
territorio,2022,,Azuay,0.5211938292416515
territorio,2022,,Bolívar,0.501463988324115
territorio,2022,,Cañar,0.5202023022762502
territorio,2022,,Carchi,0.4675931540828623
territorio,2022,,Cotopaxi,0.6119081429659814
territorio,2022,,Chimborazo,0.5812487527236136
territorio,2022,,El Oro,0.4830010218006335
territorio,2022,,Esmeraldas,0.3757830404216405
territorio,2022,,Guayas,0.4339830526556273
territorio,2022,,Imbabura,0.4610990833847334
territorio,2022,,Loja,0.5280068066793304
territorio,2022,,Los Ríos,0.4402722334318608
territorio,2022,,Manabí,0.4258782552194125
territorio,2022,,Morona Santiago,0.4660762656545538
territorio,2022,,Napo,0.5219585788455932
territorio,2022,,Pastaza,0.5004823874372054
territorio,2022,,Pichincha,0.4793225002384186
territorio,2022,,Tungurahua,0.600178567598943
territorio,2022,,Zamora Chinchipe,0.4967076152710981
territorio,2022,,Galápagos,0.5146177445235697
territorio,2022,,Sucumbíos,0.3907640614537852
territorio,2022,,Orellana,0.5311421233489875
territorio,2022,,Santo Domingo,0.434323502081783
territorio,2022,,Santa Elena,0.3969673761709825
territorio,2022,,Sierra,0.5095611869903576
territorio,2022,,Costa,0.4311732515603192
territorio,2022,,Amazonia,0.4748128847233201
territorio,2022,,Insular,0.5146177445235696
territorio,2022,,Zona 1,0.4163247983728313
territorio,2022,,Zona 2,0.4987603941731645
territorio,2022,,Zona 3,0.5913157501763314
territorio,2022,,Zona 4,0.4279015409532796
territorio,2022,,Zona 5,0.433572157672607
territorio,2022,,Zona 6,0.5129330527212073
territorio,2022,,Zona 7,0.5019986902779964
territorio,2022,,Zona 8,0.437263759151486
territorio,2022,,Zona 9,0.4793205783019409
territorio,2023,,Total,0.460689541045143
territorio,2023,,Urbano,0.44482238455755
territorio,2023,,Rural,0.4946779657476147
territorio,2023,,Quito,0.4819442025085841
territorio,2023,,Guayaquil,0.4308205135423053
territorio,2023,,Cuenca,0.4931799767417368
territorio,2023,,Machala,0.4704800004374378
territorio,2023,,Ambato,0.5457521812172438
territorio,2023,,Azuay,0.507003661059176
territorio,2023,,Bolívar,0.4677292450512769
territorio,2023,,Cañar,0.5047156765450241
territorio,2023,,Carchi,0.4615256422166512
territorio,2023,,Cotopaxi,0.5816819160888443
territorio,2023,,Chimborazo,0.6342014700029148
territorio,2023,,El Oro,0.4788309563835998
territorio,2023,,Esmeraldas,0.3789719128691423
territorio,2023,,Guayas,0.4146089756105749
territorio,2023,,Imbabura,0.4726558408323368
territorio,2023,,Loja,0.5285670886429525
territorio,2023,,Los Ríos,0.4106941618137401
territorio,2023,,Manabí,0.4158304883647226
territorio,2023,,Morona Santiago,0.4529345068106675
territorio,2023,,Napo,0.4851836213385011
territorio,2023,,Pastaza,0.4473694584803563
territorio,2023,,Pichincha,0.4842969047403651
territorio,2023,,Tungurahua,0.6113950919860026
territorio,2023,,Zamora Chinchipe,0.4801961314219356
territorio,2023,,Galápagos,0.5091623173316828
territorio,2023,,Sucumbíos,0.3923269510130287
territorio,2023,,Orellana,0.5191077084369226
territorio,2023,,Santo Domingo,0.4248841597128926
territorio,2023,,Santa Elena,0.3671576589776488
territorio,2023,,Sierra,0.5109837741195536
territorio,2023,,Costa,0.4149035722193147
territorio,2023,,Amazonia,0.4569481174315814
territorio,2023,,Insular,0.5091623173316837
territorio,2023,,Zona 1,0.4208018190271771
territorio,2023,,Zona 2,0.500226269161413
territorio,2023,,Zona 3,0.5991659509031899
territorio,2023,,Zona 4,0.4179997393887638
territorio,2023,,Zona 5,0.3992405912892109
territorio,2023,,Zona 6,0.498601742479865
territorio,2023,,Zona 7,0.4986198461861253
territorio,2023,,Zona 8,0.4279685081799188
territorio,2023,,Zona 9,0.4826098692859521
territorio,2024,,Total,0.456673204066209
territorio,2024,,Urbano,0.440075660636537
territorio,2024,,Rural,0.492226363771552
territorio,2024,,Quito,0.476489917878325
territorio,2024,,Guayaquil,0.411242116523976
territorio,2024,,Cuenca,0.478514648905757
territorio,2024,,Machala,0.448914524158876
territorio,2024,,Ambato,0.541985796478347
territorio,2024,,Azuay,0.489352925707599
territorio,2024,,Bolívar,0.430774155965453
territorio,2024,,Cañar,0.484839754951111
territorio,2024,,Carchi,0.469661125909149
territorio,2024,,Cotopaxi,0.58911350841236
territorio,2024,,Chimborazo,0.607024416481367
territorio,2024,,El Oro,0.465472906077917
territorio,2024,,Esmeraldas,0.392475237721246
territorio,2024,,Guayas,0.414066371581535
territorio,2024,,Imbabura,0.468020854049
territorio,2024,,Loja,0.531682248277838
territorio,2024,,Los Ríos,0.402883278906413
territorio,2024,,Manabí,0.397918103518131
territorio,2024,,Morona Santiago,0.454064819218593
territorio,2024,,Napo,0.576708494023973
territorio,2024,,Pastaza,0.539138464086233
territorio,2024,,Pichincha,0.484465249165785
territorio,2024,,Tungurahua,0.621803884309071
territorio,2024,,Zamora Chinchipe,0.493833183845602
territorio,2024,,Galápagos,0.499768645769529
territorio,2024,,Sucumbíos,0.411745328484162
territorio,2024,,Orellana,0.489739058533399
territorio,2024,,Santo Domingo,0.393259623062737
territorio,2024,,Santa Elena,0.353754814498778
territorio,2024,,Sierra,0.504852242106521
territorio,2024,,Costa,0.409771251369793
territorio,2024,,Amazonia,0.480961704517115
territorio,2024,,Insular,0.499768645769529
territorio,2024,,Zona 1,0.428571528121402
territorio,2024,,Zona 2,0.502107270870374
territorio,2024,,Zona 3,0.602383280141256
territorio,2024,,Zona 4,0.396802088742041
territorio,2024,,Zona 5,0.402529411629958
territorio,2024,,Zona 6,0.483184624191568
territorio,2024,,Zona 7,0.494137821019747
territorio,2024,,Zona 8,0.415989821912596
territorio,2024,,Zona 9,0.484780810525501
territorio,2025,,Total,0.45675173098221417
territorio,2025,,Urbano,0.43551378418536413
territorio,2025,,Rural,0.5022450721062669
territorio,2025,,Quito,0.4704605403528177
territorio,2025,,Guayaquil,0.40746345965837977
territorio,2025,,Cuenca,0.46553116499115904
territorio,2025,,Machala,0.4523829587077594
territorio,2025,,Ambato,0.5207757294791392
territorio,2025,,Azuay,0.5060677769549332
territorio,2025,,Bolívar,0.44178129046660053
territorio,2025,,Cañar,0.520383779139089
territorio,2025,,Carchi,0.4651482696272188
territorio,2025,,Cotopaxi,0.623792690193486
territorio,2025,,Chimborazo,0.6058142594887631
territorio,2025,,El Oro,0.46578352752951274
territorio,2025,,Esmeraldas,0.3914091919897357
territorio,2025,,Guayas,0.39894378158771665
territorio,2025,,Imbabura,0.4653625811470481
territorio,2025,,Loja,0.4920428459081215
territorio,2025,,Los Ríos,0.41725255977885045
territorio,2025,,Manabí,0.4185497520435524
territorio,2025,,Morona Santiago,0.4144978636345099
territorio,2025,,Napo,0.5544484326993905
territorio,2025,,Pastaza,0.562331303387369
territorio,2025,,Pichincha,0.4844646473198232
territorio,2025,,Tungurahua,0.5895575940343369
territorio,2025,,Zamora Chinchipe,0.4890622086630298
territorio,2025,,Galápagos,0.48048516559246085
territorio,2025,,Sucumbíos,0.43161692676199354
territorio,2025,,Orellana,0.5519124067275103
territorio,2025,,Santo Domingo,0.410595248046259
territorio,2025,,Santa Elena,0.364353501643493
territorio,2025,,Sierra,0.5061803994473189
territorio,2025,,Costa,0.4079255874777096
territorio,2025,,Amazonia,0.48840777055853485
territorio,2025,,Insular,0.48048516559246085
territorio,2025,,Zona 1,0.42983754269276925
territorio,2025,,Zona 2,0.5223347442469577
territorio,2025,,Zona 3,0.6027795547886866
territorio,2025,,Zona 4,0.41664411807144264
territorio,2025,,Zona 5,0.39201816996103916
territorio,2025,,Zona 6,0.49595879585278424
territorio,2025,,Zona 7,0.47820477947589674
territorio,2025,,Zona 8,0.4109740339503544
territorio,2025,,Zona 9,0.4807115024154722
caracteristicas,2018,Sexo,Hombre,0.5557850531343682
caracteristicas,2018,Sexo,Mujer,0.3988303437658116
caracteristicas,2018,Grupos de edad,15 a 17 años,0.2134765398686896
caracteristicas,2018,Grupos de edad,18 a 29 años,0.6509266695265274
caracteristicas,2018,Grupos de edad,30 a 44 años,0.8409860288421103
caracteristicas,2018,Grupos de edad,45 a 64 años,0.7821654516036837
caracteristicas,2018,Grupos de edad,65 años y más,0.4155478356358422
caracteristicas,2018,Etnia,Indígena,0.5812649866171974
caracteristicas,2018,Etnia,Afroecuatoriano,0.4863488730749355
caracteristicas,2018,Etnia,Montubio,0.5199711865287104
caracteristicas,2018,Etnia,Mestizo,0.5094312429354486
caracteristicas,2018,Etnia,Blanco,0.5636023351332398
caracteristicas,2018,Estado civil/conyugal,Casado,0.7406660024202016
caracteristicas,2018,Estado civil/conyugal,Unión libre,0.7316190254515775
caracteristicas,2018,Estado civil/conyugal,Soltero,0.4263402159486486
caracteristicas,2018,Estado civil/conyugal,Otro,0.6606754884994439
caracteristicas,2018,Nivel de instrucción,Ninguno,0.4899474273768797
caracteristicas,2018,Nivel de instrucción,Centro de alfabetización,0.7803403995184269
caracteristicas,2018,Nivel de instrucción,Básica,0.4022690330086062
caracteristicas,2018,Nivel de instrucción,Bachillerato,0.6392546424779093
caracteristicas,2018,Nivel de instrucción,Superior,0.7323755357952553
caracteristicas,2018,Quintiles de ingreso,Quintil 1,0.3868626822341875
caracteristicas,2018,Quintiles de ingreso,Quintil 2,0.4099235431678883
caracteristicas,2018,Quintiles de ingreso,Quintil 3,0.4645291562894118
caracteristicas,2018,Quintiles de ingreso,Quintil 4,0.5239654032105884
caracteristicas,2018,Quintiles de ingreso,Quintil 5,0.5932878512519927
caracteristicas,2019,Sexo,Hombre,0.5518803365154475
caracteristicas,2019,Sexo,Mujer,0.4077616783234841
caracteristicas,2019,Grupos de edad,15 a 17 años,0.2181980176792762
caracteristicas,2019,Grupos de edad,18 a 29 años,0.6523429176568156
caracteristicas,2019,Grupos de edad,30 a 44 años,0.8425524546263623
caracteristicas,2019,Grupos de edad,45 a 64 años,0.7890837100786158
caracteristicas,2019,Grupos de edad,65 años y más,0.4216600527349729
caracteristicas,2019,Etnia,Indígena,0.5770895182902368
caracteristicas,2019,Etnia,Afroecuatoriano,0.5096189117931115
caracteristicas,2019,Etnia,Montubio,0.5198344737095378
caracteristicas,2019,Etnia,Mestizo,0.511064024643711
caracteristicas,2019,Etnia,Blanco,0.5640390635226169
caracteristicas,2019,Estado civil/conyugal,Casado,0.7442671444797805
caracteristicas,2019,Estado civil/conyugal,Unión libre,0.7391484245934621
caracteristicas,2019,Estado civil/conyugal,Soltero,0.4307507432044474
caracteristicas,2019,Estado civil/conyugal,Otro,0.6550433048656381
caracteristicas,2019,Nivel de instrucción,Ninguno,0.4929557951064044
caracteristicas,2019,Nivel de instrucción,Centro de alfabetización,0.8147107757263498
caracteristicas,2019,Nivel de instrucción,Básica,0.402101436220586
caracteristicas,2019,Nivel de instrucción,Bachillerato,0.6443400654530824
caracteristicas,2019,Nivel de instrucción,Superior,0.7327531754743604
caracteristicas,2019,Quintiles de ingreso,Quintil 1,0.3981115110766101
caracteristicas,2019,Quintiles de ingreso,Quintil 2,0.4109463515729095
caracteristicas,2019,Quintiles de ingreso,Quintil 3,0.4657220740148723
caracteristicas,2019,Quintiles de ingreso,Quintil 4,0.5253338079998836
caracteristicas,2019,Quintiles de ingreso,Quintil 5,0.5914097484738084
caracteristicas,2021,Sexo,Hombre,0.5468995562899889
caracteristicas,2021,Sexo,Mujer,0.3950555854194001
caracteristicas,2021,Grupos de edad,15 a 17 años,0.2153433197688077
caracteristicas,2021,Grupos de edad,18 a 29 años,0.6438946182635595
caracteristicas,2021,Grupos de edad,30 a 44 años,0.8344090948185259
caracteristicas,2021,Grupos de edad,45 a 64 años,0.7694739699605142
caracteristicas,2021,Grupos de edad,65 años y más,0.3824512501606891
caracteristicas,2021,Etnia,Indígena,0.5738786570142304
caracteristicas,2021,Etnia,Afroecuatoriano,0.4812392684463507
caracteristicas,2021,Etnia,Montubio,0.5060438375057837
caracteristicas,2021,Etnia,Mestizo,0.504384373929373
caracteristicas,2021,Etnia,Blanco,0.5139465901398822
caracteristicas,2021,Estado civil/conyugal,Casado,0.7251081366885838
caracteristicas,2021,Estado civil/conyugal,Unión libre,0.7288877897454717
caracteristicas,2021,Estado civil/conyugal,Soltero,0.4294261987252992
caracteristicas,2021,Estado civil/conyugal,Otro,0.6325431174393956
caracteristicas,2021,Nivel de instrucción,Ninguno,0.397445360447807
caracteristicas,2021,Nivel de instrucción,Centro de alfabetización,0.7982943421075478
caracteristicas,2021,Nivel de instrucción,Básica,0.383625085332133
caracteristicas,2021,Nivel de instrucción,Bachillerato,0.644131568771491
caracteristicas,2021,Nivel de instrucción,Superior,0.7275586017284903
caracteristicas,2021,Quintiles de ingreso,Quintil 1,0.383070101747522
caracteristicas,2021,Quintiles de ingreso,Quintil 2,0.4023251066974349
caracteristicas,2021,Quintiles de ingreso,Quintil 3,0.4576781087544734
caracteristicas,2021,Quintiles de ingreso,Quintil 4,0.5223295900455903
caracteristicas,2021,Quintiles de ingreso,Quintil 5,0.5804641419691301
caracteristicas,2022,Sexo,Hombre,0.541751753848321
caracteristicas,2022,Sexo,Mujer,0.3993576751196201
caracteristicas,2022,Grupos de edad,15 a 17 años,0.1875386961106897
caracteristicas,2022,Grupos de edad,18 a 29 años,0.648598180895494
caracteristicas,2022,Grupos de edad,30 a 44 años,0.826745203891378
caracteristicas,2022,Grupos de edad,45 a 64 años,0.7745551027120167
caracteristicas,2022,Grupos de edad,65 años y más,0.3906106575065564
caracteristicas,2022,Etnia,Indígena,0.5915577321889968
caracteristicas,2022,Etnia,Afroecuatoriano,0.4821765883765658
caracteristicas,2022,Etnia,Montubio,0.5298392689882822
caracteristicas,2022,Etnia,Mestizo,0.5012919521355853
caracteristicas,2022,Etnia,Blanco,0.5358427242693354
caracteristicas,2022,Estado civil/conyugal,Casado,0.7252380131410516
caracteristicas,2022,Estado civil/conyugal,Unión libre,0.7265744933472761
caracteristicas,2022,Estado civil/conyugal,Soltero,0.4277403995701863
caracteristicas,2022,Estado civil/conyugal,Otro,0.6335305908297691
caracteristicas,2022,Nivel de instrucción,Ninguno,0.42063748670291
caracteristicas,2022,Nivel de instrucción,Centro de alfabetización,0.7957397455696554
caracteristicas,2022,Nivel de instrucción,Básica,0.3773220510667292
caracteristicas,2022,Nivel de instrucción,Bachillerato,0.6526203614322883
caracteristicas,2022,Nivel de instrucción,Superior,0.7337415549620062
caracteristicas,2022,Quintiles de ingreso,Quintil 1,0.3668776302863476
caracteristicas,2022,Quintiles de ingreso,Quintil 2,0.3947441132600683
caracteristicas,2022,Quintiles de ingreso,Quintil 3,0.4655798527975791
caracteristicas,2022,Quintiles de ingreso,Quintil 4,0.5261135375561271
caracteristicas,2022,Quintiles de ingreso,Quintil 5,0.5930581573582341
caracteristicas,2023,Sexo,Hombre,0.5349286315198386
caracteristicas,2023,Sexo,Mujer,0.3895220362488868
caracteristicas,2023,Grupos de edad,15 a 17 años,0.1805417165206921
caracteristicas,2023,Grupos de edad,18 a 29 años,0.6379651244909266
caracteristicas,2023,Grupos de edad,30 a 44 años,0.8208309417880952
caracteristicas,2023,Grupos de edad,45 a 64 años,0.7606486880334316
caracteristicas,2023,Grupos de edad,65 años y más,0.3750141765527775
caracteristicas,2023,Etnia,Indígena,0.5713678076741229
caracteristicas,2023,Etnia,Afroecuatoriano,0.4682290880682212
caracteristicas,2023,Etnia,Montubio,0.5013287584424652
caracteristicas,2023,Etnia,Mestizo,0.4913423556900619
caracteristicas,2023,Etnia,Blanco,0.543635194022389
caracteristicas,2023,Estado civil/conyugal,Casado,0.7106796788713601
caracteristicas,2023,Estado civil/conyugal,Unión libre,0.7113754842508992
caracteristicas,2023,Estado civil/conyugal,Soltero,0.4319973374174283
caracteristicas,2023,Estado civil/conyugal,Otro,0.6138783529817907
caracteristicas,2023,Nivel de instrucción,Ninguno,0.4407519122096932
caracteristicas,2023,Nivel de instrucción,Centro de alfabetización,0.8421835303514252
caracteristicas,2023,Nivel de instrucción,Básica,0.3679191716314393
caracteristicas,2023,Nivel de instrucción,Bachillerato,0.6368974551508312
caracteristicas,2023,Nivel de instrucción,Superior,0.720996517580347
caracteristicas,2023,Quintiles de ingreso,Quintil 1,0.352992834653278
caracteristicas,2023,Quintiles de ingreso,Quintil 2,0.385724281034717
caracteristicas,2023,Quintiles de ingreso,Quintil 3,0.449381987432839
caracteristicas,2023,Quintiles de ingreso,Quintil 4,0.5180105209270084
caracteristicas,2023,Quintiles de ingreso,Quintil 5,0.5987360094390677
caracteristicas,2024,Sexo,Hombre,0.533349020179543
caracteristicas,2024,Sexo,Mujer,0.383169179288975
caracteristicas,2024,Grupos de edad,15 a 17 años,0.181732111457803
caracteristicas,2024,Grupos de edad,18 a 29 años,0.626677419495453
caracteristicas,2024,Grupos de edad,30 a 44 años,0.812379921606609
caracteristicas,2024,Grupos de edad,45 a 64 años,0.75871863866248
caracteristicas,2024,Grupos de edad,65 años y más,0.374361439080849
caracteristicas,2024,Etnia,Indígena,0.571523135435434
caracteristicas,2024,Etnia,Afroecuatoriano,0.45743629041974
caracteristicas,2024,Etnia,Montubio,0.493848299712055
caracteristicas,2024,Etnia,Mestizo,0.484454643145367
caracteristicas,2024,Etnia,Blanco,0.488494755441335
caracteristicas,2024,Estado civil/conyugal,Casado,0.702771380966581
caracteristicas,2024,Estado civil/conyugal,Unión libre,0.69692481525068
caracteristicas,2024,Estado civil/conyugal,Soltero,0.428737349973752
caracteristicas,2024,Estado civil/conyugal,Otro,0.612877122434173
caracteristicas,2024,Nivel de instrucción,Ninguno,0.427132443434085
caracteristicas,2024,Nivel de instrucción,Centro de alfabetización,0.896246336223492
caracteristicas,2024,Nivel de instrucción,Básica,0.360458956833916
caracteristicas,2024,Nivel de instrucción,Bachillerato,0.632294274470042
caracteristicas,2024,Nivel de instrucción,Superior,0.725577531222868
caracteristicas,2024,Quintiles de ingreso,Quintil 1,0.350839529368321
caracteristicas,2024,Quintiles de ingreso,Quintil 2,0.374235370508856
caracteristicas,2024,Quintiles de ingreso,Quintil 3,0.440742595611269
caracteristicas,2024,Quintiles de ingreso,Quintil 4,0.513954845630862
caracteristicas,2024,Quintiles de ingreso,Quintil 5,0.604934567152921
caracteristicas,2025,Sexo,Hombre,0.5367993008262755
caracteristicas,2025,Sexo,Mujer,0.38001535532375674
caracteristicas,2025,Grupos de edad,15 a 17 años,0.16495023832300573
caracteristicas,2025,Grupos de edad,18 a 29 años,0.635014478759814
caracteristicas,2025,Grupos de edad,30 a 44 años,0.8115797352422687
caracteristicas,2025,Grupos de edad,45 a 64 años,0.7590567571737887
caracteristicas,2025,Grupos de edad,65 años y más,0.38647299011479913
caracteristicas,2025,Etnia,Indígena,0.5856063787539294
caracteristicas,2025,Etnia,Afroecuatoriano,0.45233535295106253
caracteristicas,2025,Etnia,Montubio,0.49730011610034025
caracteristicas,2025,Etnia,Mestizo,0.48467937832346825
caracteristicas,2025,Etnia,Blanco,0.4729372547127084
caracteristicas,2025,Estado civil/conyugal,Casado,0.6997536463312158
caracteristicas,2025,Estado civil/conyugal,Unión libre,0.7044255925530396
caracteristicas,2025,Estado civil/conyugal,Soltero,0.4274937337436452
caracteristicas,2025,Estado civil/conyugal,Otro,0.6173604917442681
caracteristicas,2025,Nivel de instrucción,Ninguno,0.39949713019373495
caracteristicas,2025,Nivel de instrucción,Centro de alfabetización,0.8854266575950369
caracteristicas,2025,Nivel de instrucción,Básica,0.3581373675949945
caracteristicas,2025,Nivel de instrucción,Bachillerato,0.6361621599224015
caracteristicas,2025,Nivel de instrucción,Superior,0.7251593771287829
caracteristicas,2025,Quintiles de ingreso,Quintil 1,0.34155608686619143
caracteristicas,2025,Quintiles de ingreso,Quintil 2,0.36286730108033827
caracteristicas,2025,Quintiles de ingreso,Quintil 3,0.44046714179932256
caracteristicas,2025,Quintiles de ingreso,Quintil 4,0.5286402506533795
caracteristicas,2025,Quintiles de ingreso,Quintil 5,0.6135353359849085
ci,2018,Límite inferior,Total,0.473161962274786
ci,2018,Límite inferior,Urbano,0.4586403552351007
ci,2018,Límite inferior,Rural,0.5007373456164511
ci,2018,Límite superior,Total,0.4781428745248599
ci,2018,Límite superior,Urbano,0.4641273141810277
ci,2018,Límite superior,Rural,0.5114352493032751
ci,2019,Límite inferior,Total,0.475677310670838
ci,2019,Límite inferior,Urbano,0.4584812909885353
ci,2019,Límite inferior,Rural,0.5087693730408637
ci,2019,Límite superior,Total,0.4809249022423923
ci,2019,Límite superior,Urbano,0.4642993548433459
ci,2019,Límite superior,Rural,0.5198722678587512
ci,2021,Límite inferior,Total,0.464899813211589
ci,2021,Límite inferior,Urbano,0.4448902975191196
ci,2021,Límite inferior,Rural,0.5025123682627217
ci,2021,Límite superior,Total,0.4738471836380082
ci,2021,Límite superior,Urbano,0.454940387986915
ci,2021,Límite superior,Rural,0.5195953641759197
ci,2022,Límite inferior,Total,0.4645016833117077
ci,2022,Límite inferior,Urbano,0.4470590333822362
ci,2022,Límite inferior,Rural,0.4964078372517719
ci,2022,Límite superior,Total,0.4735990664414789
ci,2022,Límite superior,Urbano,0.4565051740341542
ci,2022,Límite superior,Rural,0.5156721498160916
ci,2023,Límite inferior,Total,0.4558824659367363
ci,2023,Límite inferior,Urbano,0.4397093634755506
ci,2023,Límite inferior,Rural,0.4846780044822679
ci,2023,Límite superior,Total,0.4654966161535498
ci,2023,Límite superior,Urbano,0.4499354056395494
ci,2023,Límite superior,Rural,0.5046779270129614
ci,2024,Límite inferior,Total,0.451249517104872
ci,2024,Límite inferior,Urbano,0.434451290445323
ci,2024,Límite inferior,Rural,0.480700063431044
ci,2024,Límite superior,Total,0.462096891027546
ci,2024,Límite superior,Urbano,0.445700030827751
ci,2024,Límite superior,Rural,0.503752664112061
ci,2025,Límite inferior,Total,0.44799999999999995
ci,2025,Límite inferior,Urbano,0.425
ci,2025,Límite inferior,Rural,0.49200000000000005
ci,2025,Límite superior,Total,0.466
ci,2025,Límite superior,Urbano,0.447
ci,2025,Límite superior,Rural,0.512
territorio_hombre,2018,,Urbano,0.5439361084111379
territorio_hombre,2018,,Rural,0.5802742971438639
territorio_hombre,2018,,Quito,0.5263040700700965
territorio_hombre,2018,,Guayaquil,0.5545710583338105
territorio_hombre,2018,,Cuenca,0.516118594394837
territorio_hombre,2018,,Machala,0.5499279267838304
territorio_hombre,2018,,Ambato,0.5446707702853487
territorio_hombre,2018,,Sierra,0.5531690339913118
territorio_hombre,2018,,Costa,0.5626382759233184
territorio_hombre,2018,,Amazonia,0.514334729641106
territorio_hombre,2018,,Insular,0.6184804848969082
territorio_hombre,2018,,Zona 1,0.5225968740959892
territorio_hombre,2018,,Zona 2,0.5453655452064595
territorio_hombre,2018,,Zona 3,0.5870293415628092
territorio_hombre,2018,,Zona 4,0.5622830251241647
territorio_hombre,2018,,Zona 5,0.5783451272877822
territorio_hombre,2018,,Zona 6,0.5378632777581717
territorio_hombre,2018,,Zona 7,0.5630514827276799
territorio_hombre,2018,,Zona 8,0.5566573409311784
territorio_hombre,2018,,Zona 9,0.5320286747537544
territorio_hombre,2018,,Total,0.5557850531343682
territorio_hombre,2019,,Urbano,0.5389261052443068
territorio_hombre,2019,,Rural,0.5786321647201093
territorio_hombre,2019,,Quito,0.5251968768812663
territorio_hombre,2019,,Guayaquil,0.5452672167108535
territorio_hombre,2019,,Cuenca,0.505974698540706
territorio_hombre,2019,,Machala,0.5381909174000112
territorio_hombre,2019,,Ambato,0.5432080480744842
territorio_hombre,2019,,Sierra,0.5524090561918756
territorio_hombre,2019,,Costa,0.556887378083041
territorio_hombre,2019,,Amazonia,0.5021948981829659
territorio_hombre,2019,,Insular,0.6042324782780353
territorio_hombre,2019,,Zona 1,0.522833473483472
territorio_hombre,2019,,Zona 2,0.5273421399060345
territorio_hombre,2019,,Zona 3,0.5837390033715214
territorio_hombre,2019,,Zona 4,0.5625312032246736
territorio_hombre,2019,,Zona 5,0.569670371190409
territorio_hombre,2019,,Zona 6,0.5364908854579828
territorio_hombre,2019,,Zona 7,0.5626430899344621
territorio_hombre,2019,,Zona 8,0.5479802553366184
territorio_hombre,2019,,Zona 9,0.5337617143470481
territorio_hombre,2019,,Total,0.5518803365154475
territorio_hombre,2021,,Urbano,0.5300648788848246
territorio_hombre,2021,,Rural,0.5818841098470607
territorio_hombre,2021,,Quito,0.5267567267939044
territorio_hombre,2021,,Guayaquil,0.5436921623333532
territorio_hombre,2021,,Cuenca,0.5344417160037356
territorio_hombre,2021,,Machala,0.5447424236080399
territorio_hombre,2021,,Ambato,0.5437437561043947
territorio_hombre,2021,,Sierra,0.5537712031118176
territorio_hombre,2021,,Costa,0.5431352520279255
territorio_hombre,2021,,Amazonia,0.5238886573652847
territorio_hombre,2021,,Insular,0.5887117936610021
territorio_hombre,2021,,Zona 1,0.515269769349583
territorio_hombre,2021,,Zona 2,0.5212472550450099
territorio_hombre,2021,,Zona 3,0.600174580410753
territorio_hombre,2021,,Zona 4,0.5524718919687127
territorio_hombre,2021,,Zona 5,0.5489835973044097
territorio_hombre,2021,,Zona 6,0.5327462116227076
territorio_hombre,2021,,Zona 7,0.5693236373019507
territorio_hombre,2021,,Zona 8,0.5410403709396644
territorio_hombre,2021,,Zona 9,0.5333100410593208
territorio_hombre,2021,,Total,0.5468995562899889
territorio_hombre,2022,,Urbano,0.5245686292056169
territorio_hombre,2022,,Rural,0.5775364025425535
territorio_hombre,2022,,Quito,0.5266268322400524
territorio_hombre,2022,,Guayaquil,0.5350504550911518
territorio_hombre,2022,,Cuenca,0.527119318857614
territorio_hombre,2022,,Machala,0.5455249102787111
territorio_hombre,2022,,Ambato,0.5647045274210751
territorio_hombre,2022,,Sierra,0.5529418463116846
territorio_hombre,2022,,Costa,0.5351443853853562
territorio_hombre,2022,,Amazonia,0.5093474700166234
territorio_hombre,2022,,Insular,0.6206638557980731
territorio_hombre,2022,,Zona 1,0.5039808751933259
territorio_hombre,2022,,Zona 2,0.5387617183896587
territorio_hombre,2022,,Zona 3,0.5961865195397049
territorio_hombre,2022,,Zona 4,0.5384019386204512
territorio_hombre,2022,,Zona 5,0.5526165764603079
territorio_hombre,2022,,Zona 6,0.5375976922113171
territorio_hombre,2022,,Zona 7,0.56486103995753
territorio_hombre,2022,,Zona 8,0.524267744382254
territorio_hombre,2022,,Zona 9,0.531053829299018
territorio_hombre,2022,,Total,0.541751753848321
territorio_hombre,2023,,Urbano,0.5217994513259487
territorio_hombre,2023,,Rural,0.5625789323830414
territorio_hombre,2023,,Quito,0.5383318098933788
territorio_hombre,2023,,Guayaquil,0.530524401470354
territorio_hombre,2023,,Cuenca,0.5246911269847099
territorio_hombre,2023,,Machala,0.5512097143099147
territorio_hombre,2023,,Ambato,0.5796977510269249
territorio_hombre,2023,,Sierra,0.5500076902526807
territorio_hombre,2023,,Costa,0.5279404867342071
territorio_hombre,2023,,Amazonia,0.4786253465301219
territorio_hombre,2023,,Insular,0.5804232751977019
territorio_hombre,2023,,Zona 1,0.4988315836769585
territorio_hombre,2023,,Zona 2,0.5357904964065126
territorio_hombre,2023,,Zona 3,0.5884447811756246
territorio_hombre,2023,,Zona 4,0.5316635224181079
territorio_hombre,2023,,Zona 5,0.5268925492325472
territorio_hombre,2023,,Zona 6,0.512035020653076
territorio_hombre,2023,,Zona 7,0.5650671775902849
territorio_hombre,2023,,Zona 8,0.5285278205918997
territorio_hombre,2023,,Zona 9,0.5365909255111624
territorio_hombre,2023,,Total,0.5349286315198386
territorio_hombre,2024,,Urbano,0.521002424019104
territorio_hombre,2024,,Rural,0.559071200649662
territorio_hombre,2024,,Quito,0.534814978316193
territorio_hombre,2024,,Guayaquil,0.515357614241584
territorio_hombre,2024,,Cuenca,0.51864624729078
territorio_hombre,2024,,Machala,0.527215246011525
territorio_hombre,2024,,Ambato,0.564168877485701
territorio_hombre,2024,,Sierra,0.543451918121959
territorio_hombre,2024,,Costa,0.526381857346673
territorio_hombre,2024,,Amazonia,0.515745206313941
territorio_hombre,2024,,Insular,0.574479599248426
territorio_hombre,2024,,Zona 1,0.502598175954093
territorio_hombre,2024,,Zona 2,0.528367560035853
territorio_hombre,2024,,Zona 3,0.588200704036385
territorio_hombre,2024,,Zona 4,0.515646561262772
territorio_hombre,2024,,Zona 5,0.540379601671245
territorio_hombre,2024,,Zona 6,0.498138507977913
territorio_hombre,2024,,Zona 7,0.557081923924458
territorio_hombre,2024,,Zona 8,0.524242770776368
territorio_hombre,2024,,Zona 9,0.538218466188967
territorio_hombre,2024,,Total,0.533349020179543
territorio_hombre,2025,,Urbano,0.5159357742782082
territorio_hombre,2025,,Rural,0.580355023708896
territorio_hombre,2025,,Quito,0.5175065415375104
territorio_hombre,2025,,Guayaquil,0.5046118339711307
territorio_hombre,2025,,Cuenca,0.49879860528701414
territorio_hombre,2025,,Machala,0.5217467798373888
territorio_hombre,2025,,Ambato,0.572406032807306
territorio_hombre,2025,,Sierra,0.5497122874199473
territorio_hombre,2025,,Costa,0.5265542503688431
territorio_hombre,2025,,Amazonia,0.5251326590568417
territorio_hombre,2025,,Insular,0.5700358654542313
territorio_hombre,2025,,Zona 1,0.5089959149082439
territorio_hombre,2025,,Zona 2,0.5664025102707579
territorio_hombre,2025,,Zona 3,0.603695560601371
territorio_hombre,2025,,Zona 4,0.5362431159997909
territorio_hombre,2025,,Zona 5,0.5367602482507953
territorio_hombre,2025,,Zona 6,0.5211796016063536
territorio_hombre,2025,,Zona 7,0.546774367869331
territorio_hombre,2025,,Zona 8,0.5121346305070924
territorio_hombre,2025,,Zona 9,0.532385517040294
territorio_hombre,2025,,Total,0.5367993008262755
caracteristicas_hombre,2018,Grupos de edad,15 a 17 años,0.2624834847234833
caracteristicas_hombre,2018,Grupos de edad,18 a 29 años,0.779112145871212
caracteristicas_hombre,2018,Grupos de edad,30 a 44 años,0.9789790052887909
caracteristicas_hombre,2018,Grupos de edad,45 a 64 años,0.9288723181730698
caracteristicas_hombre,2018,Grupos de edad,65 años y más,0.5352455958387287
caracteristicas_hombre,2018,Etnia,Indígena,0.6081207401578398
caracteristicas_hombre,2018,Etnia,Afroecuatoriano,0.586712021915306
caracteristicas_hombre,2018,Etnia,Montubio,0.6718326126743355
caracteristicas_hombre,2018,Etnia,Mestizo,0.5994142258777599
caracteristicas_hombre,2018,Etnia,Blanco,0.6646200345410779
caracteristicas_hombre,2018,Estado civil/conyugal,Casado,0.8745634345292361
caracteristicas_hombre,2018,Estado civil/conyugal,Unión libre,0.950954127576388
caracteristicas_hombre,2018,Estado civil/conyugal,Soltero,0.4806628853205117
caracteristicas_hombre,2018,Estado civil/conyugal,Otros,0.7788234702941227
caracteristicas_hombre,2018,Nivel de instrucción,Ninguno,0.5841527480431766
caracteristicas_hombre,2018,Nivel de instrucción,Centro de Alfabetización,0.8581959559375517
caracteristicas_hombre,2018,Nivel de instrucción,Básica,0.4793435033755891
caracteristicas_hombre,2018,Nivel de instrucción,Bachillerato,0.7724507196783107
caracteristicas_hombre,2018,Nivel de instrucción,Superior,0.7917957326864477
caracteristicas_hombre,2019,Grupos de edad,15 a 17 años,0.2595617094940773
caracteristicas_hombre,2019,Grupos de edad,18 a 29 años,0.7738645678406484
caracteristicas_hombre,2019,Grupos de edad,30 a 44 años,0.9774044401567671
caracteristicas_hombre,2019,Grupos de edad,45 a 64 años,0.9301982312471613
caracteristicas_hombre,2019,Grupos de edad,65 años y más,0.5324501295049102
caracteristicas_hombre,2019,Etnia,Indígena,0.6016946489955448
caracteristicas_hombre,2019,Etnia,Afroecuatoriano,0.6010594507036866
caracteristicas_hombre,2019,Etnia,Montubio,0.6486062977965837
caracteristicas_hombre,2019,Etnia,Mestizo,0.5958177043962235
caracteristicas_hombre,2019,Etnia,Blanco,0.6605639973740162
caracteristicas_hombre,2019,Estado civil/conyugal,Casado,0.8693517957842896
caracteristicas_hombre,2019,Estado civil/conyugal,Unión libre,0.9501891894113935
caracteristicas_hombre,2019,Estado civil/conyugal,Soltero,0.4799072916935282
caracteristicas_hombre,2019,Estado civil/conyugal,Otros,0.7688608607398791
caracteristicas_hombre,2019,Nivel de instrucción,Ninguno,0.5730149853269885
caracteristicas_hombre,2019,Nivel de instrucción,Centro de Alfabetización,0.8907274490545618
caracteristicas_hombre,2019,Nivel de instrucción,Básica,0.4724279295324484
caracteristicas_hombre,2019,Nivel de instrucción,Bachillerato,0.7725310354447631
caracteristicas_hombre,2019,Nivel de instrucción,Superior,0.7887015408914003
caracteristicas_hombre,2021,Grupos de edad,15 a 17 años,0.2618109621790473
caracteristicas_hombre,2021,Grupos de edad,18 a 29 años,0.7823633608467906
caracteristicas_hombre,2021,Grupos de edad,30 a 44 años,0.9729731159009049
caracteristicas_hombre,2021,Grupos de edad,45 a 64 años,0.9196390775954437
caracteristicas_hombre,2021,Grupos de edad,65 años y más,0.4877869664046859
caracteristicas_hombre,2021,Etnia,Indígena,0.6090348096051893
caracteristicas_hombre,2021,Etnia,Afroecuatoriano,0.5762762568418812
caracteristicas_hombre,2021,Etnia,Montubio,0.6781473287109673
caracteristicas_hombre,2021,Etnia,Mestizo,0.5903503045240143
caracteristicas_hombre,2021,Etnia,Blanco,0.6339291352875268
caracteristicas_hombre,2021,Estado civil/conyugal,Casado,0.8538927301199991
caracteristicas_hombre,2021,Estado civil/conyugal,Unión libre,0.9503580052226391
caracteristicas_hombre,2021,Estado civil/conyugal,Soltero,0.4823470879957073
caracteristicas_hombre,2021,Estado civil/conyugal,Otros,0.7635975629004167
caracteristicas_hombre,2021,Nivel de instrucción,Ninguno,0.46522457967509
caracteristicas_hombre,2021,Nivel de instrucción,Centro de Alfabetización,0.8261602700748832
caracteristicas_hombre,2021,Nivel de instrucción,Básica,0.4540726135468463
caracteristicas_hombre,2021,Nivel de instrucción,Bachillerato,0.7850298218895427
caracteristicas_hombre,2021,Nivel de instrucción,Superior,0.7876256467177257
caracteristicas_hombre,2022,Grupos de edad,15 a 17 años,0.2132428895413258
caracteristicas_hombre,2022,Grupos de edad,18 a 29 años,0.7827702900540485
caracteristicas_hombre,2022,Grupos de edad,30 a 44 años,0.970398704043716
caracteristicas_hombre,2022,Grupos de edad,45 a 64 años,0.9220348785542346
caracteristicas_hombre,2022,Grupos de edad,65 años y más,0.4950060664717596
caracteristicas_hombre,2022,Etnia,Indígena,0.6201569628655215
caracteristicas_hombre,2022,Etnia,Afroecuatoriano,0.5715530167608869
caracteristicas_hombre,2022,Etnia,Montubio,0.6841268074074905
caracteristicas_hombre,2022,Etnia,Mestizo,0.5850845279804998
caracteristicas_hombre,2022,Etnia,Blanco,0.6563435795430452
caracteristicas_hombre,2022,Estado civil/conyugal,Casado,0.8560945013359258
caracteristicas_hombre,2022,Estado civil/conyugal,Unión libre,0.9484758529692795
caracteristicas_hombre,2022,Estado civil/conyugal,Soltero,0.4752677425824487
caracteristicas_hombre,2022,Estado civil/conyugal,Otros,0.756930140921782
caracteristicas_hombre,2022,Nivel de instrucción,Ninguno,0.4821284520588396
caracteristicas_hombre,2022,Nivel de instrucción,Centro de Alfabetización,0.8169771084688461
caracteristicas_hombre,2022,Nivel de instrucción,Básica,0.4447869578263193
caracteristicas_hombre,2022,Nivel de instrucción,Bachillerato,0.7849695990422193
caracteristicas_hombre,2022,Nivel de instrucción,Superior,0.7936951409407061
caracteristicas_hombre,2023,Grupos de edad,15 a 17 años,0.20709833777707
caracteristicas_hombre,2023,Grupos de edad,18 a 29 años,0.7758071999379271
caracteristicas_hombre,2023,Grupos de edad,30 a 44 años,0.9746713090662971
caracteristicas_hombre,2023,Grupos de edad,45 a 64 años,0.9222223725070309
caracteristicas_hombre,2023,Grupos de edad,65 años y más,0.4706288657708716
caracteristicas_hombre,2023,Etnia,Indígena,0.5757334482141426
caracteristicas_hombre,2023,Etnia,Afroecuatoriano,0.5395097337217142
caracteristicas_hombre,2023,Etnia,Montubio,0.6678879065738104
caracteristicas_hombre,2023,Etnia,Mestizo,0.5826185794585504
caracteristicas_hombre,2023,Etnia,Blanco,0.6277004092634274
caracteristicas_hombre,2023,Estado civil/conyugal,Casado,0.8474080162384993
caracteristicas_hombre,2023,Estado civil/conyugal,Unión libre,0.9467826618899159
caracteristicas_hombre,2023,Estado civil/conyugal,Soltero,0.4791924912658226
caracteristicas_hombre,2023,Estado civil/conyugal,Otros,0.7378762210901478
caracteristicas_hombre,2023,Nivel de instrucción,Ninguno,0.4734970302297232
caracteristicas_hombre,2023,Nivel de instrucción,Centro de Alfabetización,0.8640566494044873
caracteristicas_hombre,2023,Nivel de instrucción,Básica,0.4334752443120609
caracteristicas_hombre,2023,Nivel de instrucción,Bachillerato,0.7834342706166393
caracteristicas_hombre,2023,Nivel de instrucción,Superior,0.7805612631382467
caracteristicas_hombre,2024,Grupos de edad,15 a 17 años,0.214166001571803
caracteristicas_hombre,2024,Grupos de edad,18 a 29 años,0.776790788176864
caracteristicas_hombre,2024,Grupos de edad,30 a 44 años,0.973572404688649
caracteristicas_hombre,2024,Grupos de edad,45 a 64 años,0.913265655069825
caracteristicas_hombre,2024,Grupos de edad,65 años y más,0.47833465425104
caracteristicas_hombre,2024,Etnia,Indígena,0.582990250840447
caracteristicas_hombre,2024,Etnia,Afroecuatoriano,0.506907867383534
caracteristicas_hombre,2024,Etnia,Montubio,0.663591038080963
caracteristicas_hombre,2024,Etnia,Mestizo,0.577078748927902
caracteristicas_hombre,2024,Etnia,Blanco,0.584798999944238
caracteristicas_hombre,2024,Estado civil/conyugal,Casado,0.838592836475694
caracteristicas_hombre,2024,Estado civil/conyugal,Unión libre,0.942978642642003
caracteristicas_hombre,2024,Estado civil/conyugal,Soltero,0.473381132585998
caracteristicas_hombre,2024,Estado civil/conyugal,Otros,0.734694222696729
caracteristicas_hombre,2024,Nivel de instrucción,Ninguno,0.452515327219032
caracteristicas_hombre,2024,Nivel de instrucción,Centro de Alfabetización,0.945368168308818
caracteristicas_hombre,2024,Nivel de instrucción,Básica,0.425461274813323
caracteristicas_hombre,2024,Nivel de instrucción,Bachillerato,0.781067180288675
caracteristicas_hombre,2024,Nivel de instrucción,Superior,0.798337291377267
caracteristicas_hombre,2025,Grupos de edad,15 a 17 años,0.20496918325663158
caracteristicas_hombre,2025,Grupos de edad,18 a 29 años,0.7855625034042313
caracteristicas_hombre,2025,Grupos de edad,30 a 44 años,0.9740365484970827
caracteristicas_hombre,2025,Grupos de edad,45 a 64 años,0.9264068419891881
caracteristicas_hombre,2025,Grupos de edad,65 años y más,0.49230770984179395
caracteristicas_hombre,2025,Etnia,Indígena,0.6147548197153937
caracteristicas_hombre,2025,Etnia,Afroecuatoriano,0.53149134864812
caracteristicas_hombre,2025,Etnia,Montubio,0.6842434717791711
caracteristicas_hombre,2025,Etnia,Mestizo,0.5763660015824049
caracteristicas_hombre,2025,Etnia,Blanco,0.5808985378798629
caracteristicas_hombre,2025,Estado civil/conyugal,Casado,0.8435667117705232
caracteristicas_hombre,2025,Estado civil/conyugal,Unión libre,0.952232299961722
caracteristicas_hombre,2025,Estado civil/conyugal,Soltero,0.4684367714258264
caracteristicas_hombre,2025,Estado civil/conyugal,Otros,0.7401511115353375
caracteristicas_hombre,2025,Nivel de instrucción,Ninguno,0.45849874921841755
caracteristicas_hombre,2025,Nivel de instrucción,Centro de Alfabetización,0.9077769531156614
caracteristicas_hombre,2025,Nivel de instrucción,Básica,0.4301186658365767
caracteristicas_hombre,2025,Nivel de instrucción,Bachillerato,0.7822371753605926
caracteristicas_hombre,2025,Nivel de instrucción,Superior,0.7912318276598493
territorio_mujer,2018,,Urbano,0.383794472184791
territorio_mujer,2018,,Rural,0.4318953402826332
territorio_mujer,2018,,Quito,0.4061473236298594
territorio_mujer,2018,,Guayaquil,0.3848029018456876
territorio_mujer,2018,,Cuenca,0.4252368892077474
territorio_mujer,2018,,Machala,0.3658076766578956
territorio_mujer,2018,,Ambato,0.4681012663354225
territorio_mujer,2018,,Sierra,0.4528707049165004
territorio_mujer,2018,,Costa,0.3456469031111098
territorio_mujer,2018,,Amazonia,0.406020487160652
territorio_mujer,2018,,Insular,0.4950650278594857
territorio_mujer,2018,,Zona 1,0.3409991083300497
territorio_mujer,2018,,Zona 2,0.4333859728499385
territorio_mujer,2018,,Zona 3,0.5496935965695863
territorio_mujer,2018,,Zona 4,0.348023027756527
territorio_mujer,2018,,Zona 5,0.3284055865895121
territorio_mujer,2018,,Zona 6,0.477762275546547
territorio_mujer,2018,,Zona 7,0.4109631447818625
territorio_mujer,2018,,Zona 8,0.3800720579345127
territorio_mujer,2018,,Zona 9,0.4059050064882402
territorio_mujer,2018,,Total,0.3988303437658116
territorio_mujer,2019,,Urbano,0.3884910591790221
territorio_mujer,2019,,Rural,0.4500571844654487
territorio_mujer,2019,,Quito,0.4222003680133598
territorio_mujer,2019,,Guayaquil,0.373001779533978
territorio_mujer,2019,,Cuenca,0.4139314704754518
territorio_mujer,2019,,Machala,0.3529166183305122
territorio_mujer,2019,,Ambato,0.4800549872085281
territorio_mujer,2019,,Sierra,0.4669972086416576
territorio_mujer,2019,,Costa,0.3485806865748473
territorio_mujer,2019,,Amazonia,0.4239695754735808
territorio_mujer,2019,,Insular,0.4948246401602345
territorio_mujer,2019,,Zona 1,0.359538496206427
territorio_mujer,2019,,Zona 2,0.4258377223649623
territorio_mujer,2019,,Zona 3,0.5601143334251113
territorio_mujer,2019,,Zona 4,0.3643200900284966
territorio_mujer,2019,,Zona 5,0.3283853284771795
territorio_mujer,2019,,Zona 6,0.4828054518799764
territorio_mujer,2019,,Zona 7,0.4342820514531379
territorio_mujer,2019,,Zona 8,0.3724145124405091
territorio_mujer,2019,,Zona 9,0.4292736617676582
territorio_mujer,2019,,Total,0.4077616783234841
territorio_mujer,2021,,Urbano,0.3745281100601553
territorio_mujer,2021,,Rural,0.4403366551267574
territorio_mujer,2021,,Quito,0.4226617595979854
territorio_mujer,2021,,Guayaquil,0.3524064722204248
territorio_mujer,2021,,Cuenca,0.4361115584914119
territorio_mujer,2021,,Machala,0.3720732040820312
territorio_mujer,2021,,Ambato,0.4868985797246828
territorio_mujer,2021,,Sierra,0.4608999447929064
territorio_mujer,2021,,Costa,0.3278179401529192
territorio_mujer,2021,,Amazonia,0.4315528652768469
territorio_mujer,2021,,Insular,0.4436311595719316
territorio_mujer,2021,,Zona 1,0.3373334615125371
territorio_mujer,2021,,Zona 2,0.4503830608665864
territorio_mujer,2021,,Zona 3,0.5609201239113478
territorio_mujer,2021,,Zona 4,0.3390097923534352
territorio_mujer,2021,,Zona 5,0.3080190389795465
territorio_mujer,2021,,Zona 6,0.4759067641679353
territorio_mujer,2021,,Zona 7,0.4271898179709999
territorio_mujer,2021,,Zona 8,0.352095979120607
territorio_mujer,2021,,Zona 9,0.4234117423363145
territorio_mujer,2021,,Total,0.3950555854194001
territorio_mujer,2022,,Urbano,0.3832289169355965
territorio_mujer,2022,,Rural,0.434861953181777
territorio_mujer,2022,,Quito,0.4312384644458888
territorio_mujer,2022,,Guayaquil,0.3533320862376446
territorio_mujer,2022,,Cuenca,0.4509310594431724
territorio_mujer,2022,,Machala,0.3916380161293824
territorio_mujer,2022,,Ambato,0.5049534736175161
territorio_mujer,2022,,Sierra,0.4691857883548629
territorio_mujer,2022,,Costa,0.3294149285202326
territorio_mujer,2022,,Amazonia,0.4397580424691423
territorio_mujer,2022,,Insular,0.4156741735206522
territorio_mujer,2022,,Zona 1,0.3308662477503966
territorio_mujer,2022,,Zona 2,0.4574011041596944
territorio_mujer,2022,,Zona 3,0.5868590904734936
territorio_mujer,2022,,Zona 4,0.3175957092216794
territorio_mujer,2022,,Zona 5,0.3151423450648768
territorio_mujer,2022,,Zona 6,0.4909956887795675
territorio_mujer,2022,,Zona 7,0.4420548675057336
territorio_mujer,2022,,Zona 8,0.3546895562884917
territorio_mujer,2022,,Zona 9,0.4306834094741234
territorio_mujer,2022,,Total,0.3993576751196201
territorio_mujer,2023,,Urbano,0.3718091053265744
territorio_mujer,2023,,Rural,0.4280902960992209
territorio_mujer,2023,,Quito,0.4294231115767905
territorio_mujer,2023,,Guayaquil,0.3345311583344101
territorio_mujer,2023,,Cuenca,0.4642084794745354
territorio_mujer,2023,,Machala,0.39271598063564
territorio_mujer,2023,,Ambato,0.5145949266049183
territorio_mujer,2023,,Sierra,0.4751416377227913
territorio_mujer,2023,,Costa,0.3035864952070361
territorio_mujer,2023,,Amazonia,0.4338170141127051
territorio_mujer,2023,,Insular,0.4350830543399645
territorio_mujer,2023,,Zona 1,0.3432771063318499
territorio_mujer,2023,,Zona 2,0.4625948707915004
territorio_mujer,2023,,Zona 3,0.6087722495895208
territorio_mujer,2023,,Zona 4,0.3062232498727248
territorio_mujer,2023,,Zona 5,0.2719895081584447
territorio_mujer,2023,,Zona 6,0.4870843293250405
territorio_mujer,2023,,Zona 7,0.4348249992641591
territorio_mujer,2023,,Zona 8,0.3307196656984632
territorio_mujer,2023,,Zona 9,0.431814920738341
territorio_mujer,2023,,Total,0.3895220362488868
territorio_mujer,2024,,Urbano,0.363836299226974
territorio_mujer,2024,,Rural,0.425711480686349
territorio_mujer,2024,,Quito,0.423119209198431
territorio_mujer,2024,,Guayaquil,0.312777265219804
territorio_mujer,2024,,Cuenca,0.441693753091873
territorio_mujer,2024,,Machala,0.372856170095831
territorio_mujer,2024,,Ambato,0.522155253922722
territorio_mujer,2024,,Sierra,0.469279732725953
territorio_mujer,2024,,Costa,0.295030236082648
territorio_mujer,2024,,Amazonia,0.444591871895422
territorio_mujer,2024,,Insular,0.422116101347692
territorio_mujer,2024,,Zona 1,0.354040522241572
territorio_mujer,2024,,Zona 2,0.473893359868944
territorio_mujer,2024,,Zona 3,0.615552263883276
territorio_mujer,2024,,Zona 4,0.279965719517842
territorio_mujer,2024,,Zona 5,0.265635908088207
territorio_mujer,2024,,Zona 6,0.470616946093456
territorio_mujer,2024,,Zona 7,0.43218050701232
territorio_mujer,2024,,Zona 8,0.313246994698567
territorio_mujer,2024,,Zona 9,0.435211471905624
territorio_mujer,2024,,Total,0.383169179288975
territorio_mujer,2025,,Urbano,0.3596513987893083
territorio_mujer,2025,,Rural,0.42473639854655093
territorio_mujer,2025,,Quito,0.4276152307665932
territorio_mujer,2025,,Guayaquil,0.3136733189252746
territorio_mujer,2025,,Cuenca,0.43364471944401073
territorio_mujer,2025,,Machala,0.38774079580821497
territorio_mujer,2025,,Ambato,0.47580715018236414
territorio_mujer,2025,,Sierra,0.4659749840265195
territorio_mujer,2025,,Costa,0.29134657784324425
territorio_mujer,2025,,Amazonia,0.4502861279692878
territorio_mujer,2025,,Insular,0.385018006316539
territorio_mujer,2025,,Zona 1,0.3516671716910359
territorio_mujer,2025,,Zona 2,0.47687994606697864
territorio_mujer,2025,,Zona 3,0.6019592423669852
territorio_mujer,2025,,Zona 4,0.2959913593669556
territorio_mujer,2025,,Zona 5,0.24991255801363424
territorio_mujer,2025,,Zona 6,0.47293112509927027
territorio_mujer,2025,,Zona 7,0.41173713554077496
territorio_mujer,2025,,Zona 8,0.3135348442236889
territorio_mujer,2025,,Zona 9,0.4335074899487062
territorio_mujer,2025,,Total,0.38001535532375674
caracteristicas_mujer,2018,Grupos de edad,15 a 17 años,0.1621568197958291
caracteristicas_mujer,2018,Grupos de edad,18 a 29 años,0.5237386295306808
caracteristicas_mujer,2018,Grupos de edad,30 a 44 años,0.7182247971740752
caracteristicas_mujer,2018,Grupos de edad,45 a 64 años,0.649193174208169
caracteristicas_mujer,2018,Grupos de edad,65 años y más,0.308581839541493
caracteristicas_mujer,2018,Etnia,Indígena,0.5556013897366596
caracteristicas_mujer,2018,Etnia,Afroecuatoriano,0.3924553850235265
caracteristicas_mujer,2018,Etnia,Montubio,0.3518919222398343
caracteristicas_mujer,2018,Etnia,Mestizo,0.4244669688835002
caracteristicas_mujer,2018,Etnia,Blanco,0.4584141926936523
caracteristicas_mujer,2018,Estado civil/conyugal,Casado,0.6074257483007912
caracteristicas_mujer,2018,Estado civil/conyugal,Unión libre,0.5129831542976528
caracteristicas_mujer,2018,Estado civil/conyugal,Soltero,0.3641075329979213
caracteristicas_mujer,2018,Estado civil/conyugal,Otros,0.6131068923521
caracteristicas_mujer,2018,Nivel de instrucción,Ninguno,0.429336879557029
caracteristicas_mujer,2018,Nivel de instrucción,Centro de Alfabetización,0.7410132998478093
caracteristicas_mujer,2018,Nivel de instrucción,Básica,0.3266554335683313
caracteristicas_mujer,2018,Nivel de instrucción,Bachillerato,0.503794604543637
caracteristicas_mujer,2018,Nivel de instrucción,Superior,0.6815132341129359
caracteristicas_mujer,2019,Grupos de edad,15 a 17 años,0.1741514667440332
caracteristicas_mujer,2019,Grupos de edad,18 a 29 años,0.5321305748140185
caracteristicas_mujer,2019,Grupos de edad,30 a 44 años,0.7244767800494624
caracteristicas_mujer,2019,Grupos de edad,45 a 64 años,0.6623296403523645
caracteristicas_mujer,2019,Grupos de edad,65 años y más,0.3228897887616622
caracteristicas_mujer,2019,Etnia,Indígena,0.5538071928760265
caracteristicas_mujer,2019,Etnia,Afroecuatoriano,0.4197946110532375
caracteristicas_mujer,2019,Etnia,Montubio,0.3770038635125516
caracteristicas_mujer,2019,Etnia,Mestizo,0.4314544017033414
caracteristicas_mujer,2019,Etnia,Blanco,0.4631637931158794
caracteristicas_mujer,2019,Estado civil/conyugal,Casado,0.6200119880673785
caracteristicas_mujer,2019,Estado civil/conyugal,Unión libre,0.5288103407805045
caracteristicas_mujer,2019,Estado civil/conyugal,Soltero,0.3742197391898444
caracteristicas_mujer,2019,Estado civil/conyugal,Otros,0.6111542263207526
caracteristicas_mujer,2019,Nivel de instrucción,Ninguno,0.4403271923551643
caracteristicas_mujer,2019,Nivel de instrucción,Centro de Alfabetización,0.7751289486173039
caracteristicas_mujer,2019,Nivel de instrucción,Básica,0.3328629196542444
caracteristicas_mujer,2019,Nivel de instrucción,Bachillerato,0.5156755127131085
caracteristicas_mujer,2019,Nivel de instrucción,Superior,0.6857870984285543
caracteristicas_mujer,2021,Grupos de edad,15 a 17 años,0.1660962289031922
caracteristicas_mujer,2021,Grupos de edad,18 a 29 años,0.5076813674257403
caracteristicas_mujer,2021,Grupos de edad,30 a 44 años,0.7148932181154485
caracteristicas_mujer,2021,Grupos de edad,45 a 64 años,0.6336356942573153
caracteristicas_mujer,2021,Grupos de edad,65 años y más,0.2917604119199674
caracteristicas_mujer,2021,Etnia,Indígena,0.5395416160402228
caracteristicas_mujer,2021,Etnia,Afroecuatoriano,0.392777036346979
caracteristicas_mujer,2021,Etnia,Montubio,0.3301064965542445
caracteristicas_mujer,2021,Etnia,Mestizo,0.4230393530886605
caracteristicas_mujer,2021,Etnia,Blanco,0.4025561876932335
caracteristicas_mujer,2021,Estado civil/conyugal,Casado,0.5969315651073872
caracteristicas_mujer,2021,Estado civil/conyugal,Unión libre,0.5076390032525264
caracteristicas_mujer,2021,Estado civil/conyugal,Soltero,0.3691236750259939
caracteristicas_mujer,2021,Estado civil/conyugal,Otros,0.5789105295425373
caracteristicas_mujer,2021,Nivel de instrucción,Ninguno,0.3527796283930954
caracteristicas_mujer,2021,Nivel de instrucción,Centro de Alfabetización,0.7836268419751861
caracteristicas_mujer,2021,Nivel de instrucción,Básica,0.3137157028595503
caracteristicas_mujer,2021,Nivel de instrucción,Bachillerato,0.504554311635901
caracteristicas_mujer,2021,Nivel de instrucción,Superior,0.6773188843955112
caracteristicas_mujer,2022,Grupos de edad,15 a 17 años,0.1599207751464139
caracteristicas_mujer,2022,Grupos de edad,18 a 29 años,0.518197344925702
caracteristicas_mujer,2022,Grupos de edad,30 a 44 años,0.7030193338366766
caracteristicas_mujer,2022,Grupos de edad,45 a 64 años,0.6440563300230031
caracteristicas_mujer,2022,Grupos de edad,65 años y más,0.3010851965858796
caracteristicas_mujer,2022,Etnia,Indígena,0.5637237311304106
caracteristicas_mujer,2022,Etnia,Afroecuatoriano,0.3959551131842862
caracteristicas_mujer,2022,Etnia,Montubio,0.3469678867666179
caracteristicas_mujer,2022,Etnia,Mestizo,0.4230300638268935
caracteristicas_mujer,2022,Etnia,Blanco,0.4265003937464334
caracteristicas_mujer,2022,Estado civil/conyugal,Casado,0.5954163774924096
caracteristicas_mujer,2022,Estado civil/conyugal,Unión libre,0.5046443855113432
caracteristicas_mujer,2022,Estado civil/conyugal,Soltero,0.3733750452996137
caracteristicas_mujer,2022,Estado civil/conyugal,Otros,0.5844355244874806
caracteristicas_mujer,2022,Nivel de instrucción,Ninguno,0.3810090203191872
caracteristicas_mujer,2022,Nivel de instrucción,Centro de Alfabetización,0.7816374313303699
caracteristicas_mujer,2022,Nivel de instrucción,Básica,0.3111246433417417
caracteristicas_mujer,2022,Nivel de instrucción,Bachillerato,0.5200738505381312
caracteristicas_mujer,2022,Nivel de instrucción,Superior,0.6846842663616982
caracteristicas_mujer,2023,Grupos de edad,15 a 17 años,0.1514891540056131
caracteristicas_mujer,2023,Grupos de edad,18 a 29 años,0.5047118338286051
caracteristicas_mujer,2023,Grupos de edad,30 a 44 años,0.6929434520254318
caracteristicas_mujer,2023,Grupos de edad,45 a 64 años,0.6166259512295573
caracteristicas_mujer,2023,Grupos de edad,65 años y más,0.2932038173027467
caracteristicas_mujer,2023,Etnia,Indígena,0.5671465871840867
caracteristicas_mujer,2023,Etnia,Afroecuatoriano,0.3974839101703134
caracteristicas_mujer,2023,Etnia,Montubio,0.3254112678556588
caracteristicas_mujer,2023,Etnia,Mestizo,0.4058371912376519
caracteristicas_mujer,2023,Etnia,Blanco,0.4591322123654628
caracteristicas_mujer,2023,Estado civil/conyugal,Casado,0.5754844632366137
caracteristicas_mujer,2023,Estado civil/conyugal,Unión libre,0.4771212163256017
caracteristicas_mujer,2023,Estado civil/conyugal,Soltero,0.3777135845465502
caracteristicas_mujer,2023,Estado civil/conyugal,Otros,0.5660740803166555
caracteristicas_mujer,2023,Nivel de instrucción,Ninguno,0.4200879539851746
caracteristicas_mujer,2023,Nivel de instrucción,Centro de Alfabetización,0.8271549952197595
caracteristicas_mujer,2023,Nivel de instrucción,Básica,0.30311820199224
caracteristicas_mujer,2023,Nivel de instrucción,Bachillerato,0.4893324996788678
caracteristicas_mujer,2023,Nivel de instrucción,Superior,0.6733570838620485
caracteristicas_mujer,2024,Grupos de edad,15 a 17 años,0.144989439808369
caracteristicas_mujer,2024,Grupos de edad,18 a 29 años,0.485849068802505
caracteristicas_mujer,2024,Grupos de edad,30 a 44 años,0.679872311965159
caracteristicas_mujer,2024,Grupos de edad,45 a 64 años,0.618729485667065
caracteristicas_mujer,2024,Grupos de edad,65 años y más,0.282726161640183
caracteristicas_mujer,2024,Etnia,Indígena,0.560302603536705
caracteristicas_mujer,2024,Etnia,Afroecuatoriano,0.408131652245622
caracteristicas_mujer,2024,Etnia,Montubio,0.297958430334166
caracteristicas_mujer,2024,Etnia,Mestizo,0.397397105528489
caracteristicas_mujer,2024,Etnia,Blanco,0.39577798046179
caracteristicas_mujer,2024,Estado civil/conyugal,Casado,0.568926892752984
caracteristicas_mujer,2024,Estado civil/conyugal,Unión libre,0.45340045789346
caracteristicas_mujer,2024,Estado civil/conyugal,Soltero,0.37729394728936
caracteristicas_mujer,2024,Estado civil/conyugal,Otros,0.56444506019382
caracteristicas_mujer,2024,Nivel de instrucción,Ninguno,0.409346114100003
caracteristicas_mujer,2024,Nivel de instrucción,Centro de Alfabetización,0.868977290225852
caracteristicas_mujer,2024,Nivel de instrucción,Básica,0.295405447509496
caracteristicas_mujer,2024,Nivel de instrucción,Bachillerato,0.484612538971651
caracteristicas_mujer,2024,Nivel de instrucción,Superior,0.667329589050653
caracteristicas_mujer,2025,Grupos de edad,15 a 17 años,0.11870690759878227
caracteristicas_mujer,2025,Grupos de edad,18 a 29 años,0.4933722608445328
caracteristicas_mujer,2025,Grupos de edad,30 a 44 años,0.6792224814674935
caracteristicas_mujer,2025,Grupos de edad,45 a 64 años,0.6070690427084862
caracteristicas_mujer,2025,Grupos de edad,65 años y más,0.28945800418539896
caracteristicas_mujer,2025,Etnia,Indígena,0.5572789139360589
caracteristicas_mujer,2025,Etnia,Afroecuatoriano,0.3763095346771845
caracteristicas_mujer,2025,Etnia,Montubio,0.2857402975328758
caracteristicas_mujer,2025,Etnia,Mestizo,0.3981625477850775
caracteristicas_mujer,2025,Etnia,Blanco,0.37197827615678664
caracteristicas_mujer,2025,Estado civil/conyugal,Casado,0.5568806909104502
caracteristicas_mujer,2025,Estado civil/conyugal,Unión libre,0.4573422239498218
caracteristicas_mujer,2025,Estado civil/conyugal,Soltero,0.37979713476884497
caracteristicas_mujer,2025,Estado civil/conyugal,Otros,0.568681145254646
caracteristicas_mujer,2025,Nivel de instrucción,Ninguno,0.3555538570327669
caracteristicas_mujer,2025,Nivel de instrucción,Centro de Alfabetización,0.8747120524287657
caracteristicas_mujer,2025,Nivel de instrucción,Básica,0.2859914942817635
caracteristicas_mujer,2025,Nivel de instrucción,Bachillerato,0.4890325026352715
caracteristicas_mujer,2025,Nivel de instrucción,Superior,0.6745133224103433
estimadores,2018,Total,valor,0.4756524183998229
estimadores,2018,Total,error,0.001270542245639721
estimadores,2018,Total,li,0.473161962274786
estimadores,2018,Total,ls,0.4781428745248599
estimadores,2018,Total,cv,0.2671156913096427
estimadores,2018,Urbano,valor,0.4613838347080642
estimadores,2018,Urbano,error,0.001399625769513924
estimadores,2018,Urbano,li,0.4586403552351007
estimadores,2018,Urbano,ls,0.4641273141810277
estimadores,2018,Urbano,cv,0.3033538811344622
estimadores,2018,Rural,valor,0.5060862974598631
estimadores,2018,Rural,error,0.002728845217799827
estimadores,2018,Rural,li,0.5007373456164511
estimadores,2018,Rural,ls,0.5114352493032751
estimadores,2018,Rural,cv,0.5392055132684653
estimadores,2018,Quito,valor,0.463920652579647
estimadores,2018,Quito,error,0.002793161561666677
estimadores,2018,Quito,li,0.4584448330909945
estimadores,2018,Quito,ls,0.4693964720682995
estimadores,2018,Quito,cv,0.6020774341765569
estimadores,2018,Guayaquil,valor,0.4672940508762153
estimadores,2018,Guayaquil,error,0.002895240510770213
estimadores,2018,Guayaquil,li,0.4616181119578264
estimadores,2018,Guayaquil,ls,0.4729699897946043
estimadores,2018,Guayaquil,cv,0.6195757265348008
estimadores,2018,Cuenca,valor,0.4681282479901382
estimadores,2018,Cuenca,error,0.00343767750758483
estimadores,2018,Cuenca,li,0.4613888950826383
estimadores,2018,Cuenca,ls,0.4748676008976381
estimadores,2018,Cuenca,cv,0.7343452402934783
estimadores,2018,Machala,valor,0.4566381001637648
estimadores,2018,Machala,error,0.003350703238343527
estimadores,2018,Machala,li,0.4500692549007416
estimadores,2018,Machala,ls,0.463206945426788
estimadores,2018,Machala,cv,0.7337765370742958
estimadores,2018,Ambato,valor,0.5046532614948487
estimadores,2018,Ambato,error,0.002916521058575633
estimadores,2018,Ambato,li,0.4989356033862771
estimadores,2018,Ambato,ls,0.5103709196034203
estimadores,2018,Ambato,cv,0.5779257325983622
estimadores,2018,Azuay,valor,0.5118446352252789
estimadores,2018,Azuay,error,0.004276308149157959
estimadores,2018,Azuay,li,0.5034624205770335
estimadores,2018,Azuay,ls,0.5202268498735243
estimadores,2018,Azuay,cv,0.8354699560884958
estimadores,2018,Bolívar,valor,0.5202551085625837
estimadores,2018,Bolívar,error,0.008283459356471673
estimadores,2018,Bolívar,li,0.5040182678265777
estimadores,2018,Bolívar,ls,0.5364919492985898
estimadores,2018,Bolívar,cv,1.592191834378734
estimadores,2018,Cañar,valor,0.5210086614426962
estimadores,2018,Cañar,error,0.008230122989363858
estimadores,2018,Cañar,li,0.5048763681017939
estimadores,2018,Cañar,ls,0.5371409547835985
estimadores,2018,Cañar,cv,1.579651855801069
estimadores,2018,Carchi,valor,0.4587650678849022
estimadores,2018,Carchi,error,0.007604215511585907
estimadores,2018,Carchi,li,0.4438596484374797
estimadores,2018,Carchi,ls,0.4736704873323248
estimadores,2018,Carchi,cv,1.657540219146262
estimadores,2018,Cotopaxi,valor,0.587583528923568
estimadores,2018,Cotopaxi,error,0.006111831654277641
estimadores,2018,Cotopaxi,li,0.5756034089151014
estimadores,2018,Cotopaxi,ls,0.5995636489320346
estimadores,2018,Cotopaxi,cv,1.040163883673577
estimadores,2018,Chimborazo,valor,0.5593532497073309
estimadores,2018,Chimborazo,error,0.007193504279267638
estimadores,2018,Chimborazo,li,0.5452528867683863
estimadores,2018,Chimborazo,ls,0.5734536126462755
estimadores,2018,Chimborazo,cv,1.286039597165383
estimadores,2018,El Oro,valor,0.4673094279620887
estimadores,2018,El Oro,error,0.005224799746518193
estimadores,2018,El Oro,li,0.4570680254621222
estimadores,2018,El Oro,ls,0.4775508304620553
estimadores,2018,El Oro,cv,1.118059990636881
estimadores,2018,Esmeraldas,valor,0.3994630753883471
estimadores,2018,Esmeraldas,error,0.006048329649164952
estimadores,2018,Esmeraldas,li,0.3876074289722602
estimadores,2018,Esmeraldas,ls,0.411318721804434
estimadores,2018,Esmeraldas,cv,1.514114826078714
estimadores,2018,Guayas,valor,0.4596265345154214
estimadores,2018,Guayas,error,0.002535911423620905
estimadores,2018,Guayas,li,0.4546557622650835
estimadores,2018,Guayas,ls,0.4645973067657593
estimadores,2018,Guayas,cv,0.5517330339281837
estimadores,2018,Imbabura,valor,0.4649191367706902
estimadores,2018,Imbabura,error,0.007095244457228366
estimadores,2018,Imbabura,li,0.4510113780339928
estimadores,2018,Imbabura,ls,0.4788268955073877
estimadores,2018,Imbabura,cv,1.526124415207266
estimadores,2018,Loja,valor,0.51358859482909
estimadores,2018,Loja,error,0.007860332140660562
estimadores,2018,Loja,li,0.4981811478184032
estimadores,2018,Loja,ls,0.5289960418397768
estimadores,2018,Loja,cv,1.530472487084004
estimadores,2018,Los Ríos,valor,0.4627385272839085
estimadores,2018,Los Ríos,error,0.004819434649590352
estimadores,2018,Los Ríos,li,0.4532917020535956
estimadores,2018,Los Ríos,ls,0.4721853525142213
estimadores,2018,Los Ríos,cv,1.041502785142729
estimadores,2018,Manabí,valor,0.4561985713135144
estimadores,2018,Manabí,error,0.005765142698719992
estimadores,2018,Manabí,li,0.4448980144095523
estimadores,2018,Manabí,ls,0.4674991282174764
estimadores,2018,Manabí,cv,1.263735369034727
estimadores,2018,Morona Santiago,valor,0.4572047913270609
estimadores,2018,Morona Santiago,error,0.008839370959341113
estimadores,2018,Morona Santiago,li,0.439878279262851
estimadores,2018,Morona Santiago,ls,0.4745313033912708
estimadores,2018,Morona Santiago,cv,1.933350465047485
estimadores,2018,Napo,valor,0.5051858135302388
estimadores,2018,Napo,error,0.01001402716996573
estimadores,2018,Napo,li,0.4855567965594803
estimadores,2018,Napo,ls,0.5248148305009974
estimadores,2018,Napo,cv,1.982246314477381
estimadores,2018,Pastaza,valor,0.4731072817895692
estimadores,2018,Pastaza,error,0.01913703085300258
estimadores,2018,Pastaza,li,0.4355957894590763
estimadores,2018,Pastaza,ls,0.5106187741200622
estimadores,2018,Pastaza,cv,4.044966456786526
estimadores,2018,Pichincha,valor,0.469506587943708
estimadores,2018,Pichincha,error,0.002331915283231335
estimadores,2018,Pichincha,li,0.4649356791682452
estimadores,2018,Pichincha,ls,0.4740774967191708
estimadores,2018,Pichincha,cv,0.4966736022692236
estimadores,2018,Tungurahua,valor,0.5757619499659868
estimadores,2018,Tungurahua,error,0.004244734919239153
estimadores,2018,Tungurahua,li,0.5674416236525122
estimadores,2018,Tungurahua,ls,0.5840822762794615
estimadores,2018,Tungurahua,cv,0.7372378323176637
estimadores,2018,Zamora Chinchipe,valor,0.475475830081857
estimadores,2018,Zamora Chinchipe,error,0.02406422204489129
estimadores,2018,Zamora Chinchipe,li,0.4283062933020911
estimadores,2018,Zamora Chinchipe,ls,0.5226453668616228
estimadores,2018,Zamora Chinchipe,cv,5.061082082920692
estimadores,2018,Galápagos,valor,0.5562069315421025
estimadores,2018,Galápagos,error,0.01259006546979862
estimadores,2018,Galápagos,li,0.5315284875379923
estimadores,2018,Galápagos,ls,0.5808853755462128
estimadores,2018,Galápagos,cv,2.263557815594321
estimadores,2018,Sucumbíos,valor,0.4146487846997539
estimadores,2018,Sucumbíos,error,0.01138632224830901
estimadores,2018,Sucumbíos,li,0.3923298605693186
estimadores,2018,Sucumbíos,ls,0.4369677088301892
estimadores,2018,Sucumbíos,cv,2.746016066718686
estimadores,2018,Orellana,valor,0.4751997430955477
estimadores,2018,Orellana,error,0.01391674550235558
estimadores,2018,Orellana,li,0.4479208043622109
estimadores,2018,Orellana,ls,0.5024786818288846
estimadores,2018,Orellana,cv,2.928609643536226
estimadores,2018,Santo Domingo,valor,0.4545419420823988
estimadores,2018,Santo Domingo,error,0.006750429641376886
estimadores,2018,Santo Domingo,li,0.441310072851216
estimadores,2018,Santo Domingo,ls,0.4677738113135816
estimadores,2018,Santo Domingo,cv,1.485105997138802
estimadores,2018,Santa Elena,valor,0.4095928689551912
estimadores,2018,Santa Elena,error,0.00708791737254687
estimadores,2018,Santa Elena,li,0.3956994724193465
estimadores,2018,Santa Elena,ls,0.4234862654910359
estimadores,2018,Santa Elena,cv,1.730478704530932
estimadores,2019,Total,valor,0.4783011064566152
estimadores,2019,Total,error,0.001338566200119335
estimadores,2019,Total,li,0.475677310670838
estimadores,2019,Total,ls,0.4809249022423923
estimadores,2019,Total,cv,0.279858478696777
estimadores,2019,Urbano,valor,0.4613903229159406
estimadores,2019,Urbano,error,0.001484083416171577
estimadores,2019,Urbano,li,0.4584812909885353
estimadores,2019,Urbano,ls,0.4642993548433459
estimadores,2019,Urbano,cv,0.3216546473693507
estimadores,2019,Rural,valor,0.5143208204498074
estimadores,2019,Rural,error,0.002832148715091857
estimadores,2019,Rural,li,0.5087693730408637
estimadores,2019,Rural,ls,0.5198722678587512
estimadores,2019,Rural,cv,0.5506579944819181
estimadores,2019,Quito,valor,0.4717404099504457
estimadores,2019,Quito,error,0.003164952019985966
estimadores,2019,Quito,li,0.4655356952825712
estimadores,2019,Quito,ls,0.4779451246183203
estimadores,2019,Quito,cv,0.6709096683742717
estimadores,2019,Guayaquil,valor,0.4568253239224149
estimadores,2019,Guayaquil,error,0.003231592732553828
estimadores,2019,Guayaquil,li,0.4504899637963671
estimadores,2019,Guayaquil,ls,0.4631606840484627
estimadores,2019,Guayaquil,cv,0.707402274638931
estimadores,2019,Cuenca,valor,0.457343347534834
estimadores,2019,Cuenca,error,0.003932593241378284
estimadores,2019,Cuenca,li,0.449633714398698
estimadores,2019,Cuenca,ls,0.4650529806709699
estimadores,2019,Cuenca,cv,0.8598776526598004
estimadores,2019,Machala,valor,0.4437954013859368
estimadores,2019,Machala,error,0.003857358549535029
estimadores,2019,Machala,li,0.4362332617325029
estimadores,2019,Machala,ls,0.4513575410393706
estimadores,2019,Machala,cv,0.8691749706033034
estimadores,2019,Ambato,valor,0.5102412601598452
estimadores,2019,Ambato,error,0.003068169918902631
estimadores,2019,Ambato,li,0.5042262814874572
estimadores,2019,Ambato,ls,0.5162562388322331
estimadores,2019,Ambato,cv,0.6013174861518361
estimadores,2019,Azuay,valor,0.5099585131183845
estimadores,2019,Azuay,error,0.004363259974799413
estimadores,2019,Azuay,li,0.5014058519701288
estimadores,2019,Azuay,ls,0.5185111742666402
estimadores,2019,Azuay,cv,0.8556107727505478
estimadores,2019,Bolívar,valor,0.5185984013953702
estimadores,2019,Bolívar,error,0.009360331846025596
estimadores,2019,Bolívar,li,0.5002507102248565
estimadores,2019,Bolívar,ls,0.5369460925658839
estimadores,2019,Bolívar,cv,1.804928788989738
estimadores,2019,Cañar,valor,0.5190954764278564
estimadores,2019,Cañar,error,0.01011529175000172
estimadores,2019,Cañar,li,0.4992679476413123
estimadores,2019,Cañar,ls,0.5389230052144004
estimadores,2019,Cañar,cv,1.948638007714857
estimadores,2019,Carchi,valor,0.5049632467333753
estimadores,2019,Carchi,error,0.007404571150837441
estimadores,2019,Carchi,li,0.4904491475582114
estimadores,2019,Carchi,ls,0.5194773459085393
estimadores,2019,Carchi,cv,1.466358432764734
estimadores,2019,Cotopaxi,valor,0.5922637437292899
estimadores,2019,Cotopaxi,error,0.006107125200979105
estimadores,2019,Cotopaxi,li,0.5802928383201186
estimadores,2019,Cotopaxi,ls,0.6042346491384613
estimadores,2019,Cotopaxi,cv,1.031149596043909
estimadores,2019,Chimborazo,valor,0.5671015713248357
estimadores,2019,Chimborazo,error,0.007947174541331365
estimadores,2019,Chimborazo,li,0.5515238859862086
estimadores,2019,Chimborazo,ls,0.5826792566634629
estimadores,2019,Chimborazo,cv,1.401367046606052
estimadores,2019,El Oro,valor,0.4717482737636525
estimadores,2019,El Oro,error,0.00435943955803343
estimadores,2019,El Oro,li,0.4632031012203008
estimadores,2019,El Oro,ls,0.4802934463070042
estimadores,2019,El Oro,cv,0.9241029168487269
estimadores,2019,Esmeraldas,valor,0.4056139284628845
estimadores,2019,Esmeraldas,error,0.006125230400932902
estimadores,2019,Esmeraldas,li,0.393607534075032
estimadores,2019,Esmeraldas,ls,0.417620322850737
estimadores,2019,Esmeraldas,cv,1.510113428339379
estimadores,2019,Guayas,valor,0.4525057178580004
estimadores,2019,Guayas,error,0.002676126868874375
estimadores,2019,Guayas,li,0.4472600972826926
estimadores,2019,Guayas,ls,0.4577513384333082
estimadores,2019,Guayas,cv,0.591401779748154
estimadores,2019,Imbabura,valor,0.4624049074988176
estimadores,2019,Imbabura,error,0.009036534522233838
estimadores,2019,Imbabura,li,0.4446919089221666
estimadores,2019,Imbabura,ls,0.4801179060754686
estimadores,2019,Imbabura,cv,1.954247105878076
estimadores,2019,Loja,valor,0.5366284587113572
estimadores,2019,Loja,error,0.007868508906106488
estimadores,2019,Loja,li,0.5212049701260697
estimadores,2019,Loja,ls,0.5520519472966448
estimadores,2019,Loja,cv,1.466286175914278
estimadores,2019,Los Ríos,valor,0.4540410075325833
estimadores,2019,Los Ríos,error,0.005107625663708726
estimadores,2019,Los Ríos,li,0.4440292750605012
estimadores,2019,Los Ríos,ls,0.4640527400046653
estimadores,2019,Los Ríos,cv,1.12492607032685
estimadores,2019,Manabí,valor,0.4686862662593252
estimadores,2019,Manabí,error,0.004769138137739947
estimadores,2019,Manabí,li,0.4593380214385045
estimadores,2019,Manabí,ls,0.4780345110801459
estimadores,2019,Manabí,cv,1.017554488166114
estimadores,2019,Morona Santiago,valor,0.482689416748722
estimadores,2019,Morona Santiago,error,0.01012416577507334
estimadores,2019,Morona Santiago,li,0.4628444935071382
estimadores,2019,Morona Santiago,ls,0.5025343399903058
estimadores,2019,Morona Santiago,cv,2.097449296333707
estimadores,2019,Napo,valor,0.4927045769316582
estimadores,2019,Napo,error,0.01327910078386716
estimadores,2019,Napo,li,0.4666754954618627
estimadores,2019,Napo,ls,0.5187336584014537
estimadores,2019,Napo,cv,2.695144596902958
estimadores,2019,Pastaza,valor,0.4690427108973451
estimadores,2019,Pastaza,error,0.01232997669653931
estimadores,2019,Pastaza,li,0.4448740587289083
estimadores,2019,Pastaza,ls,0.4932113630657818
estimadores,2019,Pastaza,cv,2.628753503694859
estimadores,2019,Pichincha,valor,0.4796321084675603
estimadores,2019,Pichincha,error,0.002652245760945246
estimadores,2019,Pichincha,li,0.4744332985395993
estimadores,2019,Pichincha,ls,0.4848309183955213
estimadores,2019,Pichincha,cv,0.5529750227563486
estimadores,2019,Tungurahua,valor,0.5766037306600235
estimadores,2019,Tungurahua,error,0.004519997779813418
estimadores,2019,Tungurahua,li,0.5677438392886895
estimadores,2019,Tungurahua,ls,0.5854636220313574
estimadores,2019,Tungurahua,cv,0.7839001968716874
estimadores,2019,Zamora Chinchipe,valor,0.4695152583671311
estimadores,2019,Zamora Chinchipe,error,0.03590905242322379
estimadores,2019,Zamora Chinchipe,li,0.3991279884578014
estimadores,2019,Zamora Chinchipe,ls,0.5399025282764609
estimadores,2019,Zamora Chinchipe,cv,7.648111916129718
estimadores,2019,Galápagos,valor,0.5491051634314402
estimadores,2019,Galápagos,error,0.0100475403602036
estimadores,2019,Galápagos,li,0.529410437797267
estimadores,2019,Galápagos,ls,0.5687998890656134
estimadores,2019,Galápagos,cv,1.829802564123605
estimadores,2019,Sucumbíos,valor,0.4317012917989789
estimadores,2019,Sucumbíos,error,0.01223276641827844
estimadores,2019,Sucumbíos,li,0.4077231867386436
estimadores,2019,Sucumbíos,ls,0.4556793968593142
estimadores,2019,Sucumbíos,cv,2.833618210244924
estimadores,2019,Orellana,valor,0.4538087170690918
estimadores,2019,Orellana,error,0.01615988445801912
estimadores,2019,Orellana,li,0.4221328561846497
estimadores,2019,Orellana,ls,0.4854845779535339
estimadores,2019,Orellana,cv,3.560946242369954
estimadores,2019,Santo Domingo,valor,0.4512443646169263
estimadores,2019,Santo Domingo,error,0.008319762456676223
estimadores,2019,Santo Domingo,li,0.4349363496150923
estimadores,2019,Santo Domingo,ls,0.4675523796187603
estimadores,2019,Santo Domingo,cv,1.843737697143121
estimadores,2019,Santa Elena,valor,0.4129916468459754
estimadores,2019,Santa Elena,error,0.007552200925429597
estimadores,2019,Santa Elena,li,0.3981881705892778
estimadores,2019,Santa Elena,ls,0.427795123102673
estimadores,2019,Santa Elena,cv,1.828657064399702
estimadores,2021,Total,valor,0.4693734984247986
estimadores,2021,Total,error,0.002281955703412052
estimadores,2021,Total,li,0.464899813211589
estimadores,2021,Total,ls,0.4738471836380082
estimadores,2021,Total,cv,0.4861705467117802
estimadores,2021,Urbano,valor,0.4499153427530173
estimadores,2021,Urbano,error,0.002563195684295688
estimadores,2021,Urbano,li,0.4448902975191196
estimadores,2021,Urbano,ls,0.454940387986915
estimadores,2021,Urbano,cv,0.56970621819909
estimadores,2021,Rural,valor,0.5110538662193207
estimadores,2021,Rural,error,0.004356882312638058
estimadores,2021,Rural,li,0.5025123682627217
estimadores,2021,Rural,ls,0.5195953641759197
estimadores,2021,Rural,cv,0.8525289799428473
estimadores,2021,Quito,valor,0.472657742158028
estimadores,2021,Quito,error,0.004083251497458978
estimadores,2021,Quito,li,0.4646500566085169
estimadores,2021,Quito,ls,0.480665427707539
estimadores,2021,Quito,cv,0.863891804419822
estimadores,2021,Guayaquil,valor,0.4454789967514694
estimadores,2021,Guayaquil,error,0.0050519710508489
estimadores,2021,Guayaquil,li,0.435571550294741
estimadores,2021,Guayaquil,ls,0.4553864432081978
estimadores,2021,Guayaquil,cv,1.13405370122699
estimadores,2021,Cuenca,valor,0.4826586363301178
estimadores,2021,Cuenca,error,0.006861254799912485
estimadores,2021,Cuenca,li,0.4692029941912577
estimadores,2021,Cuenca,ls,0.4961142784689779
estimadores,2021,Cuenca,cv,1.421554341611259
estimadores,2021,Machala,valor,0.456307318650583
estimadores,2021,Machala,error,0.004629830721264647
estimadores,2021,Machala,li,0.4472277337691656
estimadores,2021,Machala,ls,0.4653869035320004
estimadores,2021,Machala,cv,1.014629950480793
estimadores,2021,Ambato,valor,0.51441233696617
estimadores,2021,Ambato,error,0.00450073533824794
estimadores,2021,Ambato,li,0.5055859217055155
estimadores,2021,Ambato,ls,0.5232387522268244
estimadores,2021,Ambato,cv,0.8749275658495586
estimadores,2021,Azuay,valor,0.505534259117022
estimadores,2021,Azuay,error,0.007363362394262515
estimadores,2021,Azuay,li,0.4910986741433693
estimadores,2021,Azuay,ls,0.5199698440906747
estimadores,2021,Azuay,cv,1.456550621736999
estimadores,2021,Bolívar,valor,0.5058275077112967
estimadores,2021,Bolívar,error,0.009703916989337459
estimadores,2021,Bolívar,li,0.4868033566813265
estimadores,2021,Bolívar,ls,0.5248516587412669
estimadores,2021,Bolívar,cv,1.918424134987141
estimadores,2021,Cañar,valor,0.5275578450427825
estimadores,2021,Cañar,error,0.009750050063127066
estimadores,2021,Cañar,li,0.5084432519197672
estimadores,2021,Cañar,ls,0.5466724381657977
estimadores,2021,Cañar,cv,1.848148057079197
estimadores,2021,Carchi,valor,0.4699344497711885
estimadores,2021,Carchi,error,0.00840795627788489
estimadores,2021,Carchi,li,0.4534509792036204
estimadores,2021,Carchi,ls,0.4864179203387567
estimadores,2021,Carchi,cv,1.789176401512749
estimadores,2021,Cotopaxi,valor,0.5850849761659559
estimadores,2021,Cotopaxi,error,0.0139194677553614
estimadores,2021,Cotopaxi,li,0.5577964021678723
estimadores,2021,Cotopaxi,ls,0.6123735501640395
estimadores,2021,Cotopaxi,cv,2.379050620403083
estimadores,2021,Chimborazo,valor,0.5692931301567158
estimadores,2021,Chimborazo,error,0.0113531282471864
estimadores,2021,Chimborazo,li,0.5470357647367091
estimadores,2021,Chimborazo,ls,0.5915504955767225
estimadores,2021,Chimborazo,cv,1.994249999830684
estimadores,2021,El Oro,valor,0.4745816833432932
estimadores,2021,El Oro,error,0.005482413265805009
estimadores,2021,El Oro,li,0.4638336258226046
estimadores,2021,El Oro,ls,0.4853297408639818
estimadores,2021,El Oro,cv,1.155209621067329
estimadores,2021,Esmeraldas,valor,0.3792792336543991
estimadores,2021,Esmeraldas,error,0.006323822195405679
estimadores,2021,Esmeraldas,li,0.3668816267226554
estimadores,2021,Esmeraldas,ls,0.3916768405861428
estimadores,2021,Esmeraldas,cv,1.667326242587796
estimadores,2021,Guayas,valor,0.4359507545439804
estimadores,2021,Guayas,error,0.005224892407470409
estimadores,2021,Guayas,li,0.4257075566287179
estimadores,2021,Guayas,ls,0.4461939524592429
estimadores,2021,Guayas,cv,1.198505187342967
estimadores,2021,Imbabura,valor,0.4593150569310309
estimadores,2021,Imbabura,error,0.005759978501143988
estimadores,2021,Imbabura,li,0.4480228435850647
estimadores,2021,Imbabura,ls,0.4706072702769971
estimadores,2021,Imbabura,cv,1.254036508106218
estimadores,2021,Loja,valor,0.5232485666095356
estimadores,2021,Loja,error,0.009295028098921701
estimadores,2021,Loja,li,0.5050260263120452
estimadores,2021,Loja,ls,0.5414711069070259
estimadores,2021,Loja,cv,1.776407751893173
estimadores,2021,Los Ríos,valor,0.4368118773075323
estimadores,2021,Los Ríos,error,0.01430973635001676
estimadores,2021,Los Ríos,li,0.4087581969410476
estimadores,2021,Los Ríos,ls,0.464865557674017
estimadores,2021,Los Ríos,cv,3.275949463238188
estimadores,2021,Manabí,valor,0.4423471284259277
estimadores,2021,Manabí,error,0.00749488391071385
estimadores,2021,Manabí,li,0.4276537006455599
estimadores,2021,Manabí,ls,0.4570405562062955
estimadores,2021,Manabí,cv,1.694344425244503
estimadores,2021,Morona Santiago,valor,0.4520606997963527
estimadores,2021,Morona Santiago,error,0.01838725339004383
estimadores,2021,Morona Santiago,li,0.4160132062014586
estimadores,2021,Morona Santiago,ls,0.4881081933912467
estimadores,2021,Morona Santiago,cv,4.067430192079745
estimadores,2021,Napo,valor,0.5208456138577304
estimadores,2021,Napo,error,0.009645618514857178
estimadores,2021,Napo,li,0.5019357547146909
estimadores,2021,Napo,ls,0.53975547300077
estimadores,2021,Napo,cv,1.851915089274782
estimadores,2021,Pastaza,valor,0.5164499145164952
estimadores,2021,Pastaza,error,0.009487229933595053
estimadores,2021,Pastaza,li,0.4978505700135401
estimadores,2021,Pastaza,ls,0.5350492590194504
estimadores,2021,Pastaza,cv,1.83700871409323
estimadores,2021,Pichincha,valor,0.4761008796869769
estimadores,2021,Pichincha,error,0.003577688491733839
estimadores,2021,Pichincha,li,0.4690869608457793
estimadores,2021,Pichincha,ls,0.4831147985281745
estimadores,2021,Pichincha,cv,0.7514559717020624
estimadores,2021,Tungurahua,valor,0.596673040934502
estimadores,2021,Tungurahua,error,0.005851730305724885
estimadores,2021,Tungurahua,li,0.5852009517518466
estimadores,2021,Tungurahua,ls,0.6081451301171574
estimadores,2021,Tungurahua,cv,0.980726445518634
estimadores,2021,Zamora Chinchipe,valor,0.5083674523955245
estimadores,2021,Zamora Chinchipe,error,0.01019588879721968
estimadores,2021,Zamora Chinchipe,li,0.4883788098116876
estimadores,2021,Zamora Chinchipe,ls,0.5283560949793613
estimadores,2021,Zamora Chinchipe,cv,2.00561400010459
estimadores,2021,Galápagos,valor,0.5139321011260033
estimadores,2021,Galápagos,error,0.01014180269901548
estimadores,2021,Galápagos,li,0.4940494922295928
estimadores,2021,Galápagos,ls,0.5338147100224139
estimadores,2021,Galápagos,cv,1.973374046259267
estimadores,2021,Sucumbíos,valor,0.4349899387659874
estimadores,2021,Sucumbíos,error,0.009540310483162224
estimadores,2021,Sucumbíos,li,0.4162865319145158
estimadores,2021,Sucumbíos,ls,0.4536933456174591
estimadores,2021,Sucumbíos,cv,2.193225551429282
estimadores,2021,Orellana,valor,0.4887170475738437
estimadores,2021,Orellana,error,0.02909865454246675
estimadores,2021,Orellana,li,0.4316702695157584
estimadores,2021,Orellana,ls,0.5457638256319289
estimadores,2021,Orellana,cv,5.954090344693784
estimadores,2021,Santo Domingo,valor,0.4582267949220127
estimadores,2021,Santo Domingo,error,0.01085720981386523
estimadores,2021,Santo Domingo,li,0.4369416582612188
estimadores,2021,Santo Domingo,ls,0.4795119315828065
estimadores,2021,Santo Domingo,cv,2.369396537736964
estimadores,2021,Santa Elena,valor,0.3934082812035952
estimadores,2021,Santa Elena,error,0.006891513729773049
estimadores,2021,Santa Elena,li,0.3798977371455233
estimadores,2021,Santa Elena,ls,0.4069188252616671
estimadores,2021,Santa Elena,cv,1.751745974611698
estimadores,2022,Total,valor,0.4690503748765933
estimadores,2022,Total,error,0.00232031916887615
estimadores,2022,Total,li,0.4645016833117077
estimadores,2022,Total,ls,0.4735990664414789
estimadores,2022,Total,cv,0.4946844290416832
estimadores,2022,Urbano,valor,0.4517821037081952
estimadores,2022,Urbano,error,0.002409270986380554
estimadores,2022,Urbano,li,0.4470590333822362
estimadores,2022,Urbano,ls,0.4565051740341542
estimadores,2022,Urbano,cv,0.5332816343554625
estimadores,2022,Rural,valor,0.5060399935339317
estimadores,2022,Rural,error,0.004913429838074374
estimadores,2022,Rural,li,0.4964078372517719
estimadores,2022,Rural,ls,0.5156721498160916
estimadores,2022,Rural,cv,0.9709568217645058
estimadores,2022,Quito,valor,0.4772774963441853
estimadores,2022,Quito,error,0.003699690614300518
estimadores,2022,Quito,li,0.4700227137801167
estimadores,2022,Quito,ls,0.4845322789082539
estimadores,2022,Quito,cv,0.7751655258500837
estimadores,2022,Guayaquil,valor,0.4416999510515919
estimadores,2022,Guayaquil,error,0.005276915784417279
estimadores,2022,Guayaquil,li,0.4313523623973209
estimadores,2022,Guayaquil,ls,0.4520475397058629
estimadores,2022,Guayaquil,cv,1.194683352772416
estimadores,2022,Cuenca,valor,0.4871055582911143
estimadores,2022,Cuenca,error,0.005507578707619267
estimadores,2022,Cuenca,li,0.4763056590174217
estimadores,2022,Cuenca,ls,0.497905457564807
estimadores,2022,Cuenca,cv,1.130674576356961
estimadores,2022,Machala,valor,0.4670860524803727
estimadores,2022,Machala,error,0.004656820082514949
estimadores,2022,Machala,li,0.4579544194167736
estimadores,2022,Machala,ls,0.4762176855439718
estimadores,2022,Machala,cv,0.9969940352073844
estimadores,2022,Ambato,valor,0.533777000031315
estimadores,2022,Ambato,error,0.004831626130833149
estimadores,2022,Ambato,li,0.5243025869886196
estimadores,2022,Ambato,ls,0.5432514130740104
estimadores,2022,Ambato,cv,0.9051769054398547
estimadores,2022,Azuay,valor,0.5211938292416515
estimadores,2022,Azuay,error,0.007236955388906425
estimadores,2022,Azuay,li,0.5070066956892806
estimadores,2022,Azuay,ls,0.5353809627940224
estimadores,2022,Azuay,cv,1.388534357637418
estimadores,2022,Bolívar,valor,0.501463988324115
estimadores,2022,Bolívar,error,0.009678878811286968
estimadores,2022,Bolívar,li,0.4824897734846214
estimadores,2022,Bolívar,ls,0.5204382031636086
estimadores,2022,Bolívar,cv,1.930124403077006
estimadores,2022,Cañar,valor,0.5202023022762502
estimadores,2022,Cañar,error,0.01222209253489849
estimadores,2022,Cañar,li,0.4962424393554644
estimadores,2022,Cañar,ls,0.5441621651970361
estimadores,2022,Cañar,cv,2.349488358936179
estimadores,2022,Carchi,valor,0.4675931540828623
estimadores,2022,Carchi,error,0.00813888723584802
estimadores,2022,Carchi,li,0.4516378974897841
estimadores,2022,Carchi,ls,0.4835484106759406
estimadores,2022,Carchi,cv,1.74059161576299
estimadores,2022,Cotopaxi,valor,0.6119081429659814
estimadores,2022,Cotopaxi,error,0.01020864141613289
estimadores,2022,Cotopaxi,li,0.5918953957019931
estimadores,2022,Cotopaxi,ls,0.6319208902299697
estimadores,2022,Cotopaxi,cv,1.668329067603278
estimadores,2022,Chimborazo,valor,0.5812487527236136
estimadores,2022,Chimborazo,error,0.01753587488708133
estimadores,2022,Chimborazo,li,0.5468718931726964
estimadores,2022,Chimborazo,ls,0.6156256122745309
estimadores,2022,Chimborazo,cv,3.016931185643286
estimadores,2022,El Oro,valor,0.4830010218006335
estimadores,2022,El Oro,error,0.006218221679368281
estimadores,2022,El Oro,li,0.4708109865326703
estimadores,2022,El Oro,ls,0.4951910570685968
estimadores,2022,El Oro,cv,1.28741377320211
estimadores,2022,Esmeraldas,valor,0.3757830404216405
estimadores,2022,Esmeraldas,error,0.005941741725553022
estimadores,2022,Esmeraldas,li,0.364135009051524
estimadores,2022,Esmeraldas,ls,0.387431071791757
estimadores,2022,Esmeraldas,cv,1.581162821740491
estimadores,2022,Guayas,valor,0.4339830526556273
estimadores,2022,Guayas,error,0.004322687011374719
estimadores,2022,Guayas,li,0.4255089727919487
estimadores,2022,Guayas,ls,0.4424571325193059
estimadores,2022,Guayas,cv,0.9960497270396506
estimadores,2022,Imbabura,valor,0.4610990833847334
estimadores,2022,Imbabura,error,0.005143864218455449
estimadores,2022,Imbabura,li,0.4510151897138734
estimadores,2022,Imbabura,ls,0.4711829770555934
estimadores,2022,Imbabura,cv,1.115565917133584
estimadores,2022,Loja,valor,0.5280068066793304
estimadores,2022,Loja,error,0.0121358288200855
estimadores,2022,Loja,li,0.5042160528350841
estimadores,2022,Loja,ls,0.5517975605235768
estimadores,2022,Loja,cv,2.298422798071208
estimadores,2022,Los Ríos,valor,0.4402722334318608
estimadores,2022,Los Ríos,error,0.009194434948753232
estimadores,2022,Los Ríos,li,0.4222477093679837
estimadores,2022,Los Ríos,ls,0.4582967574957378
estimadores,2022,Los Ríos,cv,2.088352217237024
estimadores,2022,Manabí,valor,0.4258782552194125
estimadores,2022,Manabí,error,0.00958198202715066
estimadores,2022,Manabí,li,0.4070939942408263
estimadores,2022,Manabí,ls,0.4446625161979987
estimadores,2022,Manabí,cv,2.24993455517329
estimadores,2022,Morona Santiago,valor,0.4660762656545538
estimadores,2022,Morona Santiago,error,0.01016663934421237
estimadores,2022,Morona Santiago,li,0.4461458581276221
estimadores,2022,Morona Santiago,ls,0.4860066731814855
estimadores,2022,Morona Santiago,cv,2.181325266570788
estimadores,2022,Napo,valor,0.5219585788455932
estimadores,2022,Napo,error,0.01085028237745048
estimadores,2022,Napo,li,0.5006879758229749
estimadores,2022,Napo,ls,0.5432291818682115
estimadores,2022,Napo,cv,2.078763108261935
estimadores,2022,Pastaza,valor,0.5004823874372054
estimadores,2022,Pastaza,error,0.008576970963337458
estimadores,2022,Pastaza,li,0.4836683232358143
estimadores,2022,Pastaza,ls,0.5172964516385965
estimadores,2022,Pastaza,cv,1.713740818584469
estimadores,2022,Pichincha,valor,0.4793225002384186
estimadores,2022,Pichincha,error,0.003179277453221582
estimadores,2022,Pichincha,li,0.473089929854188
estimadores,2022,Pichincha,ls,0.4855550706226492
estimadores,2022,Pichincha,cv,0.6632856691768456
estimadores,2022,Tungurahua,valor,0.600178567598943
estimadores,2022,Tungurahua,error,0.007447096241392431
estimadores,2022,Tungurahua,li,0.5855794795465349
estimadores,2022,Tungurahua,ls,0.614777655651351
estimadores,2022,Tungurahua,cv,1.240813425108642
estimadores,2022,Zamora Chinchipe,valor,0.4967076152710981
estimadores,2022,Zamora Chinchipe,error,0.008168341939419909
estimadores,2022,Zamora Chinchipe,li,0.480694616465879
estimadores,2022,Zamora Chinchipe,ls,0.5127206140763172
estimadores,2022,Zamora Chinchipe,cv,1.644497021645563
estimadores,2022,Galápagos,valor,0.5146177445235697
estimadores,2022,Galápagos,error,0.01383343931624812
estimadores,2022,Galápagos,li,0.4874990405214594
estimadores,2022,Galápagos,ls,0.54173644852568
estimadores,2022,Galápagos,cv,2.688099946700253
estimadores,2022,Sucumbíos,valor,0.3907640614537852
estimadores,2022,Sucumbíos,error,0.02008458108408412
estimadores,2022,Sucumbíos,li,0.3513907865238176
estimadores,2022,Sucumbíos,ls,0.4301373363837529
estimadores,2022,Sucumbíos,cv,5.139822994305599
estimadores,2022,Orellana,valor,0.5311421233489875
estimadores,2022,Orellana,error,0.01107057133185623
estimadores,2022,Orellana,li,0.5094396717590757
estimadores,2022,Orellana,ls,0.5528445749388993
estimadores,2022,Orellana,cv,2.084295491770344
estimadores,2022,Santo Domingo,valor,0.434323502081783
estimadores,2022,Santo Domingo,error,0.01081087738536219
estimadores,2022,Santo Domingo,li,0.4131301475504631
estimadores,2022,Santo Domingo,ls,0.4555168566131029
estimadores,2022,Santo Domingo,cv,2.48913018373261
estimadores,2022,Santa Elena,valor,0.3969673761709825
estimadores,2022,Santa Elena,error,0.006322490577160175
estimadores,2022,Santa Elena,li,0.3845729349479128
estimadores,2022,Santa Elena,ls,0.4093618173940521
estimadores,2022,Santa Elena,cv,1.592697777370234
estimadores,2023,Total,valor,0.460689541045143
estimadores,2023,Total,error,0.002452116152571553
estimadores,2023,Total,li,0.4558824659367363
estimadores,2023,Total,ls,0.4654966161535498
estimadores,2023,Total,cv,0.5322708536010089
estimadores,2023,Urbano,valor,0.44482238455755
estimadores,2023,Urbano,error,0.002608180921010241
estimadores,2023,Urbano,li,0.4397093634755506
estimadores,2023,Urbano,ls,0.4499354056395494
estimadores,2023,Urbano,cv,0.5863421022762854
estimadores,2023,Rural,valor,0.4946779657476147
estimadores,2023,Rural,error,0.005101036699211074
estimadores,2023,Rural,li,0.4846780044822679
estimadores,2023,Rural,ls,0.5046779270129614
estimadores,2023,Rural,cv,1.03118332580304
estimadores,2023,Quito,valor,0.4819442025085841
estimadores,2023,Quito,error,0.003911085196511409
estimadores,2023,Quito,li,0.4742748475488147
estimadores,2023,Quito,ls,0.4896135574683534
estimadores,2023,Quito,cv,0.8115224078127068
estimadores,2023,Guayaquil,valor,0.4308205135423053
estimadores,2023,Guayaquil,error,0.004207294904074511
estimadores,2023,Guayaquil,li,0.4225703127876509
estimadores,2023,Guayaquil,ls,0.4390707142969598
estimadores,2023,Guayaquil,cv,0.9765771990477343
estimadores,2023,Cuenca,valor,0.4931799767417368
estimadores,2023,Cuenca,error,0.005158030982867808
estimadores,2023,Cuenca,li,0.4830654513572255
estimadores,2023,Cuenca,ls,0.5032945021262482
estimadores,2023,Cuenca,cv,1.045871938464548
estimadores,2023,Machala,valor,0.4704800004374378
estimadores,2023,Machala,error,0.004724813788673924
estimadores,2023,Machala,li,0.4612149826115733
estimadores,2023,Machala,ls,0.4797450182633023
estimadores,2023,Machala,cv,1.004253907558438
estimadores,2023,Ambato,valor,0.5457521812172438
estimadores,2023,Ambato,error,0.004439271379849063
estimadores,2023,Ambato,li,0.5370470913856094
estimadores,2023,Ambato,ls,0.5544572710488782
estimadores,2023,Ambato,cv,0.8134225629566385
estimadores,2023,Azuay,valor,0.507003661059176
estimadores,2023,Azuay,error,0.007654208612459339
estimadores,2023,Azuay,li,0.4919985171727745
estimadores,2023,Azuay,ls,0.5220088049455776
estimadores,2023,Azuay,cv,1.509694939178351
estimadores,2023,Bolívar,valor,0.4677292450512769
estimadores,2023,Bolívar,error,0.01411351419653396
estimadores,2023,Bolívar,li,0.440061419155202
estimadores,2023,Bolívar,ls,0.4953970709473519
estimadores,2023,Bolívar,cv,3.017453867992945
estimadores,2023,Cañar,valor,0.5047156765450241
estimadores,2023,Cañar,error,0.009209793745125658
estimadores,2023,Cañar,li,0.4866609974388469
estimadores,2023,Cañar,ls,0.5227703556512013
estimadores,2023,Cañar,cv,1.824748897868656
estimadores,2023,Carchi,valor,0.4615256422166512
estimadores,2023,Carchi,error,0.01706907416269204
estimadores,2023,Carchi,li,0.4280638009229686
estimadores,2023,Carchi,ls,0.4949874835103337
estimadores,2023,Carchi,cv,3.698402125765184
estimadores,2023,Cotopaxi,valor,0.5816819160888443
estimadores,2023,Cotopaxi,error,0.01783508588978966
estimadores,2023,Cotopaxi,li,0.5467184020859727
estimadores,2023,Cotopaxi,ls,0.616645430091716
estimadores,2023,Cotopaxi,cv,3.0661234940413
estimadores,2023,Chimborazo,valor,0.6342014700029148
estimadores,2023,Chimborazo,error,0.009547770329250424
estimadores,2023,Chimborazo,li,0.6154842289609718
estimadores,2023,Chimborazo,ls,0.6529187110448579
estimadores,2023,Chimborazo,cv,1.505479060022763
estimadores,2023,El Oro,valor,0.4788309563835998
estimadores,2023,El Oro,error,0.00566852657436658
estimadores,2023,El Oro,li,0.4677185003246145
estimadores,2023,El Oro,ls,0.4899434124425851
estimadores,2023,El Oro,cv,1.183826254087345
estimadores,2023,Esmeraldas,valor,0.3789719128691423
estimadores,2023,Esmeraldas,error,0.007077352205603057
estimadores,2023,Esmeraldas,li,0.3650976257211606
estimadores,2023,Esmeraldas,ls,0.3928462000171239
estimadores,2023,Esmeraldas,cv,1.867513650819511
estimadores,2023,Guayas,valor,0.4146089756105749
estimadores,2023,Guayas,error,0.004648841113852873
estimadores,2023,Guayas,li,0.4054954887237878
estimadores,2023,Guayas,ls,0.4237224624973621
estimadores,2023,Guayas,cv,1.121259159188907
estimadores,2023,Imbabura,valor,0.4726558408323368
estimadores,2023,Imbabura,error,0.008259726300949961
estimadores,2023,Imbabura,li,0.4564636532551253
estimadores,2023,Imbabura,ls,0.4888480284095483
estimadores,2023,Imbabura,cv,1.747513854140628
estimadores,2023,Loja,valor,0.5285670886429525
estimadores,2023,Loja,error,0.008740065748374834
estimadores,2023,Loja,li,0.5114332540728446
estimadores,2023,Loja,ls,0.5457009232130605
estimadores,2023,Loja,cv,1.653539529071731
estimadores,2023,Los Ríos,valor,0.4106941618137401
estimadores,2023,Los Ríos,error,0.009985702433671412
estimadores,2023,Los Ríos,li,0.3911184082106663
estimadores,2023,Los Ríos,ls,0.4302699154168139
estimadores,2023,Los Ríos,cv,2.431420595211717
estimadores,2023,Manabí,valor,0.4158304883647226
estimadores,2023,Manabí,error,0.00810381304350086
estimadores,2023,Manabí,li,0.3999439497422592
estimadores,2023,Manabí,ls,0.4317170269871861
estimadores,2023,Manabí,cv,1.948826089056041
estimadores,2023,Morona Santiago,valor,0.4529345068106675
estimadores,2023,Morona Santiago,error,0.01087275893870104
estimadores,2023,Morona Santiago,li,0.4316197869516085
estimadores,2023,Morona Santiago,ls,0.4742492266697266
estimadores,2023,Morona Santiago,cv,2.400514594319924
estimadores,2023,Napo,valor,0.4851836213385011
estimadores,2023,Napo,error,0.0273125505893076
estimadores,2023,Napo,li,0.4316406919192439
estimadores,2023,Napo,ls,0.5387265507577584
estimadores,2023,Napo,cv,5.629322464340214
estimadores,2023,Pastaza,valor,0.4473694584803563
estimadores,2023,Pastaza,error,0.02999876892667648
estimadores,2023,Pastaza,li,0.388560525127407
estimadores,2023,Pastaza,ls,0.5061783918333056
estimadores,2023,Pastaza,cv,6.7055916218728
estimadores,2023,Pichincha,valor,0.4842969047403651
estimadores,2023,Pichincha,error,0.003350506667051444
estimadores,2023,Pichincha,li,0.4777286444306554
estimadores,2023,Pichincha,ls,0.4908651650500747
estimadores,2023,Pichincha,cv,0.6918290483082219
estimadores,2023,Tungurahua,valor,0.6113950919860026
estimadores,2023,Tungurahua,error,0.008577429186958474
estimadores,2023,Tungurahua,li,0.5945800865893339
estimadores,2023,Tungurahua,ls,0.6282100973826713
estimadores,2023,Tungurahua,cv,1.402927386789498
estimadores,2023,Zamora Chinchipe,valor,0.4801961314219356
estimadores,2023,Zamora Chinchipe,error,0.01319521803278257
estimadores,2023,Zamora Chinchipe,li,0.4543285133285315
estimadores,2023,Zamora Chinchipe,ls,0.5060637495153396
estimadores,2023,Zamora Chinchipe,cv,2.74788095308254
estimadores,2023,Galápagos,valor,0.5091623173316828
estimadores,2023,Galápagos,error,0.01007625087229117
estimadores,2023,Galápagos,li,0.4894090545413147
estimadores,2023,Galápagos,ls,0.5289155801220509
estimadores,2023,Galápagos,cv,1.978985979382133
estimadores,2023,Sucumbíos,valor,0.3923269510130287
estimadores,2023,Sucumbíos,error,0.01535353114872545
estimadores,2023,Sucumbíos,li,0.3622282228863922
estimadores,2023,Sucumbíos,ls,0.4224256791396652
estimadores,2023,Sucumbíos,cv,3.913453080162105
estimadores,2023,Orellana,valor,0.5191077084369226
estimadores,2023,Orellana,error,0.01348335749910993
estimadores,2023,Orellana,li,0.4926752280082334
estimadores,2023,Orellana,ls,0.5455401888656117
estimadores,2023,Orellana,cv,2.59741037938147
estimadores,2023,Santo Domingo,valor,0.4248841597128926
estimadores,2023,Santo Domingo,error,0.008952883049479051
estimadores,2023,Santo Domingo,li,0.4073331227399932
estimadores,2023,Santo Domingo,ls,0.4424351966857919
estimadores,2023,Santo Domingo,cv,2.107135049592998
estimadores,2023,Santa Elena,valor,0.3671576589776488
estimadores,2023,Santa Elena,error,0.005408359401752838
estimadores,2023,Santa Elena,li,0.3565552289784749
estimadores,2023,Santa Elena,ls,0.3777600889768227
estimadores,2023,Santa Elena,cv,1.473034613199252
estimadores,2024,Total,valor,0.456673204066209
estimadores,2024,Total,error,0.00276654361954826
estimadores,2024,Total,li,0.451249517104872
estimadores,2024,Total,ls,0.462096891027546
estimadores,2024,Total,cv,0.605803799065723
estimadores,2024,Urbano,valor,0.440075660636537
estimadores,2024,Urbano,error,0.00286890920833037
estimadores,2024,Urbano,li,0.434451290445323
estimadores,2024,Urbano,ls,0.445700030827751
estimadores,2024,Urbano,cv,0.651912719776574
estimadores,2024,Rural,valor,0.492226363771552
estimadores,2024,Rural,error,0.00587939770332355
estimadores,2024,Rural,li,0.480700063431044
estimadores,2024,Rural,ls,0.503752664112061
estimadores,2024,Rural,cv,1.19444997993895
estimadores,2024,Quito,valor,0.476489917878325
estimadores,2024,Quito,error,0.00460398525146031
estimadores,2024,Quito,li,0.467464007496109
estimadores,2024,Quito,ls,0.48551582826054
estimadores,2024,Quito,cv,0.966229311201497
estimadores,2024,Guayaquil,valor,0.411242116523976
estimadores,2024,Guayaquil,error,0.00491214796694443
estimadores,2024,Guayaquil,li,0.401612066705776
estimadores,2024,Guayaquil,ls,0.420872166342176
estimadores,2024,Guayaquil,cv,1.19446617201185
estimadores,2024,Cuenca,valor,0.478514648905757
estimadores,2024,Cuenca,error,0.00499490470531213
estimadores,2024,Cuenca,li,0.468722358145583
estimadores,2024,Cuenca,ls,0.488306939665931
estimadores,2024,Cuenca,cv,1.04383527583413
estimadores,2024,Machala,valor,0.448914524158876
estimadores,2024,Machala,error,0.00578351259967369
estimadores,2024,Machala,li,0.437576202342464
estimadores,2024,Machala,ls,0.460252845975287
estimadores,2024,Machala,cv,1.2883326977469
estimadores,2024,Ambato,valor,0.541985796478347
estimadores,2024,Ambato,error,0.00599774852304863
estimadores,2024,Ambato,li,0.530227474566492
estimadores,2024,Ambato,ls,0.553744118390201
estimadores,2024,Ambato,cv,1.10662466839908
estimadores,2024,Azuay,valor,0.489352925707599
estimadores,2024,Azuay,error,0.0158768988881798
estimadores,2024,Azuay,li,0.458226964462012
estimadores,2024,Azuay,ls,0.520478886953185
estimadores,2024,Azuay,cv,3.24446796046473
estimadores,2024,Bolívar,valor,0.430774155965453
estimadores,2024,Bolívar,error,0.0120211981545218
estimadores,2024,Bolívar,li,0.40720712625024
estimadores,2024,Bolívar,ls,0.454341185680666
estimadores,2024,Bolívar,cv,2.79060337953187
estimadores,2024,Cañar,valor,0.484839754951111
estimadores,2024,Cañar,error,0.00645098548958607
estimadores,2024,Cañar,li,0.472192881921379
estimadores,2024,Cañar,ls,0.497486627980843
estimadores,2024,Cañar,cv,1.33053971414464
estimadores,2024,Carchi,valor,0.469661125909149
estimadores,2024,Carchi,error,0.0129911043045314
estimadores,2024,Carchi,li,0.444192637889661
estimadores,2024,Carchi,ls,0.495129613928636
estimadores,2024,Carchi,cv,2.76605909833048
estimadores,2024,Cotopaxi,valor,0.58911350841236
estimadores,2024,Cotopaxi,error,0.0234992948544985
estimadores,2024,Cotopaxi,li,0.543044175472016
estimadores,2024,Cotopaxi,ls,0.635182841352704
estimadores,2024,Cotopaxi,cv,3.98892480293454
estimadores,2024,Chimborazo,valor,0.607024416481367
estimadores,2024,Chimborazo,error,0.0148257164038273
estimadores,2024,Chimborazo,li,0.577959252215117
estimadores,2024,Chimborazo,ls,0.636089580747617
estimadores,2024,Chimborazo,cv,2.44235915414489
estimadores,2024,El Oro,valor,0.465472906077917
estimadores,2024,El Oro,error,0.0065386566899529
estimadores,2024,El Oro,li,0.452654157519835
estimadores,2024,El Oro,ls,0.478291654635999
estimadores,2024,El Oro,cv,1.40473411117475
estimadores,2024,Esmeraldas,valor,0.392475237721246
estimadores,2024,Esmeraldas,error,0.00702213702905486
estimadores,2024,Esmeraldas,li,0.378708647244923
estimadores,2024,Esmeraldas,ls,0.406241828197569
estimadores,2024,Esmeraldas,cv,1.78919237550531
estimadores,2024,Guayas,valor,0.414066371581535
estimadores,2024,Guayas,error,0.00470752645060158
estimadores,2024,Guayas,li,0.404837473237093
estimadores,2024,Guayas,ls,0.423295269925978
estimadores,2024,Guayas,cv,1.13690141815214
estimadores,2024,Imbabura,valor,0.468020854049
estimadores,2024,Imbabura,error,0.00849191815111725
estimadores,2024,Imbabura,li,0.451372822394081
estimadores,2024,Imbabura,ls,0.484668885703919
estimadores,2024,Imbabura,cv,1.81443157450163
estimadores,2024,Loja,valor,0.531682248277838
estimadores,2024,Loja,error,0.0102002840470757
estimadores,2024,Loja,li,0.511685040499459
estimadores,2024,Loja,ls,0.551679456056218
estimadores,2024,Loja,cv,1.91849249812557
estimadores,2024,Los Ríos,valor,0.402883278906413
estimadores,2024,Los Ríos,error,0.0100058934622902
estimadores,2024,Los Ríos,li,0.383267165310919
estimadores,2024,Los Ríos,ls,0.422499392501908
estimadores,2024,Los Ríos,cv,2.48357129376284
estimadores,2024,Manabí,valor,0.397918103518131
estimadores,2024,Manabí,error,0.0106828548747098
estimadores,2024,Manabí,li,0.376974836878699
estimadores,2024,Manabí,ls,0.418861370157562
estimadores,2024,Manabí,cv,2.68468681878483
estimadores,2024,Morona Santiago,valor,0.454064819218593
estimadores,2024,Morona Santiago,error,0.0110769243372504
estimadores,2024,Morona Santiago,li,0.432348996747856
estimadores,2024,Morona Santiago,ls,0.47578064168933
estimadores,2024,Morona Santiago,cv,2.43950287897504
estimadores,2024,Napo,valor,0.576708494023973
estimadores,2024,Napo,error,0.0177396863226817
estimadores,2024,Napo,li,0.54193062002745
estimadores,2024,Napo,ls,0.611486368020496
estimadores,2024,Napo,cv,3.07602306997482
estimadores,2024,Pastaza,valor,0.539138464086233
estimadores,2024,Pastaza,error,0.0147229505298702
estimadores,2024,Pastaza,li,0.510274767791322
estimadores,2024,Pastaza,ls,0.568002160381144
estimadores,2024,Pastaza,cv,2.73082918593531
estimadores,2024,Pichincha,valor,0.484465249165785
estimadores,2024,Pichincha,error,0.003923508877266
estimadores,2024,Pichincha,li,0.47677338275531
estimadores,2024,Pichincha,ls,0.49215711557626
estimadores,2024,Pichincha,cv,0.809863841425572
estimadores,2024,Tungurahua,valor,0.621803884309071
estimadores,2024,Tungurahua,error,0.00928299793089824
estimadores,2024,Tungurahua,li,0.603604975575382
estimadores,2024,Tungurahua,ls,0.640002793042761
estimadores,2024,Tungurahua,cv,1.49291411088775
estimadores,2024,Zamora Chinchipe,valor,0.493833183845602
estimadores,2024,Zamora Chinchipe,error,0.0116935045253676
estimadores,2024,Zamora Chinchipe,li,0.470908583062721
estimadores,2024,Zamora Chinchipe,ls,0.516757784628483
estimadores,2024,Zamora Chinchipe,cv,2.36790578435969
estimadores,2024,Galápagos,valor,0.499768645769529
estimadores,2024,Galápagos,error,0.0111236366589845
estimadores,2024,Galápagos,li,0.477961245848673
estimadores,2024,Galápagos,ls,0.521576045690386
estimadores,2024,Galápagos,cv,2.22575720848926
estimadores,2024,Sucumbíos,valor,0.411745328484162
estimadores,2024,Sucumbíos,error,0.0187928999504279
estimadores,2024,Sucumbíos,li,0.374902675541106
estimadores,2024,Sucumbíos,ls,0.448587981427219
estimadores,2024,Sucumbíos,cv,4.56420477667926
estimadores,2024,Orellana,valor,0.489739058533399
estimadores,2024,Orellana,error,0.0174872861511108
estimadores,2024,Orellana,li,0.45545600396062
estimadores,2024,Orellana,ls,0.524022113106177
estimadores,2024,Orellana,cv,3.57073544501009
estimadores,2024,Santo Domingo,valor,0.393259623062737
estimadores,2024,Santo Domingo,error,0.0133523967448106
estimadores,2024,Santo Domingo,li,0.367082837120988
estimadores,2024,Santo Domingo,ls,0.419436409004486
estimadores,2024,Santo Domingo,cv,3.39531341682654
estimadores,2024,Santa Elena,valor,0.353754814498778
estimadores,2024,Santa Elena,error,0.00753571490440798
estimadores,2024,Santa Elena,li,0.338981377209521
estimadores,2024,Santa Elena,ls,0.368528251788034
estimadores,2024,Santa Elena,cv,2.13020843690426
estimadores,2025,Total,valor,0.457
estimadores,2025,Total,error,0.005
estimadores,2025,Total,li,0.44799999999999995
estimadores,2025,Total,ls,0.466
estimadores,2025,Total,cv,1.0
estimadores,2025,Urbano,valor,0.436
estimadores,2025,Urbano,error,0.006
estimadores,2025,Urbano,li,0.425
estimadores,2025,Urbano,ls,0.447
estimadores,2025,Urbano,cv,1.3
estimadores,2025,Rural,valor,0.502
estimadores,2025,Rural,error,0.005
estimadores,2025,Rural,li,0.49200000000000005
estimadores,2025,Rural,ls,0.512
estimadores,2025,Rural,cv,1.0
estimadores,2025,Quito,valor,0.47
estimadores,2025,Quito,error,0.006
estimadores,2025,Quito,li,0.45899999999999996
estimadores,2025,Quito,ls,0.48200000000000004
estimadores,2025,Quito,cv,1.3
estimadores,2025,Guayaquil,valor,0.40700000000000003
estimadores,2025,Guayaquil,error,0.006999999999999999
estimadores,2025,Guayaquil,li,0.39399999999999996
estimadores,2025,Guayaquil,ls,0.42
estimadores,2025,Guayaquil,cv,1.6
estimadores,2025,Cuenca,valor,0.466
estimadores,2025,Cuenca,error,0.008
estimadores,2025,Cuenca,li,0.449
estimadores,2025,Cuenca,ls,0.48200000000000004
estimadores,2025,Cuenca,cv,1.8
estimadores,2025,Machala,valor,0.452
estimadores,2025,Machala,error,0.006
estimadores,2025,Machala,li,0.44
estimadores,2025,Machala,ls,0.46399999999999997
estimadores,2025,Machala,cv,1.4
estimadores,2025,Ambato,valor,0.521
estimadores,2025,Ambato,error,0.011000000000000001
estimadores,2025,Ambato,li,0.499
estimadores,2025,Ambato,ls,0.542
estimadores,2025,Ambato,cv,2.1
estimadores,2025,Azuay,valor,0.506
estimadores,2025,Azuay,error,0.008
estimadores,2025,Azuay,li,0.49
estimadores,2025,Azuay,ls,0.522
estimadores,2025,Azuay,cv,1.7
estimadores,2025,Bolívar,valor,0.442
estimadores,2025,Bolívar,error,0.01
estimadores,2025,Bolívar,li,0.42200000000000004
estimadores,2025,Bolívar,ls,0.461
estimadores,2025,Bolívar,cv,2.3
estimadores,2025,Cañar,valor,0.52
estimadores,2025,Cañar,error,0.011000000000000001
estimadores,2025,Cañar,li,0.498
estimadores,2025,Cañar,ls,0.542
estimadores,2025,Cañar,cv,2.1
estimadores,2025,Carchi,valor,0.465
estimadores,2025,Carchi,error,0.01
estimadores,2025,Carchi,li,0.445
estimadores,2025,Carchi,ls,0.486
estimadores,2025,Carchi,cv,2.2
estimadores,2025,Cotopaxi,valor,0.624
estimadores,2025,Cotopaxi,error,0.012
estimadores,2025,Cotopaxi,li,0.601
estimadores,2025,Cotopaxi,ls,0.647
estimadores,2025,Cotopaxi,cv,1.9
estimadores,2025,Chimborazo,valor,0.606
estimadores,2025,Chimborazo,error,0.013000000000000001
estimadores,2025,Chimborazo,li,0.58
estimadores,2025,Chimborazo,ls,0.632
estimadores,2025,Chimborazo,cv,2.2
estimadores,2025,El Oro,valor,0.466
estimadores,2025,El Oro,error,0.006999999999999999
estimadores,2025,El Oro,li,0.452
estimadores,2025,El Oro,ls,0.48
estimadores,2025,El Oro,cv,1.6
estimadores,2025,Esmeraldas,valor,0.391
estimadores,2025,Esmeraldas,error,0.005
estimadores,2025,Esmeraldas,li,0.381
estimadores,2025,Esmeraldas,ls,0.402
estimadores,2025,Esmeraldas,cv,1.3
estimadores,2025,Guayas,valor,0.39899999999999997
estimadores,2025,Guayas,error,0.011000000000000001
estimadores,2025,Guayas,li,0.377
estimadores,2025,Guayas,ls,0.42100000000000004
estimadores,2025,Guayas,cv,2.8
estimadores,2025,Imbabura,valor,0.465
estimadores,2025,Imbabura,error,0.008
estimadores,2025,Imbabura,li,0.449
estimadores,2025,Imbabura,ls,0.48100000000000004
estimadores,2025,Imbabura,cv,1.8
estimadores,2025,Loja,valor,0.49200000000000005
estimadores,2025,Loja,error,0.011000000000000001
estimadores,2025,Loja,li,0.47100000000000003
estimadores,2025,Loja,ls,0.513
estimadores,2025,Loja,cv,2.2
estimadores,2025,Los Ríos,valor,0.41700000000000004
estimadores,2025,Los Ríos,error,0.01
estimadores,2025,Los Ríos,li,0.397
estimadores,2025,Los Ríos,ls,0.43700000000000006
estimadores,2025,Los Ríos,cv,2.4
estimadores,2025,Manabí,valor,0.419
estimadores,2025,Manabí,error,0.008
estimadores,2025,Manabí,li,0.402
estimadores,2025,Manabí,ls,0.435
estimadores,2025,Manabí,cv,2.0
estimadores,2025,Morona Santiago,valor,0.414
estimadores,2025,Morona Santiago,error,0.019
estimadores,2025,Morona Santiago,li,0.37799999999999995
estimadores,2025,Morona Santiago,ls,0.451
estimadores,2025,Morona Santiago,cv,4.5
estimadores,2025,Napo,valor,0.5539999999999999
estimadores,2025,Napo,error,0.012
estimadores,2025,Napo,li,0.531
estimadores,2025,Napo,ls,0.578
estimadores,2025,Napo,cv,2.2
estimadores,2025,Pastaza,valor,0.562
estimadores,2025,Pastaza,error,0.013000000000000001
estimadores,2025,Pastaza,li,0.5379999999999999
estimadores,2025,Pastaza,ls,0.5870000000000001
estimadores,2025,Pastaza,cv,2.2
estimadores,2025,Pichincha,valor,0.484
estimadores,2025,Pichincha,error,0.005
estimadores,2025,Pichincha,li,0.475
estimadores,2025,Pichincha,ls,0.494
estimadores,2025,Pichincha,cv,1.0
estimadores,2025,Tungurahua,valor,0.59
estimadores,2025,Tungurahua,error,0.02
estimadores,2025,Tungurahua,li,0.551
estimadores,2025,Tungurahua,ls,0.628
estimadores,2025,Tungurahua,cv,3.4
estimadores,2025,Zamora Chinchipe,valor,0.489
estimadores,2025,Zamora Chinchipe,error,0.011000000000000001
estimadores,2025,Zamora Chinchipe,li,0.46799999999999997
estimadores,2025,Zamora Chinchipe,ls,0.511
estimadores,2025,Zamora Chinchipe,cv,2.2
estimadores,2025,Galápagos,valor,0.48
estimadores,2025,Galápagos,error,0.016
estimadores,2025,Galápagos,li,0.449
estimadores,2025,Galápagos,ls,0.512
estimadores,2025,Galápagos,cv,3.3
estimadores,2025,Sucumbíos,valor,0.43200000000000005
estimadores,2025,Sucumbíos,error,0.013999999999999999
estimadores,2025,Sucumbíos,li,0.405
estimadores,2025,Sucumbíos,ls,0.45799999999999996
estimadores,2025,Sucumbíos,cv,3.1
estimadores,2025,Orellana,valor,0.552
estimadores,2025,Orellana,error,0.01
estimadores,2025,Orellana,li,0.532
estimadores,2025,Orellana,ls,0.5720000000000001
estimadores,2025,Orellana,cv,1.8
estimadores,2025,Santo Domingo,valor,0.41100000000000003
estimadores,2025,Santo Domingo,error,0.009000000000000001
estimadores,2025,Santo Domingo,li,0.392
estimadores,2025,Santo Domingo,ls,0.429
estimadores,2025,Santo Domingo,cv,2.3
estimadores,2025,Santa Elena,valor,0.364
estimadores,2025,Santa Elena,error,0.009000000000000001
estimadores,2025,Santa Elena,li,0.34700000000000003
estimadores,2025,Santa Elena,ls,0.382
estimadores,2025,Santa Elena,cv,2.5
