seccion,anio,desagregacion,categoria,valor
territorio,2018,,Total,0.4678186463661194
territorio,2018,,Urbano,0.3522669375789506
territorio,2018,,Rural,0.6841352859169129
territorio,2018,,Quito,0.2149912072788349
territorio,2018,,Guayaquil,0.4169125405230372
territorio,2018,,Cuenca,0.2184888654755531
territorio,2018,,Machala,0.3347652080207898
territorio,2018,,Ambato,0.2087433204914234
territorio,2018,,Azuay,0.450635833285982
territorio,2018,,Bolívar,0.7165693178210623
territorio,2018,,Cañar,0.5767465272550308
territorio,2018,,Carchi,0.4200810474761603
territorio,2018,,Cotopaxi,0.5816042151953933
territorio,2018,,Chimborazo,0.6910833877073312
territorio,2018,,El Oro,0.3646338107144718
territorio,2018,,Esmeraldas,0.501198375770301
territorio,2018,,Guayas,0.4529520874529948
territorio,2018,,Imbabura,0.4783239764500967
territorio,2018,,Loja,0.6134873612673991
territorio,2018,,Los Ríos,0.5005696011650277
territorio,2018,,Manabí,0.5825742873594482
territorio,2018,,Morona Santiago,0.7675070375926258
territorio,2018,,Napo,0.6797514549135142
territorio,2018,,Pastaza,0.6293744234081418
territorio,2018,,Pichincha,0.2399947745199392
territorio,2018,,Tungurahua,0.4959180131944567
territorio,2018,,Zamora Chinchipe,0.6512662974280933
territorio,2018,,Galápagos,0.1610877329310567
territorio,2018,,Sucumbíos,0.5613641786994232
territorio,2018,,Orellana,0.6760539907598394
territorio,2018,,Santo Domingo,0.458452811452323
territorio,2018,,Santa Elena,0.5204532917269543
territorio,2018,,Sierra,0.4342317179181259
territorio,2018,,Costa,0.4811485623234436
territorio,2018,,Amazonia,0.6623399532420238
territorio,2018,,Insular,0.1610877329310566
territorio,2018,,Zona 1,0.490098082044507
territorio,2018,,Zona 2,0.4790234786098106
territorio,2018,,Zona 3,0.58854015462185
territorio,2018,,Zona 4,0.5525308298419187
territorio,2018,,Zona 5,0.5382839086990234
territorio,2018,,Zona 6,0.521741859159175
territorio,2018,,Zona 7,0.495496771853629
territorio,2018,,Zona 8,0.416947951247317
territorio,2018,,Zona 9,0.2248771637406135
territorio,2019,,Total,0.4727624000512499
territorio,2019,,Urbano,0.3555683633044649
territorio,2019,,Rural,0.6889230756343405
territorio,2019,,Quito,0.2066549387129948
territorio,2019,,Guayaquil,0.4211702263718646
territorio,2019,,Cuenca,0.225797517799725
territorio,2019,,Machala,0.3479247555345926
territorio,2019,,Ambato,0.205417706848441
territorio,2019,,Azuay,0.453937453204931
territorio,2019,,Bolívar,0.7464070241787668
territorio,2019,,Cañar,0.5322557531679194
territorio,2019,,Carchi,0.4590412476924997
territorio,2019,,Cotopaxi,0.594549570316891
territorio,2019,,Chimborazo,0.7164542004922133
territorio,2019,,El Oro,0.3602008278683026
territorio,2019,,Esmeraldas,0.5133415567631695
territorio,2019,,Guayas,0.4536941215742155
territorio,2019,,Imbabura,0.4774063519293292
territorio,2019,,Loja,0.6122110341901096
territorio,2019,,Los Ríos,0.5091144564495568
territorio,2019,,Manabí,0.5970644516500635
territorio,2019,,Morona Santiago,0.7991038026085969
territorio,2019,,Napo,0.7036288113696285
territorio,2019,,Pastaza,0.6765522193959597
territorio,2019,,Pichincha,0.2364134026987062
territorio,2019,,Tungurahua,0.4891567450278722
territorio,2019,,Zamora Chinchipe,0.6305018292349045
territorio,2019,,Galápagos,0.1593311905653189
territorio,2019,,Sucumbíos,0.6094104933481561
territorio,2019,,Orellana,0.7017344588743389
territorio,2019,,Santo Domingo,0.4691177010430031
territorio,2019,,Santa Elena,0.5303141020109723
territorio,2019,,Sierra,0.436227084600914
territorio,2019,,Costa,0.4866385713125308
territorio,2019,,Amazonia,0.6909119850162111
territorio,2019,,Insular,0.1593311905653188
territorio,2019,,Zona 1,0.5071031219533935
territorio,2019,,Zona 2,0.4881659479359673
territorio,2019,,Zona 3,0.6009292696061674
territorio,2019,,Zona 4,0.5668100475231743
territorio,2019,,Zona 5,0.5407546832582703
territorio,2019,,Zona 6,0.5200642248375492
territorio,2019,,Zona 7,0.4923289690525659
territorio,2019,,Zona 8,0.4226447554980771
territorio,2019,,Zona 9,0.2175061660825872
territorio,2021,,Total,0.4954816500384107
territorio,2021,,Urbano,0.3871093922662608
territorio,2021,,Rural,0.6904202896153249
territorio,2021,,Quito,0.2555938017449534
territorio,2021,,Guayaquil,0.4456403448827158
territorio,2021,,Cuenca,0.2344068215202326
territorio,2021,,Machala,0.3704571461393559
territorio,2021,,Ambato,0.2508839679328753
territorio,2021,,Azuay,0.4468082505265
territorio,2021,,Bolívar,0.7213163673622507
territorio,2021,,Cañar,0.5106858593784687
territorio,2021,,Carchi,0.5388089654769227
territorio,2021,,Cotopaxi,0.5465996158188675
territorio,2021,,Chimborazo,0.6761512598468352
territorio,2021,,El Oro,0.4013300678275209
territorio,2021,,Esmeraldas,0.5958343489476301
territorio,2021,,Guayas,0.4941952124485827
territorio,2021,,Imbabura,0.5187994636390535
territorio,2021,,Loja,0.5953813144192318
territorio,2021,,Los Ríos,0.5122352137213083
territorio,2021,,Manabí,0.600787573777911
territorio,2021,,Morona Santiago,0.8032633186520401
territorio,2021,,Napo,0.7355177830043855
territorio,2021,,Pastaza,0.724507365620167
territorio,2021,,Pichincha,0.2871013043104299
territorio,2021,,Tungurahua,0.5241982466385142
territorio,2021,,Zamora Chinchipe,0.5962973911645922
territorio,2021,,Galápagos,0.1801113589146218
territorio,2021,,Sucumbíos,0.6369263368651957
territorio,2021,,Orellana,0.69370155837629
territorio,2021,,Santo Domingo,0.4557278803572581
territorio,2021,,Santa Elena,0.5606361609653971
territorio,2021,,Sierra,0.4521125696791977
territorio,2021,,Costa,0.5172701053079671
territorio,2021,,Amazonia,0.7006022271354989
territorio,2021,,Insular,0.1801113589146217
territorio,2021,,Zona 1,0.5669972312649029
territorio,2021,,Zona 2,0.5226123483254812
territorio,2021,,Zona 3,0.5885498623296521
territorio,2021,,Zona 4,0.5651404286349226
territorio,2021,,Zona 5,0.5663544453097756
territorio,2021,,Zona 6,0.5096376743539318
territorio,2021,,Zona 7,0.5021858726134174
territorio,2021,,Zona 8,0.4575449253773285
territorio,2021,,Zona 9,0.272031486696263
territorio,2022,,Total,0.5059893521128553
territorio,2022,,Urbano,0.3938880315252652
territorio,2022,,Rural,0.7131592622144709
territorio,2022,,Quito,0.2574058431637434
territorio,2022,,Guayaquil,0.4560913594646534
territorio,2022,,Cuenca,0.2503041701272706
territorio,2022,,Machala,0.3894665336692879
territorio,2022,,Ambato,0.2577765716770852
territorio,2022,,Azuay,0.4669777609067515
territorio,2022,,Bolívar,0.7031316332255861
territorio,2022,,Cañar,0.5526730073875302
territorio,2022,,Carchi,0.5174867458323581
territorio,2022,,Cotopaxi,0.6205896434111349
territorio,2022,,Chimborazo,0.7032925479141594
territorio,2022,,El Oro,0.432601749022707
territorio,2022,,Esmeraldas,0.61084740717507
territorio,2022,,Guayas,0.4810911140620396
territorio,2022,,Imbabura,0.5458226748206382
territorio,2022,,Loja,0.6473955494435542
territorio,2022,,Los Ríos,0.5389513251594359
territorio,2022,,Manabí,0.5818674797455459
territorio,2022,,Morona Santiago,0.8198503188783486
territorio,2022,,Napo,0.782270803132176
territorio,2022,,Pastaza,0.7978327409149512
territorio,2022,,Pichincha,0.2879185055671521
territorio,2022,,Tungurahua,0.5493010022400832
territorio,2022,,Zamora Chinchipe,0.650920433568602
territorio,2022,,Galápagos,0.1313044140537109
territorio,2022,,Sucumbíos,0.675577528490485
territorio,2022,,Orellana,0.7245399442201409
territorio,2022,,Santo Domingo,0.5163342311089918
territorio,2022,,Santa Elena,0.5751263776330221
territorio,2022,,Sierra,0.4726650439011788
territorio,2022,,Costa,0.5137613285959799
territorio,2022,,Amazonia,0.7430039527562198
territorio,2022,,Insular,0.1313044140537109
territorio,2022,,Zona 1,0.584093724505702
territorio,2022,,Zona 2,0.5355713885758007
territorio,2022,,Zona 3,0.6311275154974464
territorio,2022,,Zona 4,0.5658702103113552
territorio,2022,,Zona 5,0.5483342436606562
territorio,2022,,Zona 6,0.5341885097906691
territorio,2022,,Zona 7,0.5424808973657897
territorio,2022,,Zona 8,0.4613681832882642
territorio,2022,,Zona 9,0.2756667159308664
territorio,2023,,Total,0.5246207835627918
territorio,2023,,Urbano,0.4068676234749599
territorio,2023,,Rural,0.7437058154432593
territorio,2023,,Quito,0.273766817719307
territorio,2023,,Guayaquil,0.4611809483927071
territorio,2023,,Cuenca,0.2555783845174022
territorio,2023,,Machala,0.3732865913211297
territorio,2023,,Ambato,0.2581244919533241
territorio,2023,,Azuay,0.4785900887377396
territorio,2023,,Bolívar,0.7653648934597657
territorio,2023,,Cañar,0.6023478576655664
territorio,2023,,Carchi,0.6282429049457905
territorio,2023,,Cotopaxi,0.6981834847186166
territorio,2023,,Chimborazo,0.7493511456304941
territorio,2023,,El Oro,0.4195345057606905
territorio,2023,,Esmeraldas,0.6365614699397407
territorio,2023,,Guayas,0.4946267836733012
territorio,2023,,Imbabura,0.5465999312015656
territorio,2023,,Loja,0.621592051932353
territorio,2023,,Los Ríos,0.564976924676626
territorio,2023,,Manabí,0.5976681030774129
territorio,2023,,Morona Santiago,0.8078601688703546
territorio,2023,,Napo,0.8634983665221275
territorio,2023,,Pastaza,0.8409678445623326
territorio,2023,,Pichincha,0.2961090617722401
territorio,2023,,Tungurahua,0.55181319303124
territorio,2023,,Zamora Chinchipe,0.6987202245529509
territorio,2023,,Galápagos,0.149148568752622
territorio,2023,,Sucumbíos,0.7488740009828485
territorio,2023,,Orellana,0.7948924903253143
territorio,2023,,Santo Domingo,0.5504874001116662
territorio,2023,,Santa Elena,0.6199007997730532
territorio,2023,,Sierra,0.492588060050252
territorio,2023,,Costa,0.5288066725684782
territorio,2023,,Amazonia,0.7911918986955341
territorio,2023,,Insular,0.1491485687526221
territorio,2023,,Zona 1,0.6190637055105621
territorio,2023,,Zona 2,0.6148413748654639
territorio,2023,,Zona 3,0.6717768082941478
territorio,2023,,Zona 4,0.5861787833937346
territorio,2023,,Zona 5,0.5819517621511443
territorio,2023,,Zona 6,0.5514683415186737
territorio,2023,,Zona 7,0.5290847122874696
territorio,2023,,Zona 8,0.4640659133986519
territorio,2023,,Zona 9,0.2780097543430264
territorio,2024,,Total,0.523748534332648
territorio,2024,,Urbano,0.408511690162864
territorio,2024,,Rural,0.736600564004949
territorio,2024,,Quito,0.271431365245944
territorio,2024,,Guayaquil,0.465147171005983
territorio,2024,,Cuenca,0.257978378361186
territorio,2024,,Machala,0.373170149905318
territorio,2024,,Ambato,0.233018465445545
territorio,2024,,Azuay,0.487856400705989
territorio,2024,,Bolívar,0.755689064004422
territorio,2024,,Cañar,0.588484865081324
territorio,2024,,Carchi,0.583829699364504
territorio,2024,,Cotopaxi,0.696068522669253
territorio,2024,,Chimborazo,0.716126421731968
territorio,2024,,El Oro,0.380653957797506
territorio,2024,,Esmeraldas,0.64964604965797
territorio,2024,,Guayas,0.514815727124679
territorio,2024,,Imbabura,0.551424125218312
territorio,2024,,Loja,0.599850544419497
territorio,2024,,Los Ríos,0.509786010053866
territorio,2024,,Manabí,0.643725612930802
territorio,2024,,Morona Santiago,0.833234188370392
territorio,2024,,Napo,0.777445536332086
territorio,2024,,Pastaza,0.703055228254352
territorio,2024,,Pichincha,0.285836844562556
territorio,2024,,Tungurahua,0.505109322825892
territorio,2024,,Zamora Chinchipe,0.724337871378667
territorio,2024,,Galápagos,0.15337164260616
territorio,2024,,Sucumbíos,0.702707869027293
territorio,2024,,Orellana,0.830092291081112
territorio,2024,,Santo Domingo,0.610836835584813
territorio,2024,,Santa Elena,0.658439387304247
territorio,2024,,Sierra,0.480778197383385
territorio,2024,,Costa,0.540042555576553
territorio,2024,,Amazonia,0.765209735093192
territorio,2024,,Insular,0.15337164260616
territorio,2024,,Zona 1,0.615001154561647
territorio,2024,,Zona 2,0.580536703476826
territorio,2024,,Zona 3,0.63676192281566
territorio,2024,,Zona 4,0.635883664083989
territorio,2024,,Zona 5,0.596765812134645
territorio,2024,,Zona 6,0.558974350676789
territorio,2024,,Zona 7,0.504920794006306
territorio,2024,,Zona 8,0.46422794248834
territorio,2024,,Zona 9,0.269425394427486
territorio,2025,,Total,0.5148742163660489
territorio,2025,,Urbano,0.4041058184849413
territorio,2025,,Rural,0.7153000217984563
territorio,2025,,Quito,0.2508062889952626
territorio,2025,,Guayaquil,0.4361804936141296
territorio,2025,,Cuenca,0.2668121837052608
territorio,2025,,Machala,0.3762099196456539
territorio,2025,,Ambato,0.2482395188876747
territorio,2025,,Azuay,0.47211334030824315
territorio,2025,,Bolívar,0.7719701538864857
territorio,2025,,Cañar,0.5640469719819715
territorio,2025,,Carchi,0.604493329946878
territorio,2025,,Cotopaxi,0.6306031161751212
territorio,2025,,Chimborazo,0.6813906010367019
territorio,2025,,El Oro,0.43309396466066225
territorio,2025,,Esmeraldas,0.6147811416246303
territorio,2025,,Guayas,0.5193522193233314
territorio,2025,,Imbabura,0.5421072262072609
territorio,2025,,Loja,0.600172040467199
territorio,2025,,Los Ríos,0.5140675179233561
territorio,2025,,Manabí,0.6173758894606025
territorio,2025,,Morona Santiago,0.8735144605639009
territorio,2025,,Napo,0.8153831044228745
territorio,2025,,Pastaza,0.6634592077836844
territorio,2025,,Pichincha,0.2842825493652802
territorio,2025,,Tungurahua,0.520118968171103
territorio,2025,,Zamora Chinchipe,0.6334383460614414
territorio,2025,,Galápagos,0.16210285110317063
territorio,2025,,Sucumbíos,0.6150480587602871
territorio,2025,,Orellana,0.7713167637447561
territorio,2025,,Santo Domingo,0.5459847359627364
territorio,2025,,Santa Elena,0.6287519076705195
territorio,2025,,Sierra,0.4675412936062896
territorio,2025,,Costa,0.5403240207293568
territorio,2025,,Amazonia,0.7327401947072081
territorio,2025,,Insular,0.1621028511031706
territorio,2025,,Zona 1,0.5881552370299471
territorio,2025,,Zona 2,0.5399314761861014
territorio,2025,,Zona 3,0.6120444603720986
territorio,2025,,Zona 4,0.600372939252359
territorio,2025,,Zona 5,0.6247986459505125
territorio,2025,,Zona 6,0.5438158467476873
territorio,2025,,Zona 7,0.5192012796019768
territorio,2025,,Zona 8,0.44643976460435125
territorio,2025,,Zona 9,0.2661038874638614
caracteristicas,2018,Sexo,Hombre,0.452657714368503
caracteristicas,2018,Sexo,Mujer,0.4883955956741742
caracteristicas,2018,Grupos de edad,15 a 17 años,0.7746139486115997
caracteristicas,2018,Grupos de edad,18 a 29 años,0.4132521506308208
caracteristicas,2018,Grupos de edad,30 a 44 años,0.3961074752434647
caracteristicas,2018,Grupos de edad,45 a 64 años,0.4928356557208126
caracteristicas,2018,Grupos de edad,65 años y más,0.7446085934131947
caracteristicas,2018,Etnia,Indígena,0.7814301075894997
caracteristicas,2018,Etnia,Afroecuatoriano,0.4635674962483119
caracteristicas,2018,Etnia,Montubio,0.6535040539080456
caracteristicas,2018,Etnia,Mestizo,0.4195673422380522
caracteristicas,2018,Etnia,Blanco,0.4091996574924553
caracteristicas,2018,Estado civil/conyugal,Casado,0.4445030001869268
caracteristicas,2018,Estado civil/conyugal,Unión libre,0.4890293485051627
caracteristicas,2018,Estado civil/conyugal,Soltero,0.4620957546021895
caracteristicas,2018,Estado civil/conyugal,Otro,0.5025431824331063
caracteristicas,2018,Nivel de instrucción,Ninguno,0.8303625814170092
caracteristicas,2018,Nivel de instrucción,Centro de alfabetización,0.8434760269839796
caracteristicas,2018,Nivel de instrucción,Básica,0.6210130048752579
caracteristicas,2018,Nivel de instrucción,Bachillerato,0.4065206820407182
caracteristicas,2018,Nivel de instrucción,Superior,0.1476285936343306
caracteristicas,2018,Quintiles de ingreso,Quintil 1,0.8173878970077516
caracteristicas,2018,Quintiles de ingreso,Quintil 2,0.6363256080867914
caracteristicas,2018,Quintiles de ingreso,Quintil 3,0.5054443341130581
caracteristicas,2018,Quintiles de ingreso,Quintil 4,0.3674780454457963
caracteristicas,2018,Quintiles de ingreso,Quintil 5,0.1919347164166847
caracteristicas,2019,Sexo,Hombre,0.4570331423146311
caracteristicas,2019,Sexo,Mujer,0.4935409972546478
caracteristicas,2019,Grupos de edad,15 a 17 años,0.7948735713484841
caracteristicas,2019,Grupos de edad,18 a 29 años,0.4184450173280611
caracteristicas,2019,Grupos de edad,30 a 44 años,0.4008656925564335
caracteristicas,2019,Grupos de edad,45 a 64 años,0.4922380789167317
caracteristicas,2019,Grupos de edad,65 años y más,0.744022012168653
caracteristicas,2019,Etnia,Indígena,0.7810979541409055
caracteristicas,2019,Etnia,Afroecuatoriano,0.4688242562822196
caracteristicas,2019,Etnia,Montubio,0.6570628191747087
caracteristicas,2019,Etnia,Mestizo,0.4210969728947644
caracteristicas,2019,Etnia,Blanco,0.3932121892132233
caracteristicas,2019,Estado civil/conyugal,Casado,0.4497468594644871
caracteristicas,2019,Estado civil/conyugal,Unión libre,0.4907207708829759
caracteristicas,2019,Estado civil/conyugal,Soltero,0.4689562272787831
caracteristicas,2019,Estado civil/conyugal,Otro,0.5084433467225141
caracteristicas,2019,Nivel de instrucción,Ninguno,0.8389600772626247
caracteristicas,2019,Nivel de instrucción,Centro de alfabetización,0.8381808734126086
caracteristicas,2019,Nivel de instrucción,Básica,0.6283988958951736
caracteristicas,2019,Nivel de instrucción,Bachillerato,0.4103143289825539
caracteristicas,2019,Nivel de instrucción,Superior,0.1537248226805339
caracteristicas,2019,Quintiles de ingreso,Quintil 1,0.8159443120869657
caracteristicas,2019,Quintiles de ingreso,Quintil 2,0.6520337127908393
caracteristicas,2019,Quintiles de ingreso,Quintil 3,0.5117167304062868
caracteristicas,2019,Quintiles de ingreso,Quintil 4,0.3722460344200834
caracteristicas,2019,Quintiles de ingreso,Quintil 5,0.1895047120191737
caracteristicas,2021,Sexo,Hombre,0.4769435506505283
caracteristicas,2021,Sexo,Mujer,0.520737468040154
caracteristicas,2021,Grupos de edad,15 a 17 años,0.8101900499820799
caracteristicas,2021,Grupos de edad,18 a 29 años,0.4524898435928743
caracteristicas,2021,Grupos de edad,30 a 44 años,0.4226409769674606
caracteristicas,2021,Grupos de edad,45 a 64 años,0.512975742560491
caracteristicas,2021,Grupos de edad,65 años y más,0.7801433989857901
caracteristicas,2021,Etnia,Indígena,0.7753065829549154
caracteristicas,2021,Etnia,Afroecuatoriano,0.515208943650398
caracteristicas,2021,Etnia,Montubio,0.6638698026047286
caracteristicas,2021,Etnia,Mestizo,0.4520171768196051
caracteristicas,2021,Etnia,Blanco,0.4059847134158491
caracteristicas,2021,Estado civil/conyugal,Casado,0.4692176604860177
caracteristicas,2021,Estado civil/conyugal,Unión libre,0.5115211000000675
caracteristicas,2021,Estado civil/conyugal,Soltero,0.4837637501102068
caracteristicas,2021,Estado civil/conyugal,Otro,0.547592935638564
caracteristicas,2021,Nivel de instrucción,Ninguno,0.8393491125891155
caracteristicas,2021,Nivel de instrucción,Centro de alfabetización,0.8807563190468257
caracteristicas,2021,Nivel de instrucción,Básica,0.6564359834035189
caracteristicas,2021,Nivel de instrucción,Bachillerato,0.4519439269119472
caracteristicas,2021,Nivel de instrucción,Superior,0.2009504575681866
caracteristicas,2021,Quintiles de ingreso,Quintil 1,0.8110562448332819
caracteristicas,2021,Quintiles de ingreso,Quintil 2,0.680211807360539
caracteristicas,2021,Quintiles de ingreso,Quintil 3,0.5552586994852735
caracteristicas,2021,Quintiles de ingreso,Quintil 4,0.4116848361965739
caracteristicas,2021,Quintiles de ingreso,Quintil 5,0.2096353610497302
caracteristicas,2022,Sexo,Hombre,0.4900003145651891
caracteristicas,2022,Sexo,Mujer,0.5270807755617626
caracteristicas,2022,Grupos de edad,15 a 17 años,0.8253822979362336
caracteristicas,2022,Grupos de edad,18 a 29 años,0.4574636407420565
caracteristicas,2022,Grupos de edad,30 a 44 años,0.4282011574719328
caracteristicas,2022,Grupos de edad,45 a 64 años,0.5288015808366011
caracteristicas,2022,Grupos de edad,65 años y más,0.7952283677436296
caracteristicas,2022,Etnia,Indígena,0.8022343713976898
caracteristicas,2022,Etnia,Afroecuatoriano,0.5294840781221677
caracteristicas,2022,Etnia,Montubio,0.6750837108489469
caracteristicas,2022,Etnia,Mestizo,0.4624902977471532
caracteristicas,2022,Etnia,Blanco,0.4510156524530934
caracteristicas,2022,Estado civil/conyugal,Casado,0.4834141989191303
caracteristicas,2022,Estado civil/conyugal,Unión libre,0.5164879538186078
caracteristicas,2022,Estado civil/conyugal,Soltero,0.491520886276525
caracteristicas,2022,Estado civil/conyugal,Otro,0.5618861708683044
caracteristicas,2022,Nivel de instrucción,Ninguno,0.8690647100202853
caracteristicas,2022,Nivel de instrucción,Centro de alfabetización,0.9389287205360262
caracteristicas,2022,Nivel de instrucción,Básica,0.6760268669931455
caracteristicas,2022,Nivel de instrucción,Bachillerato,0.4608366543418553
caracteristicas,2022,Nivel de instrucción,Superior,0.1952182040194851
caracteristicas,2022,Quintiles de ingreso,Quintil 1,0.8415734515679429
caracteristicas,2022,Quintiles de ingreso,Quintil 2,0.7019027943460153
caracteristicas,2022,Quintiles de ingreso,Quintil 3,0.563890637313736
caracteristicas,2022,Quintiles de ingreso,Quintil 4,0.418646489361322
caracteristicas,2022,Quintiles de ingreso,Quintil 5,0.2171836296838953
caracteristicas,2023,Sexo,Hombre,0.5187837993385929
caracteristicas,2023,Sexo,Mujer,0.5324309916742802
caracteristicas,2023,Grupos de edad,15 a 17 años,0.8369656234054139
caracteristicas,2023,Grupos de edad,18 a 29 años,0.4795466290409318
caracteristicas,2023,Grupos de edad,30 a 44 años,0.4447879575674281
caracteristicas,2023,Grupos de edad,45 a 64 años,0.5519970114990658
caracteristicas,2023,Grupos de edad,65 años y más,0.7932816830154132
caracteristicas,2023,Etnia,Indígena,0.836139060120183
caracteristicas,2023,Etnia,Afroecuatoriano,0.5287972442247638
caracteristicas,2023,Etnia,Montubio,0.6774943976188775
caracteristicas,2023,Etnia,Mestizo,0.4706701149639957
caracteristicas,2023,Etnia,Blanco,0.3861599688646494
caracteristicas,2023,Estado civil/conyugal,Casado,0.5142815909566528
caracteristicas,2023,Estado civil/conyugal,Unión libre,0.5289760834328184
caracteristicas,2023,Estado civil/conyugal,Soltero,0.4999662036291367
caracteristicas,2023,Estado civil/conyugal,Otro,0.5815166574036056
caracteristicas,2023,Nivel de instrucción,Ninguno,0.9067953315599477
caracteristicas,2023,Nivel de instrucción,Centro de alfabetización,0.9561741238128137
caracteristicas,2023,Nivel de instrucción,Básica,0.7065256388763114
caracteristicas,2023,Nivel de instrucción,Bachillerato,0.4717006632788067
caracteristicas,2023,Nivel de instrucción,Superior,0.1997577639956454
caracteristicas,2023,Quintiles de ingreso,Quintil 1,0.8780039924624256
caracteristicas,2023,Quintiles de ingreso,Quintil 2,0.7336335352975479
caracteristicas,2023,Quintiles de ingreso,Quintil 3,0.5904701611847991
caracteristicas,2023,Quintiles de ingreso,Quintil 4,0.4367986241336694
caracteristicas,2023,Quintiles de ingreso,Quintil 5,0.2200840310788856
caracteristicas,2024,Sexo,Hombre,0.524068806721516
caracteristicas,2024,Sexo,Mujer,0.52331335801659
caracteristicas,2024,Grupos de edad,15 a 17 años,0.864169092985788
caracteristicas,2024,Grupos de edad,18 a 29 años,0.464758644245746
caracteristicas,2024,Grupos de edad,30 a 44 años,0.441782000940287
caracteristicas,2024,Grupos de edad,45 a 64 años,0.560020796586536
caracteristicas,2024,Grupos de edad,65 años y más,0.78174825291846
caracteristicas,2024,Etnia,Indígena,0.824328133150514
caracteristicas,2024,Etnia,Afroecuatoriano,0.546289410467577
caracteristicas,2024,Etnia,Montubio,0.732217896688216
caracteristicas,2024,Etnia,Mestizo,0.466082750970483
caracteristicas,2024,Etnia,Blanco,0.369175551710236
caracteristicas,2024,Estado civil/conyugal,Casado,0.503000515841301
caracteristicas,2024,Estado civil/conyugal,Unión libre,0.547614737322324
caracteristicas,2024,Estado civil/conyugal,Soltero,0.488741193013088
caracteristicas,2024,Estado civil/conyugal,Otro,0.589187237966507
caracteristicas,2024,Nivel de instrucción,Ninguno,0.886257750756331
caracteristicas,2024,Nivel de instrucción,Centro de alfabetización,0.899435950050807
caracteristicas,2024,Nivel de instrucción,Básica,0.709813119702951
caracteristicas,2024,Nivel de instrucción,Bachillerato,0.476462006231399
caracteristicas,2024,Nivel de instrucción,Superior,0.186987444597241
caracteristicas,2024,Quintiles de ingreso,Quintil 1,0.885718881054621
caracteristicas,2024,Quintiles de ingreso,Quintil 2,0.741096440233307
caracteristicas,2024,Quintiles de ingreso,Quintil 3,0.589488561225675
caracteristicas,2024,Quintiles de ingreso,Quintil 4,0.439042778161993
caracteristicas,2024,Quintiles de ingreso,Quintil 5,0.2158238253881
caracteristicas,2025,Sexo,Hombre,0.5222837363177308
caracteristicas,2025,Sexo,Mujer,0.5046612032499731
caracteristicas,2025,Grupos de edad,15 a 17 años,0.8648889044924405
caracteristicas,2025,Grupos de edad,18 a 29 años,0.45044054167063746
caracteristicas,2025,Grupos de edad,30 a 44 años,0.4294738033825686
caracteristicas,2025,Grupos de edad,45 a 64 años,0.5532095978527422
caracteristicas,2025,Grupos de edad,65 años y más,0.8019231354733538
caracteristicas,2025,Etnia,Indígena,0.7691127991811035
caracteristicas,2025,Etnia,Afroecuatoriano,0.5174462285221301
caracteristicas,2025,Etnia,Montubio,0.7652884923196485
caracteristicas,2025,Etnia,Mestizo,0.46466335765568517
caracteristicas,2025,Etnia,Blanco,0.4374841780769298
caracteristicas,2025,Estado civil/conyugal,Casado,0.5034962616372096
caracteristicas,2025,Estado civil/conyugal,Unión libre,0.5294688539420043
caracteristicas,2025,Estado civil/conyugal,Soltero,0.4833856941702656
caracteristicas,2025,Estado civil/conyugal,Otro,0.5670038434542173
caracteristicas,2025,Nivel de instrucción,Ninguno,0.8807539853180396
caracteristicas,2025,Nivel de instrucción,Centro de alfabetización,0.9385351181915674
caracteristicas,2025,Nivel de instrucción,Básica,0.7105220392477729
caracteristicas,2025,Nivel de instrucción,Bachillerato,0.4560045844339783
caracteristicas,2025,Nivel de instrucción,Superior,0.1929653879682932
caracteristicas,2025,Quintiles de ingreso,Quintil 1,0.870866856852264
caracteristicas,2025,Quintiles de ingreso,Quintil 2,0.714152062021477
caracteristicas,2025,Quintiles de ingreso,Quintil 3,0.5759595591232464
caracteristicas,2025,Quintiles de ingreso,Quintil 4,0.43856680558699435
caracteristicas,2025,Quintiles de ingreso,Quintil 5,0.22991583050043907
ci,2018,Límite inferior,Total,0.4623701171625528
ci,2018,Límite inferior,Urbano,0.3471923723782861
ci,2018,Límite inferior,Rural,0.6750743939158267
ci,2018,Límite superior,Total,0.4732671755696861
ci,2018,Límite superior,Urbano,0.357341502779615
ci,2018,Límite superior,Rural,0.693196177917999
ci,2019,Límite inferior,Total,0.4668018340531437
ci,2019,Límite inferior,Urbano,0.3501104111850202
ci,2019,Límite inferior,Rural,0.6791565037741119
ci,2019,Límite superior,Total,0.478722966049356
ci,2019,Límite superior,Urbano,0.3610263154239096
ci,2019,Límite superior,Rural,0.6986896474945692
ci,2021,Límite inferior,Total,0.4856130547434848
ci,2021,Límite inferior,Urbano,0.3774612347297117
ci,2021,Límite inferior,Rural,0.6735446471315312
ci,2021,Límite superior,Total,0.5053502453333366
ci,2021,Límite superior,Urbano,0.3967575498028099
ci,2021,Límite superior,Rural,0.7072959320991186
ci,2022,Límite inferior,Total,0.4954454110528324
ci,2022,Límite inferior,Urbano,0.3844202685673099
ci,2022,Límite inferior,Rural,0.6972583645992451
ci,2022,Límite superior,Total,0.5165332931728783
ci,2022,Límite superior,Urbano,0.4033557944832206
ci,2022,Límite superior,Rural,0.7290601598296967
ci,2023,Límite inferior,Total,0.5120825368154782
ci,2023,Límite inferior,Urbano,0.3961760505146613
ci,2023,Límite inferior,Rural,0.726114629938623
ci,2023,Límite superior,Total,0.5371590303101055
ci,2023,Límite superior,Urbano,0.4175591964352585
ci,2023,Límite superior,Rural,0.7612970009478957
ci,2024,Límite inferior,Total,0.508012119482094
ci,2024,Límite inferior,Urbano,0.39624309503855
ci,2024,Límite inferior,Rural,0.713168515762736
ci,2024,Límite superior,Total,0.539484949183202
ci,2024,Límite superior,Urbano,0.420780285287179
ci,2024,Límite superior,Rural,0.760032612247162
ci,2025,Límite inferior,Total,0.499
ci,2025,Límite inferior,Urbano,0.38299999999999995
ci,2025,Límite inferior,Rural,0.691
ci,2025,Límite superior,Total,0.531
ci,2025,Límite superior,Urbano,0.425
ci,2025,Límite superior,Rural,0.7390000000000001
territorio_hombre,2018,,Urbano,0.350578199325458
territorio_hombre,2018,,Rural,0.6441642802970374
territorio_hombre,2018,,Quito,0.2193850174046321
territorio_hombre,2018,,Guayaquil,0.4151119238626281
territorio_hombre,2018,,Cuenca,0.1963847229662294
territorio_hombre,2018,,Machala,0.3347266639300759
territorio_hombre,2018,,Ambato,0.1924786069979927
territorio_hombre,2018,,Sierra,0.4085689978166905
territorio_hombre,2018,,Costa,0.472755200502821
territorio_hombre,2018,,Amazonia,0.6385185975497445
territorio_hombre,2018,,Insular,0.1598344042114436
territorio_hombre,2018,,Zona 1,0.4900659337913186
territorio_hombre,2018,,Zona 2,0.4614060151544661
territorio_hombre,2018,,Zona 3,0.5353971591059791
territorio_hombre,2018,,Zona 4,0.5560366286535547
territorio_hombre,2018,,Zona 5,0.5075712742283424
territorio_hombre,2018,,Zona 6,0.4752673203907665
territorio_hombre,2018,,Zona 7,0.4670528935627269
territorio_hombre,2018,,Zona 8,0.4154752174038664
territorio_hombre,2018,,Zona 9,0.2336668191322755
territorio_hombre,2018,,Total,0.452657714368503
territorio_hombre,2019,,Urbano,0.3551106371539889
territorio_hombre,2019,,Rural,0.6474802037847042
territorio_hombre,2019,,Quito,0.2054020652030814
territorio_hombre,2019,,Guayaquil,0.4200763744652014
territorio_hombre,2019,,Cuenca,0.2056781932042054
territorio_hombre,2019,,Machala,0.3482278892132431
territorio_hombre,2019,,Ambato,0.1899907079154775
territorio_hombre,2019,,Sierra,0.4066878066201694
territorio_hombre,2019,,Costa,0.48085136198298
territorio_hombre,2019,,Amazonia,0.6637716016980504
territorio_hombre,2019,,Insular,0.1726942005283937
territorio_hombre,2019,,Zona 1,0.5100340181585045
territorio_hombre,2019,,Zona 2,0.4748733492030761
territorio_hombre,2019,,Zona 3,0.5447515202275047
territorio_hombre,2019,,Zona 4,0.5646228575490381
territorio_hombre,2019,,Zona 5,0.5169769262742228
territorio_hombre,2019,,Zona 6,0.4771501431826169
territorio_hombre,2019,,Zona 7,0.4673594225100297
territorio_hombre,2019,,Zona 8,0.4184183390770972
territorio_hombre,2019,,Zona 9,0.2169572343315909
territorio_hombre,2019,,Total,0.4570331423146311
territorio_hombre,2021,,Urbano,0.3824104437296317
territorio_hombre,2021,,Rural,0.6494908957846347
territorio_hombre,2021,,Quito,0.2594399784516978
territorio_hombre,2021,,Guayaquil,0.4346552111890872
territorio_hombre,2021,,Cuenca,0.2119072216185131
territorio_hombre,2021,,Machala,0.3476261478394202
territorio_hombre,2021,,Ambato,0.239985901819052
territorio_hombre,2021,,Sierra,0.4266971931638451
territorio_hombre,2021,,Costa,0.5004916431516525
territorio_hombre,2021,,Amazonia,0.6831884359310066
territorio_hombre,2021,,Insular,0.1473117552279037
territorio_hombre,2021,,Zona 1,0.5793982530883427
territorio_hombre,2021,,Zona 2,0.5128539158238663
territorio_hombre,2021,,Zona 3,0.536781184876242
territorio_hombre,2021,,Zona 4,0.5543511623436655
territorio_hombre,2021,,Zona 5,0.5326335102152052
territorio_hombre,2021,,Zona 6,0.4640292749593216
territorio_hombre,2021,,Zona 7,0.4580021735412398
territorio_hombre,2021,,Zona 8,0.4489641555581187
territorio_hombre,2021,,Zona 9,0.273888035008453
territorio_hombre,2021,,Total,0.4769435506505283
territorio_hombre,2022,,Urbano,0.3901528573267909
territorio_hombre,2022,,Rural,0.6734842264957965
territorio_hombre,2022,,Quito,0.2580509587013129
territorio_hombre,2022,,Guayaquil,0.447563127116687
territorio_hombre,2022,,Cuenca,0.2406101619729825
territorio_hombre,2022,,Machala,0.3782901680636558
territorio_hombre,2022,,Ambato,0.2458829053195538
territorio_hombre,2022,,Sierra,0.4515269151630792
territorio_hombre,2022,,Costa,0.5015124956245625
territorio_hombre,2022,,Amazonia,0.7177565931266309
territorio_hombre,2022,,Insular,0.152292399451125
territorio_hombre,2022,,Zona 1,0.592239604301367
territorio_hombre,2022,,Zona 2,0.5299534040817842
territorio_hombre,2022,,Zona 3,0.5762436039595497
territorio_hombre,2022,,Zona 4,0.5668372298452743
territorio_hombre,2022,,Zona 5,0.522230976999284
territorio_hombre,2022,,Zona 6,0.4878759873512833
territorio_hombre,2022,,Zona 7,0.5100347231157927
territorio_hombre,2022,,Zona 8,0.4506088160498124
territorio_hombre,2022,,Zona 9,0.2853253726278669
territorio_hombre,2022,,Total,0.4900003145651891
territorio_hombre,2023,,Urbano,0.4164163285526116
territorio_hombre,2023,,Rural,0.7131662613501656
territorio_hombre,2023,,Quito,0.2826448578123242
territorio_hombre,2023,,Guayaquil,0.4674171655361034
territorio_hombre,2023,,Cuenca,0.2507276506595065
territorio_hombre,2023,,Machala,0.3745538006620827
territorio_hombre,2023,,Ambato,0.2362789999261603
territorio_hombre,2023,,Sierra,0.4725924977606379
territorio_hombre,2023,,Costa,0.5344433312277137
territorio_hombre,2023,,Amazonia,0.7784689905970527
territorio_hombre,2023,,Insular,0.1740439742701046
territorio_hombre,2023,,Zona 1,0.6366108663079729
territorio_hombre,2023,,Zona 2,0.6040566578200186
territorio_hombre,2023,,Zona 3,0.615554288314749
territorio_hombre,2023,,Zona 4,0.6081178591989145
territorio_hombre,2023,,Zona 5,0.5736860980528669
territorio_hombre,2023,,Zona 6,0.5012678910872013
territorio_hombre,2023,,Zona 7,0.5151703241304099
territorio_hombre,2023,,Zona 8,0.4713980552380034
territorio_hombre,2023,,Zona 9,0.2899973040617371
territorio_hombre,2023,,Total,0.5187837993385929
territorio_hombre,2024,,Urbano,0.423757261128195
territorio_hombre,2024,,Rural,0.713339164146918
territorio_hombre,2024,,Quito,0.271568408801526
territorio_hombre,2024,,Guayaquil,0.476061083247872
territorio_hombre,2024,,Cuenca,0.261259449533512
territorio_hombre,2024,,Machala,0.374330528958253
territorio_hombre,2024,,Ambato,0.214498133391048
territorio_hombre,2024,,Sierra,0.461818819243724
territorio_hombre,2024,,Costa,0.554478763271292
territorio_hombre,2024,,Amazonia,0.750702813569296
territorio_hombre,2024,,Insular,0.176281052028845
territorio_hombre,2024,,Zona 1,0.63248855720206
territorio_hombre,2024,,Zona 2,0.562292168126418
territorio_hombre,2024,,Zona 3,0.583870697954253
territorio_hombre,2024,,Zona 4,0.666480489895119
territorio_hombre,2024,,Zona 5,0.599719509244464
territorio_hombre,2024,,Zona 6,0.51491816030566
territorio_hombre,2024,,Zona 7,0.49980750961153
territorio_hombre,2024,,Zona 8,0.476035795808114
territorio_hombre,2024,,Zona 9,0.272106159091786
territorio_hombre,2024,,Total,0.524068806721516
territorio_hombre,2025,,Urbano,0.42472103788875093
territorio_hombre,2025,,Rural,0.6999365177685505
territorio_hombre,2025,,Quito,0.2671911682576032
territorio_hombre,2025,,Guayaquil,0.4380563749894383
territorio_hombre,2025,,Cuenca,0.25371867404076237
territorio_hombre,2025,,Machala,0.3715639695599117
territorio_hombre,2025,,Ambato,0.2237486564167072
territorio_hombre,2025,,Sierra,0.45669251348656964
territorio_hombre,2025,,Costa,0.5609964824496374
territorio_hombre,2025,,Amazonia,0.7183226735049713
territorio_hombre,2025,,Insular,0.19693640374299762
territorio_hombre,2025,,Zona 1,0.614167976928656
territorio_hombre,2025,,Zona 2,0.5129875982595568
territorio_hombre,2025,,Zona 3,0.5711453048274083
territorio_hombre,2025,,Zona 4,0.6351565774131109
territorio_hombre,2025,,Zona 5,0.6496516818968769
territorio_hombre,2025,,Zona 6,0.5100129066209984
territorio_hombre,2025,,Zona 7,0.49950200757813873
territorio_hombre,2025,,Zona 8,0.44643274444301195
territorio_hombre,2025,,Zona 9,0.2845728775697701
territorio_hombre,2025,,Total,0.5222837363177308
caracteristicas_hombre,2018,Grupos de edad,15 a 17 años,0.7528623807371402
caracteristicas_hombre,2018,Grupos de edad,18 a 29 años,0.411896776774313
caracteristicas_hombre,2018,Grupos de edad,30 a 44 años,0.3714480565341958
caracteristicas_hombre,2018,Grupos de edad,45 a 64 años,0.4723121306732891
caracteristicas_hombre,2018,Grupos de edad,65 años y más,0.7215545219401982
caracteristicas_hombre,2018,Etnia,Indígena,0.7455675190778066
caracteristicas_hombre,2018,Etnia,Afroecuatoriano,0.4511529067924728
caracteristicas_hombre,2018,Etnia,Montubio,0.6363357814888169
caracteristicas_hombre,2018,Etnia,Mestizo,0.4086555603164669
caracteristicas_hombre,2018,Etnia,Blanco,0.396701522453922
caracteristicas_hombre,2018,Estado civil/conyugal,Casado,0.4099406487223538
caracteristicas_hombre,2018,Estado civil/conyugal,Unión libre,0.4603079563061032
caracteristicas_hombre,2018,Estado civil/conyugal,Soltero,0.4834575491853186
caracteristicas_hombre,2018,Estado civil/conyugal,Otros,0.5238556392681986
caracteristicas_hombre,2018,Nivel de instrucción,Ninguno,0.7837085116365258
caracteristicas_hombre,2018,Nivel de instrucción,Centro de Alfabetización,0.7761139641533756
caracteristicas_hombre,2018,Nivel de instrucción,Básica,0.5943008497367838
caracteristicas_hombre,2018,Nivel de instrucción,Bachillerato,0.3842761929398979
caracteristicas_hombre,2018,Nivel de instrucción,Superior,0.1529596626517391
caracteristicas_hombre,2019,Grupos de edad,15 a 17 años,0.7811633658557916
caracteristicas_hombre,2019,Grupos de edad,18 a 29 años,0.4101130434615953
caracteristicas_hombre,2019,Grupos de edad,30 a 44 años,0.3784214778386868
caracteristicas_hombre,2019,Grupos de edad,45 a 64 años,0.4740308154064393
caracteristicas_hombre,2019,Grupos de edad,65 años y más,0.7190264414188752
caracteristicas_hombre,2019,Etnia,Indígena,0.7447345613186461
caracteristicas_hombre,2019,Etnia,Afroecuatoriano,0.4783630338242745
caracteristicas_hombre,2019,Etnia,Montubio,0.6351612256102717
caracteristicas_hombre,2019,Etnia,Mestizo,0.4094698739557616
caracteristicas_hombre,2019,Etnia,Blanco,0.3963214860521803
caracteristicas_hombre,2019,Estado civil/conyugal,Casado,0.413381176544918
caracteristicas_hombre,2019,Estado civil/conyugal,Unión libre,0.4647101997604261
caracteristicas_hombre,2019,Estado civil/conyugal,Soltero,0.4895494827228007
caracteristicas_hombre,2019,Estado civil/conyugal,Otros,0.5251863938660535
caracteristicas_hombre,2019,Nivel de instrucción,Ninguno,0.799922082694874
caracteristicas_hombre,2019,Nivel de instrucción,Centro de Alfabetización,0.8013238493083878
caracteristicas_hombre,2019,Nivel de instrucción,Básica,0.6008384419828088
caracteristicas_hombre,2019,Nivel de instrucción,Bachillerato,0.3864712787955585
caracteristicas_hombre,2019,Nivel de instrucción,Superior,0.1587710743615715
caracteristicas_hombre,2021,Grupos de edad,15 a 17 años,0.7838687498203251
caracteristicas_hombre,2021,Grupos de edad,18 a 29 años,0.4440174184792445
caracteristicas_hombre,2021,Grupos de edad,30 a 44 años,0.3956089154109831
caracteristicas_hombre,2021,Grupos de edad,45 a 64 años,0.4904679346626217
caracteristicas_hombre,2021,Grupos de edad,65 años y más,0.7609169586509285
caracteristicas_hombre,2021,Etnia,Indígena,0.7493761021961666
caracteristicas_hombre,2021,Etnia,Afroecuatoriano,0.5331444756580511
caracteristicas_hombre,2021,Etnia,Montubio,0.6497591182922371
caracteristicas_hombre,2021,Etnia,Mestizo,0.434207864019141
caracteristicas_hombre,2021,Etnia,Blanco,0.3682435483080569
caracteristicas_hombre,2021,Estado civil/conyugal,Casado,0.430160197300307
caracteristicas_hombre,2021,Estado civil/conyugal,Unión libre,0.4865339731024314
caracteristicas_hombre,2021,Estado civil/conyugal,Soltero,0.498435852614981
caracteristicas_hombre,2021,Estado civil/conyugal,Otros,0.5575670121279085
caracteristicas_hombre,2021,Nivel de instrucción,Ninguno,0.7943685926435464
caracteristicas_hombre,2021,Nivel de instrucción,Centro de Alfabetización,0.8269054806552577
caracteristicas_hombre,2021,Nivel de instrucción,Básica,0.6256286329588158
caracteristicas_hombre,2021,Nivel de instrucción,Bachillerato,0.4224489834718317
caracteristicas_hombre,2021,Nivel de instrucción,Superior,0.2004521702172833
caracteristicas_hombre,2022,Grupos de edad,15 a 17 años,0.8035248111402967
caracteristicas_hombre,2022,Grupos de edad,18 a 29 años,0.4517420230947652
caracteristicas_hombre,2022,Grupos de edad,30 a 44 años,0.404772013357092
caracteristicas_hombre,2022,Grupos de edad,45 a 64 años,0.5129130417154731
caracteristicas_hombre,2022,Grupos de edad,65 años y más,0.7680392590363062
caracteristicas_hombre,2022,Etnia,Indígena,0.7719198958347855
caracteristicas_hombre,2022,Etnia,Afroecuatoriano,0.5224655706937055
caracteristicas_hombre,2022,Etnia,Montubio,0.658442949776546
caracteristicas_hombre,2022,Etnia,Mestizo,0.4489114401275923
caracteristicas_hombre,2022,Etnia,Blanco,0.4480372404254149
caracteristicas_hombre,2022,Estado civil/conyugal,Casado,0.4472574973707257
caracteristicas_hombre,2022,Estado civil/conyugal,Unión libre,0.4952185918497015
caracteristicas_hombre,2022,Estado civil/conyugal,Soltero,0.5119953015742116
caracteristicas_hombre,2022,Estado civil/conyugal,Otros,0.5681395123201943
caracteristicas_hombre,2022,Nivel de instrucción,Ninguno,0.8232700418842752
caracteristicas_hombre,2022,Nivel de instrucción,Centro de Alfabetización,0.9454773461282132
caracteristicas_hombre,2022,Nivel de instrucción,Básica,0.6481567185343142
caracteristicas_hombre,2022,Nivel de instrucción,Bachillerato,0.4336885010204871
caracteristicas_hombre,2022,Nivel de instrucción,Superior,0.1959630024413146
caracteristicas_hombre,2023,Grupos de edad,15 a 17 años,0.8214426859847025
caracteristicas_hombre,2023,Grupos de edad,18 a 29 años,0.47420661837775
caracteristicas_hombre,2023,Grupos de edad,30 a 44 años,0.4363175872750963
caracteristicas_hombre,2023,Grupos de edad,45 a 64 años,0.5489533904934205
caracteristicas_hombre,2023,Grupos de edad,65 años y más,0.774099800082857
caracteristicas_hombre,2023,Etnia,Indígena,0.804129486596641
caracteristicas_hombre,2023,Etnia,Afroecuatoriano,0.5365469480968867
caracteristicas_hombre,2023,Etnia,Montubio,0.6779634134026566
caracteristicas_hombre,2023,Etnia,Mestizo,0.472616874245447
caracteristicas_hombre,2023,Etnia,Blanco,0.4176997575569249
caracteristicas_hombre,2023,Estado civil/conyugal,Casado,0.4861457170838002
caracteristicas_hombre,2023,Estado civil/conyugal,Unión libre,0.5286747747472165
caracteristicas_hombre,2023,Estado civil/conyugal,Soltero,0.5201638293900385
caracteristicas_hombre,2023,Estado civil/conyugal,Otros,0.6042227762777099
caracteristicas_hombre,2023,Nivel de instrucción,Ninguno,0.8758395411928773
caracteristicas_hombre,2023,Nivel de instrucción,Centro de Alfabetización,0.9323333264028717
caracteristicas_hombre,2023,Nivel de instrucción,Básica,0.6901208026090796
caracteristicas_hombre,2023,Nivel de instrucción,Bachillerato,0.4534781137537278
caracteristicas_hombre,2023,Nivel de instrucción,Superior,0.2130850599785822
caracteristicas_hombre,2024,Grupos de edad,15 a 17 años,0.836836127656239
caracteristicas_hombre,2024,Grupos de edad,18 a 29 años,0.474609518935647
caracteristicas_hombre,2024,Grupos de edad,30 a 44 años,0.437841737084955
caracteristicas_hombre,2024,Grupos de edad,45 a 64 años,0.55748709978796
caracteristicas_hombre,2024,Grupos de edad,65 años y más,0.767578820114654
caracteristicas_hombre,2024,Etnia,Indígena,0.808828084663363
caracteristicas_hombre,2024,Etnia,Afroecuatoriano,0.57293879825297
caracteristicas_hombre,2024,Etnia,Montubio,0.745199164063735
caracteristicas_hombre,2024,Etnia,Mestizo,0.471830795252775
caracteristicas_hombre,2024,Etnia,Blanco,0.36843727848929
caracteristicas_hombre,2024,Estado civil/conyugal,Casado,0.482350973621486
caracteristicas_hombre,2024,Estado civil/conyugal,Unión libre,0.552768737598757
caracteristicas_hombre,2024,Estado civil/conyugal,Soltero,0.514255378769085
caracteristicas_hombre,2024,Estado civil/conyugal,Otros,0.611358591812623
caracteristicas_hombre,2024,Nivel de instrucción,Ninguno,0.866668904510729
caracteristicas_hombre,2024,Nivel de instrucción,Centro de Alfabetización,0.961393034404477
caracteristicas_hombre,2024,Nivel de instrucción,Básica,0.700398605556702
caracteristicas_hombre,2024,Nivel de instrucción,Bachillerato,0.465690893742754
caracteristicas_hombre,2024,Nivel de instrucción,Superior,0.195446607371069
caracteristicas_hombre,2025,Grupos de edad,15 a 17 años,0.8581799359141339
caracteristicas_hombre,2025,Grupos de edad,18 a 29 años,0.4682338070336234
caracteristicas_hombre,2025,Grupos de edad,30 a 44 años,0.427357743899636
caracteristicas_hombre,2025,Grupos de edad,45 a 64 años,0.5574086089233217
caracteristicas_hombre,2025,Grupos de edad,65 años y más,0.7932379606965057
caracteristicas_hombre,2025,Etnia,Indígena,0.746787808472848
caracteristicas_hombre,2025,Etnia,Afroecuatoriano,0.5209541301840658
caracteristicas_hombre,2025,Etnia,Montubio,0.7758518166096232
caracteristicas_hombre,2025,Etnia,Mestizo,0.4777609636436725
caracteristicas_hombre,2025,Etnia,Blanco,0.44335437325484567
caracteristicas_hombre,2025,Estado civil/conyugal,Casado,0.48679733417939863
caracteristicas_hombre,2025,Estado civil/conyugal,Unión libre,0.5316468786052952
caracteristicas_hombre,2025,Estado civil/conyugal,Soltero,0.5223108825409584
caracteristicas_hombre,2025,Estado civil/conyugal,Otros,0.6134473510170912
caracteristicas_hombre,2025,Nivel de instrucción,Ninguno,0.8478199878836962
caracteristicas_hombre,2025,Nivel de instrucción,Centro de Alfabetización,0.8438772561729384
caracteristicas_hombre,2025,Nivel de instrucción,Básica,0.704544290520818
caracteristicas_hombre,2025,Nivel de instrucción,Bachillerato,0.4509903526954523
caracteristicas_hombre,2025,Nivel de instrucción,Superior,0.20596440698808957
territorio_mujer,2018,,Urbano,0.354562990150008
territorio_mujer,2018,,Rural,0.7382069493533462
territorio_mujer,2018,,Quito,0.2096639546619571
territorio_mujer,2018,,Guayaquil,0.4194218301690042
territorio_mujer,2018,,Cuenca,0.2423862952690184
territorio_mujer,2018,,Machala,0.3348231238822341
territorio_mujer,2018,,Ambato,0.2261840432985339
territorio_mujer,2018,,Sierra,0.4632888215541186
territorio_mujer,2018,,Costa,0.4949876294788342
territorio_mujer,2018,,Amazonia,0.6935473401038377
territorio_mujer,2018,,Insular,0.162632230393248
territorio_mujer,2018,,Zona 1,0.4901465663411871
territorio_mujer,2018,,Zona 2,0.5008566116261541
territorio_mujer,2018,,Zona 3,0.6413310706233627
territorio_mujer,2018,,Zona 4,0.546711655475455
territorio_mujer,2018,,Zona 5,0.593917450652453
territorio_mujer,2018,,Zona 6,0.5678668550094783
territorio_mujer,2018,,Zona 7,0.534616783727157
territorio_mujer,2018,,Zona 8,0.4190417879185875
territorio_mujer,2018,,Zona 9,0.2140473548669246
territorio_mujer,2018,,Total,0.4883955956741742
territorio_mujer,2019,,Urbano,0.356179452517714
territorio_mujer,2019,,Rural,0.7426148130219636
territorio_mujer,2019,,Quito,0.2081251602905843
territorio_mujer,2019,,Guayaquil,0.4227125749070292
territorio_mujer,2019,,Cuenca,0.2477225863729348
territorio_mujer,2019,,Machala,0.3474760857954803
territorio_mujer,2019,,Ambato,0.2216367994554408
territorio_mujer,2019,,Sierra,0.4686836715712734
territorio_mujer,2019,,Costa,0.4960184290142805
territorio_mujer,2019,,Amazonia,0.724205685548975
territorio_mujer,2019,,Insular,0.1428111433753121
territorio_mujer,2019,,Zona 1,0.502854076948079
territorio_mujer,2019,,Zona 2,0.5043072218164308
territorio_mujer,2019,,Zona 3,0.6549378847051734
territorio_mujer,2019,,Zona 4,0.5703118572848465
territorio_mujer,2019,,Zona 5,0.5830552915546837
territorio_mujer,2019,,Zona 6,0.5622194236799637
territorio_mujer,2019,,Zona 7,0.524219027790855
territorio_mujer,2019,,Zona 8,0.4286914551427642
territorio_mujer,2019,,Zona 9,0.2181581880536426
territorio_mujer,2019,,Total,0.4935409972546478
territorio_mujer,2021,,Urbano,0.3935904522461066
territorio_mujer,2021,,Rural,0.7449627495683075
territorio_mujer,2021,,Quito,0.2510228507110403
territorio_mujer,2021,,Guayaquil,0.4621588488425452
territorio_mujer,2021,,Cuenca,0.2595411561905297
territorio_mujer,2021,,Machala,0.4036005369685386
territorio_mujer,2021,,Ambato,0.2625055669167481
territorio_mujer,2021,,Sierra,0.4809674887929371
territorio_mujer,2021,,Costa,0.5454370107308733
territorio_mujer,2021,,Amazonia,0.7227593760011776
territorio_mujer,2021,,Insular,0.2237643250645512
territorio_mujer,2021,,Zona 1,0.5481053386466741
territorio_mujer,2021,,Zona 2,0.5344682918045072
territorio_mujer,2021,,Zona 3,0.640094650096521
territorio_mujer,2021,,Zona 4,0.5834478867046232
territorio_mujer,2021,,Zona 5,0.6276783118180491
territorio_mujer,2021,,Zona 6,0.5559246676831411
territorio_mujer,2021,,Zona 7,0.5601964887897559
territorio_mujer,2021,,Zona 8,0.470523422281493
territorio_mujer,2021,,Zona 9,0.269800261730367
territorio_mujer,2021,,Total,0.520737468040154
territorio_mujer,2022,,Urbano,0.398792527142333
territorio_mujer,2022,,Rural,0.7659430453845036
territorio_mujer,2022,,Quito,0.2566584228961891
territorio_mujer,2022,,Guayaquil,0.4684904425299232
territorio_mujer,2022,,Cuenca,0.2605869476940459
territorio_mujer,2022,,Machala,0.4047215613396253
territorio_mujer,2022,,Ambato,0.2704353880000981
territorio_mujer,2022,,Sierra,0.4959714216972358
territorio_mujer,2022,,Costa,0.5337227430999756
territorio_mujer,2022,,Amazonia,0.7725880231218771
territorio_mujer,2022,,Insular,0.1017121269202673
territorio_mujer,2022,,Zona 1,0.5717754449848435
territorio_mujer,2022,,Zona 2,0.5423028657189373
territorio_mujer,2022,,Zona 3,0.6824981758792682
territorio_mujer,2022,,Zona 4,0.5641945618484445
territorio_mujer,2022,,Zona 5,0.5951732068767538
territorio_mujer,2022,,Zona 6,0.5791462218334084
territorio_mujer,2022,,Zona 7,0.5824205737685378
territorio_mujer,2022,,Zona 8,0.4766952386234493
territorio_mujer,2022,,Zona 9,0.2642868277037623
territorio_mujer,2022,,Total,0.5270807755617626
territorio_mujer,2023,,Urbano,0.3938766227634912
territorio_mujer,2023,,Rural,0.7833282767937139
territorio_mujer,2023,,Quito,0.2631198104879254
territorio_mujer,2023,,Guayaquil,0.4514818044912756
territorio_mujer,2023,,Cuenca,0.260705425967258
territorio_mujer,2023,,Machala,0.3715136290343459
territorio_mujer,2023,,Ambato,0.2807288453332705
territorio_mujer,2023,,Sierra,0.5140112542376584
territorio_mujer,2023,,Costa,0.5189010650763292
territorio_mujer,2023,,Amazonia,0.8062643978387212
territorio_mujer,2023,,Insular,0.114928514567436
territorio_mujer,2023,,Zona 1,0.5929588320225455
territorio_mujer,2023,,Zona 2,0.6282013246815439
territorio_mujer,2023,,Zona 3,0.7205195082937704
territorio_mujer,2023,,Zona 4,0.5480614724758083
territorio_mujer,2023,,Zona 5,0.5982543571999432
territorio_mujer,2023,,Zona 6,0.5968445740654934
territorio_mujer,2023,,Zona 7,0.5468424599971159
territorio_mujer,2023,,Zona 8,0.4525611069317139
territorio_mujer,2023,,Zona 9,0.2636889913289414
territorio_mujer,2023,,Total,0.5324309916742802
territorio_mujer,2024,,Urbano,0.387428566648351
territorio_mujer,2024,,Rural,0.767199932822376
territorio_mujer,2024,,Quito,0.271269905425196
territorio_mujer,2024,,Guayaquil,0.447875942319016
territorio_mujer,2024,,Cuenca,0.254440535579907
territorio_mujer,2024,,Machala,0.37154554528894
territorio_mujer,2024,,Ambato,0.251319999475115
territorio_mujer,2024,,Sierra,0.501149058632358
territorio_mujer,2024,,Costa,0.513931719381644
territorio_mujer,2024,,Amazonia,0.783074289111344
territorio_mujer,2024,,Insular,0.12097056309179
territorio_mujer,2024,,Zona 1,0.588972796134308
territorio_mujer,2024,,Zona 2,0.602380340385403
territorio_mujer,2024,,Zona 3,0.684092117751496
territorio_mujer,2024,,Zona 4,0.578573942055529
territorio_mujer,2024,,Zona 5,0.590674092441656
territorio_mujer,2024,,Zona 6,0.598105842747702
territorio_mujer,2024,,Zona 7,0.511488294867896
territorio_mujer,2024,,Zona 8,0.445190170576334
territorio_mujer,2024,,Zona 9,0.266284724066044
territorio_mujer,2024,,Total,0.52331335801659
territorio_mujer,2025,,Urbano,0.375537867717582
territorio_mujer,2025,,Rural,0.7362724176182011
territorio_mujer,2025,,Quito,0.2322729848194309
territorio_mujer,2025,,Guayaquil,0.4332559639127514
territorio_mujer,2025,,Cuenca,0.28122171015682035
territorio_mujer,2025,,Machala,0.3821524899408381
territorio_mujer,2025,,Ambato,0.27427405769295043
territorio_mujer,2025,,Sierra,0.4794932223142388
territorio_mujer,2025,,Costa,0.5026882229450161
territorio_mujer,2025,,Amazonia,0.7503277768119924
territorio_mujer,2025,,Insular,0.10833113712473927
territorio_mujer,2025,,Zona 1,0.5495124942465391
territorio_mujer,2025,,Zona 2,0.5733239533266833
territorio_mujer,2025,,Zona 3,0.6489999304524776
territorio_mujer,2025,,Zona 4,0.5340733779222195
territorio_mujer,2025,,Zona 5,0.5713930763973338
territorio_mujer,2025,,Zona 6,0.577679468294078
territorio_mujer,2025,,Zona 7,0.5447987214151878
territorio_mujer,2025,,Zona 8,0.44645084609131425
territorio_mujer,2025,,Zona 9,0.2448368691019656
territorio_mujer,2025,,Total,0.5046612032499731
caracteristicas_mujer,2018,Grupos de edad,15 a 17 años,0.8118465337443433
caracteristicas_mujer,2018,Grupos de edad,18 a 29 años,0.4153600168370113
caracteristicas_mujer,2018,Grupos de edad,30 a 44 años,0.4264824528037173
caracteristicas_mujer,2018,Grupos de edad,45 a 64 años,0.5194022235124837
caracteristicas_mujer,2018,Grupos de edad,65 años y más,0.7801483712718055
caracteristicas_mujer,2018,Etnia,Indígena,0.8189091088833367
caracteristicas_mujer,2018,Etnia,Afroecuatoriano,0.4814792921800383
caracteristicas_mujer,2018,Etnia,Montubio,0.6907106157225738
caracteristicas_mujer,2018,Etnia,Mestizo,0.4343677889276605
caracteristicas_mujer,2018,Etnia,Blanco,0.4284624727202911
caracteristicas_mujer,2018,Estado civil/conyugal,Casado,0.4942806573925362
caracteristicas_mujer,2018,Estado civil/conyugal,Unión libre,0.5437411613732145
caracteristicas_mujer,2018,Estado civil/conyugal,Soltero,0.4289574146462031
caracteristicas_mujer,2018,Estado civil/conyugal,Otros,0.4915185047000678
caracteristicas_mujer,2018,Nivel de instrucción,Ninguno,0.8711783227191012
caracteristicas_mujer,2018,Nivel de instrucción,Centro de Alfabetización,0.8828003371463589
caracteristicas_mujer,2018,Nivel de instrucción,Básica,0.6596501453129453
caracteristicas_mujer,2018,Nivel de instrucción,Bachillerato,0.4423210906455989
caracteristicas_mujer,2018,Nivel de instrucción,Superior,0.1422233634797055
caracteristicas_mujer,2019,Grupos de edad,15 a 17 años,0.8169179858540383
caracteristicas_mujer,2019,Grupos de edad,18 a 29 años,0.4311916061242172
caracteristicas_mujer,2019,Grupos de edad,30 a 44 años,0.4277805843864005
caracteristicas_mujer,2019,Grupos de edad,45 a 64 años,0.5152149745165615
caracteristicas_mujer,2019,Grupos de edad,65 años y más,0.780591639645195
caracteristicas_mujer,2019,Etnia,Indígena,0.8183876297147196
caracteristicas_mujer,2019,Etnia,Afroecuatoriano,0.4548384539862855
caracteristicas_mujer,2019,Etnia,Montubio,0.6998062592779057
caracteristicas_mujer,2019,Etnia,Mestizo,0.4364832262659507
caracteristicas_mujer,2019,Etnia,Blanco,0.3885011732617753
caracteristicas_mujer,2019,Estado civil/conyugal,Casado,0.5009192939688516
caracteristicas_mujer,2019,Estado civil/conyugal,Unión libre,0.5386965792942191
caracteristicas_mujer,2019,Estado civil/conyugal,Soltero,0.4376611581577771
caracteristicas_mujer,2019,Estado civil/conyugal,Otros,0.5002240991683861
caracteristicas_mujer,2019,Nivel de instrucción,Ninguno,0.8722592536450755
caracteristicas_mujer,2019,Nivel de instrucción,Centro de Alfabetización,0.8600102183302109
caracteristicas_mujer,2019,Nivel de instrucción,Básica,0.6671179860540182
caracteristicas_mujer,2019,Nivel de instrucción,Bachillerato,0.4474419821348093
caracteristicas_mujer,2019,Nivel de instrucción,Superior,0.1487471139923309
caracteristicas_mujer,2021,Grupos de edad,15 a 17 años,0.8546707341826831
caracteristicas_mujer,2021,Grupos de edad,18 a 29 años,0.4663954087170417
caracteristicas_mujer,2021,Grupos de edad,30 a 44 años,0.4552223014848449
caracteristicas_mujer,2021,Grupos de edad,45 a 64 años,0.5425499456311713
caracteristicas_mujer,2021,Grupos de edad,65 años y más,0.8075907897544445
caracteristicas_mujer,2021,Etnia,Indígena,0.8039657161150353
caracteristicas_mujer,2021,Etnia,Afroecuatoriano,0.4897301420016864
caracteristicas_mujer,2021,Etnia,Montubio,0.6940739316238477
caracteristicas_mujer,2021,Etnia,Mestizo,0.476226607827973
caracteristicas_mujer,2021,Etnia,Blanco,0.4635171571165503
caracteristicas_mujer,2021,Estado civil/conyugal,Casado,0.5253851313651609
caracteristicas_mujer,2021,Estado civil/conyugal,Unión libre,0.5599839002913202
caracteristicas_mujer,2021,Estado civil/conyugal,Soltero,0.4609495282347404
caracteristicas_mujer,2021,Estado civil/conyugal,Otros,0.5420671193499504
caracteristicas_mujer,2021,Nivel de instrucción,Ninguno,0.8782601568142188
caracteristicas_mujer,2021,Nivel de instrucción,Centro de Alfabetización,0.910824387419164
caracteristicas_mujer,2021,Nivel de instrucción,Básica,0.7010882647074191
caracteristicas_mujer,2021,Nivel de instrucción,Bachillerato,0.4997393770892812
caracteristicas_mujer,2021,Nivel de instrucción,Superior,0.2014468040848542
caracteristicas_mujer,2022,Grupos de edad,15 a 17 años,0.8564229161577798
caracteristicas_mujer,2022,Grupos de edad,18 a 29 años,0.4663054804573112
caracteristicas_mujer,2022,Grupos de edad,30 a 44 años,0.4565767651866903
caracteristicas_mujer,2022,Grupos de edad,45 a 64 años,0.5488453051957456
caracteristicas_mujer,2022,Grupos de edad,65 años y más,0.8331895264025447
caracteristicas_mujer,2022,Etnia,Indígena,0.8344590700224735
caracteristicas_mujer,2022,Etnia,Afroecuatoriano,0.5394880190639084
caracteristicas_mujer,2022,Etnia,Montubio,0.7144821142069175
caracteristicas_mujer,2022,Etnia,Mestizo,0.4803275777121548
caracteristicas_mujer,2022,Etnia,Blanco,0.4552521038139465
caracteristicas_mujer,2022,Estado civil/conyugal,Casado,0.5353964283709646
caracteristicas_mujer,2022,Estado civil/conyugal,Unión libre,0.5573691626087474
caracteristicas_mujer,2022,Estado civil/conyugal,Soltero,0.4609840787144619
caracteristicas_mujer,2022,Estado civil/conyugal,Otros,0.5586296664339405
caracteristicas_mujer,2022,Nivel de instrucción,Ninguno,0.9061102857861505
caracteristicas_mujer,2022,Nivel de instrucción,Centro de Alfabetización,0.9343721170122156
caracteristicas_mujer,2022,Nivel de instrucción,Básica,0.7151863694785183
caracteristicas_mujer,2022,Nivel de instrucción,Bachillerato,0.5029268815836304
caracteristicas_mujer,2022,Nivel de instrucción,Superior,0.1944960260942307
caracteristicas_mujer,2023,Grupos de edad,15 a 17 años,0.860058414418888
caracteristicas_mujer,2023,Grupos de edad,18 a 29 años,0.4878843698065689
caracteristicas_mujer,2023,Grupos de edad,30 a 44 años,0.4548681218525101
caracteristicas_mujer,2023,Grupos de edad,45 a 64 años,0.5560625878548838
caracteristicas_mujer,2023,Grupos de edad,65 años y más,0.8194812796813283
caracteristicas_mujer,2023,Etnia,Indígena,0.8675039145042173
caracteristicas_mujer,2023,Etnia,Afroecuatoriano,0.5178700229196548
caracteristicas_mujer,2023,Etnia,Montubio,0.6764619276819573
caracteristicas_mujer,2023,Etnia,Mestizo,0.4680018579246469
caracteristicas_mujer,2023,Etnia,Blanco,0.3419770996237522
caracteristicas_mujer,2023,Estado civil/conyugal,Casado,0.5553550695282778
caracteristicas_mujer,2023,Estado civil/conyugal,Unión libre,0.5295845311477265
caracteristicas_mujer,2023,Estado civil/conyugal,Soltero,0.4694676282381018
caracteristicas_mujer,2023,Estado civil/conyugal,Otros,0.5699255862977658
caracteristicas_mujer,2023,Nivel de instrucción,Ninguno,0.9288808579427318
caracteristicas_mujer,2023,Nivel de instrucción,Centro de Alfabetización,0.9733314614793754
caracteristicas_mujer,2023,Nivel de instrucción,Básica,0.7297216155031186
caracteristicas_mujer,2023,Nivel de instrucción,Bachillerato,0.5020774029947183
caracteristicas_mujer,2023,Nivel de instrucción,Superior,0.1871623422626898
caracteristicas_mujer,2024,Grupos de edad,15 a 17 años,0.909313653712173
caracteristicas_mujer,2024,Grupos de edad,18 a 29 años,0.448983176653687
caracteristicas_mujer,2024,Grupos de edad,30 a 44 años,0.44649919867577
caracteristicas_mujer,2024,Grupos de edad,45 a 64 años,0.563411355448621
caracteristicas_mujer,2024,Grupos de edad,65 años y más,0.80275860956968
caracteristicas_mujer,2024,Etnia,Indígena,0.840074042377127
caracteristicas_mujer,2024,Etnia,Afroecuatoriano,0.51091565375768
caracteristicas_mujer,2024,Etnia,Montubio,0.698364045353315
caracteristicas_mujer,2024,Etnia,Mestizo,0.45807626514952
caracteristicas_mujer,2024,Etnia,Blanco,0.370246764578777
caracteristicas_mujer,2024,Estado civil/conyugal,Casado,0.533069758706858
caracteristicas_mujer,2024,Estado civil/conyugal,Unión libre,0.536789879663252
caracteristicas_mujer,2024,Estado civil/conyugal,Soltero,0.450515534424874
caracteristicas_mujer,2024,Estado civil/conyugal,Otros,0.577496322060014
caracteristicas_mujer,2024,Nivel de instrucción,Ninguno,0.901436972162443
caracteristicas_mujer,2024,Nivel de instrucción,Centro de Alfabetización,0.862218978724705
caracteristicas_mujer,2024,Nivel de instrucción,Básica,0.72343234743138
caracteristicas_mujer,2024,Nivel de instrucción,Bachillerato,0.494227451843975
caracteristicas_mujer,2024,Nivel de instrucción,Superior,0.178686885822592
caracteristicas_mujer,2025,Grupos de edad,15 a 17 años,0.8784617370572748
caracteristicas_mujer,2025,Grupos de edad,18 a 29 años,0.42221314966097623
caracteristicas_mujer,2025,Grupos de edad,30 a 44 años,0.4319874075626215
caracteristicas_mujer,2025,Grupos de edad,45 a 64 años,0.5473838384495707
caracteristicas_mujer,2025,Grupos de edad,65 años y más,0.8153550100837663
caracteristicas_mujer,2025,Etnia,Indígena,0.7931073599034136
caracteristicas_mujer,2025,Etnia,Afroecuatoriano,0.5124120117753262
caracteristicas_mujer,2025,Etnia,Montubio,0.73584885138243
caracteristicas_mujer,2025,Etnia,Mestizo,0.4464341708733152
caracteristicas_mujer,2025,Etnia,Blanco,0.4288317745285504
caracteristicas_mujer,2025,Estado civil/conyugal,Casado,0.528804811819649
caracteristicas_mujer,2025,Estado civil/conyugal,Unión libre,0.524837131522319
caracteristicas_mujer,2025,Estado civil/conyugal,Soltero,0.4254054829615317
caracteristicas_mujer,2025,Estado civil/conyugal,Otros,0.5428475140042377
caracteristicas_mujer,2025,Nivel de instrucción,Ninguno,0.9122406930956655
caracteristicas_mujer,2025,Nivel de instrucción,Centro de Alfabetización,0.985628907349882
caracteristicas_mujer,2025,Nivel de instrucción,Básica,0.719570277739561
caracteristicas_mujer,2025,Nivel de instrucción,Bachillerato,0.4642928379295175
caracteristicas_mujer,2025,Nivel de instrucción,Superior,0.18098306756250623
estimadores,2018,Total,valor,0.4678186463661194
estimadores,2018,Total,error,0.002779646049628921
estimadores,2018,Total,li,0.4623701171625528
estimadores,2018,Total,ls,0.4732671755696861
estimadores,2018,Total,cv,0.5941717097470166
estimadores,2018,Urbano,valor,0.3522669375789506
estimadores,2018,Urbano,error,0.002588862899803823
estimadores,2018,Urbano,li,0.3471923723782861
estimadores,2018,Urbano,ls,0.357341502779615
estimadores,2018,Urbano,cv,0.7349150952389913
estimadores,2018,Rural,valor,0.6841352859169129
estimadores,2018,Rural,error,0.004622545225681557
estimadores,2018,Rural,li,0.6750743939158267
estimadores,2018,Rural,ls,0.693196177917999
estimadores,2018,Rural,cv,0.6756770657555233
estimadores,2018,Quito,valor,0.2149912072788349
estimadores,2018,Quito,error,0.004966837204828443
estimadores,2018,Quito,li,0.2052540319086657
estimadores,2018,Quito,ls,0.224728382649004
estimadores,2018,Quito,cv,2.310251320365235
estimadores,2018,Guayaquil,valor,0.4169125405230372
estimadores,2018,Guayaquil,error,0.004927257685752504
estimadores,2018,Guayaquil,li,0.4072529583379103
estimadores,2018,Guayaquil,ls,0.426572122708164
estimadores,2018,Guayaquil,cv,1.181844441419541
estimadores,2018,Cuenca,valor,0.2184888654755531
estimadores,2018,Cuenca,error,0.006197608672101968
estimadores,2018,Cuenca,li,0.2063388392058633
estimadores,2018,Cuenca,ls,0.2306388917452429
estimadores,2018,Cuenca,cv,2.836578723868848
estimadores,2018,Machala,valor,0.3347652080207898
estimadores,2018,Machala,error,0.007143935588843323
estimadores,2018,Machala,li,0.3207599666985784
estimadores,2018,Machala,ls,0.3487704493430012
estimadores,2018,Machala,cv,2.134013755814094
estimadores,2018,Ambato,valor,0.2087433204914234
estimadores,2018,Ambato,error,0.005045671301460346
estimadores,2018,Ambato,li,0.198851595778806
estimadores,2018,Ambato,ls,0.2186350452040408
estimadores,2018,Ambato,cv,2.417165392206002
estimadores,2018,Azuay,valor,0.450635833285982
estimadores,2018,Azuay,error,0.009436023236053316
estimadores,2018,Azuay,li,0.4321397919738037
estimadores,2018,Azuay,ls,0.4691318745981603
estimadores,2018,Azuay,cv,2.093935399510282
estimadores,2018,Bolívar,valor,0.7165693178210623
estimadores,2018,Bolívar,error,0.02032243991040528
estimadores,2018,Bolívar,li,0.6767342433682004
estimadores,2018,Bolívar,ls,0.7564043922739241
estimadores,2018,Bolívar,cv,2.836074529705177
estimadores,2018,Cañar,valor,0.5767465272550308
estimadores,2018,Cañar,error,0.01677552992329503
estimadores,2018,Cañar,li,0.5438639360687966
estimadores,2018,Cañar,ls,0.6096291184412651
estimadores,2018,Cañar,cv,2.908648623015823
estimadores,2018,Carchi,valor,0.4200810474761603
estimadores,2018,Carchi,error,0.02087703722921729
estimadores,2018,Carchi,li,0.3791588778918266
estimadores,2018,Carchi,ls,0.4610032170604941
estimadores,2018,Carchi,cv,4.969764133527605
estimadores,2018,Cotopaxi,valor,0.5816042151953933
estimadores,2018,Cotopaxi,error,0.01540883107051965
estimadores,2018,Cotopaxi,li,0.5514005617152105
estimadores,2018,Cotopaxi,ls,0.6118078686755761
estimadores,2018,Cotopaxi,cv,2.649367158617129
estimadores,2018,Chimborazo,valor,0.6910833877073312
estimadores,2018,Chimborazo,error,0.01744455635107414
estimadores,2018,Chimborazo,li,0.6568894029247077
estimadores,2018,Chimborazo,ls,0.7252773724899548
estimadores,2018,Chimborazo,cv,2.524233205626089
estimadores,2018,El Oro,valor,0.3646338107144718
estimadores,2018,El Oro,error,0.009739386738366525
estimadores,2018,El Oro,li,0.3455431307784765
estimadores,2018,El Oro,ls,0.3837244906504672
estimadores,2018,El Oro,cv,2.671004841619856
estimadores,2018,Esmeraldas,valor,0.501198375770301
estimadores,2018,Esmeraldas,error,0.0146485968994182
estimadores,2018,Esmeraldas,li,0.472484896941437
estimadores,2018,Esmeraldas,ls,0.5299118545991651
estimadores,2018,Esmeraldas,cv,2.922714359739194
estimadores,2018,Guayas,valor,0.4529520874529948
estimadores,2018,Guayas,error,0.00500406593264323
estimadores,2018,Guayas,li,0.4431433568147111
estimadores,2018,Guayas,ls,0.4627608180912786
estimadores,2018,Guayas,cv,1.104767164399596
estimadores,2018,Imbabura,valor,0.4783239764500967
estimadores,2018,Imbabura,error,0.01294426197835151
estimadores,2018,Imbabura,li,0.4529512533952744
estimadores,2018,Imbabura,ls,0.503696699504919
estimadores,2018,Imbabura,cv,2.706170423322273
estimadores,2018,Loja,valor,0.6134873612673991
estimadores,2018,Loja,error,0.01591638938779485
estimadores,2018,Loja,li,0.5822888162561322
estimadores,2018,Loja,ls,0.6446859062786661
estimadores,2018,Loja,cv,2.594411945979343
estimadores,2018,Los Ríos,valor,0.5005696011650277
estimadores,2018,Los Ríos,error,0.01066197575016308
estimadores,2018,Los Ríos,li,0.4796705063863101
estimadores,2018,Los Ríos,ls,0.5214686959437453
estimadores,2018,Los Ríos,cv,2.129968684744011
estimadores,2018,Manabí,valor,0.5825742873594482
estimadores,2018,Manabí,error,0.009810178863155905
estimadores,2018,Manabí,li,0.5633448440872543
estimadores,2018,Manabí,ls,0.601803730631642
estimadores,2018,Manabí,cv,1.683936122141798
estimadores,2018,Morona Santiago,valor,0.7675070375926258
estimadores,2018,Morona Santiago,error,0.0171589271569539
estimadores,2018,Morona Santiago,li,0.7338729294913383
estimadores,2018,Morona Santiago,ls,0.8011411456939134
estimadores,2018,Morona Santiago,cv,2.235670334799124
estimadores,2018,Napo,valor,0.6797514549135142
estimadores,2018,Napo,error,0.02800366126449204
estimadores,2018,Napo,li,0.624860017844848
estimadores,2018,Napo,ls,0.7346428919821804
estimadores,2018,Napo,cv,4.119691258042985
estimadores,2018,Pastaza,valor,0.6293744234081418
estimadores,2018,Pastaza,error,0.02704979571890838
estimadores,2018,Pastaza,li,0.5763527079474056
estimadores,2018,Pastaza,ls,0.682396138868878
estimadores,2018,Pastaza,cv,4.297886077484739
estimadores,2018,Pichincha,valor,0.2399947745199392
estimadores,2018,Pichincha,error,0.004676630332396523
estimadores,2018,Pichincha,li,0.2308278674801923
estimadores,2018,Pichincha,ls,0.2491616815596861
estimadores,2018,Pichincha,cv,1.948638399211471
estimadores,2018,Tungurahua,valor,0.4959180131944567
estimadores,2018,Tungurahua,error,0.009589042058790805
estimadores,2018,Tungurahua,li,0.4771220317066248
estimadores,2018,Tungurahua,ls,0.5147139946822886
estimadores,2018,Tungurahua,cv,1.933594223977261
estimadores,2018,Zamora Chinchipe,valor,0.6512662974280933
estimadores,2018,Zamora Chinchipe,error,0.02994350322329068
estimadores,2018,Zamora Chinchipe,li,0.5925724749570737
estimadores,2018,Zamora Chinchipe,ls,0.7099601198991129
estimadores,2018,Zamora Chinchipe,cv,4.597735725238686
estimadores,2018,Galápagos,valor,0.1610877329310567
estimadores,2018,Galápagos,error,0.01292174562527517
estimadores,2018,Galápagos,li,0.1357591453543146
estimadores,2018,Galápagos,ls,0.1864163205077987
estimadores,2018,Galápagos,cv,8.021557812105721
estimadores,2018,Sucumbíos,valor,0.5613641786994232
estimadores,2018,Sucumbíos,error,0.02778976268182819
estimadores,2018,Sucumbíos,li,0.5068920153992288
estimadores,2018,Sucumbíos,ls,0.6158363419996177
estimadores,2018,Sucumbíos,cv,4.950398286226942
estimadores,2018,Orellana,valor,0.6760539907598394
estimadores,2018,Orellana,error,0.04304691703230998
estimadores,2018,Orellana,li,0.5916754834296123
estimadores,2018,Orellana,ls,0.7604324980900665
estimadores,2018,Orellana,cv,6.367378585241118
estimadores,2018,Santo Domingo,valor,0.458452811452323
estimadores,2018,Santo Domingo,error,0.01468256744307319
estimadores,2018,Santo Domingo,li,0.429672745188994
estimadores,2018,Santo Domingo,ls,0.4872328777156519
estimadores,2018,Santo Domingo,cv,3.202634399069469
estimadores,2018,Santa Elena,valor,0.5204532917269543
estimadores,2018,Santa Elena,error,0.01399144721073955
estimadores,2018,Santa Elena,li,0.493027926278698
estimadores,2018,Santa Elena,ls,0.5478786571752107
estimadores,2018,Santa Elena,cv,2.68831947710687
estimadores,2019,Total,valor,0.4727624000512499
estimadores,2019,Total,error,0.003040866298320666
estimadores,2019,Total,li,0.4668018340531437
estimadores,2019,Total,ls,0.478722966049356
estimadores,2019,Total,cv,0.6432123827933484
estimadores,2019,Urbano,valor,0.3555683633044649
estimadores,2019,Urbano,error,0.002784450782549913
estimadores,2019,Urbano,li,0.3501104111850202
estimadores,2019,Urbano,ls,0.3610263154239096
estimadores,2019,Urbano,cv,0.7830985739768004
estimadores,2019,Rural,valor,0.6889230756343405
estimadores,2019,Rural,error,0.00498255354094428
estimadores,2019,Rural,li,0.6791565037741119
estimadores,2019,Rural,ls,0.6986896474945692
estimadores,2019,Rural,cv,0.7232380097526111
estimadores,2019,Quito,valor,0.2066549387129948
estimadores,2019,Quito,error,0.005052755468244961
estimadores,2019,Quito,li,0.1967492890320426
estimadores,2019,Quito,ls,0.216560588393947
estimadores,2019,Quito,cv,2.445020428600691
estimadores,2019,Guayaquil,valor,0.4211702263718646
estimadores,2019,Guayaquil,error,0.004996542305517229
estimadores,2019,Guayaquil,li,0.4113747795101343
estimadores,2019,Guayaquil,ls,0.430965673233595
estimadores,2019,Guayaquil,cv,1.186347465384607
estimadores,2019,Cuenca,valor,0.225797517799725
estimadores,2019,Cuenca,error,0.006571748763058304
estimadores,2019,Cuenca,li,0.2129139651625146
estimadores,2019,Cuenca,ls,0.2386810704369353
estimadores,2019,Cuenca,cv,2.910461030349869
estimadores,2019,Machala,valor,0.3479247555345926
estimadores,2019,Machala,error,0.00787345958843028
estimadores,2019,Machala,li,0.3324892702928708
estimadores,2019,Machala,ls,0.3633602407763143
estimadores,2019,Machala,cv,2.262977687900526
estimadores,2019,Ambato,valor,0.205417706848441
estimadores,2019,Ambato,error,0.005621074413240367
estimadores,2019,Ambato,li,0.19439789907859
estimadores,2019,Ambato,ls,0.2164375146182919
estimadores,2019,Ambato,cv,2.736411821298174
estimadores,2019,Azuay,valor,0.453937453204931
estimadores,2019,Azuay,error,0.01165687022465887
estimadores,2019,Azuay,li,0.431088193326649
estimadores,2019,Azuay,ls,0.476786713083213
estimadores,2019,Azuay,cv,2.567946342025307
estimadores,2019,Bolívar,valor,0.7464070241787668
estimadores,2019,Bolívar,error,0.02050352941419181
estimadores,2019,Bolívar,li,0.7062169506017422
estimadores,2019,Bolívar,ls,0.7865970977557915
estimadores,2019,Bolívar,cv,2.746963620385376
estimadores,2019,Cañar,valor,0.5322557531679194
estimadores,2019,Cañar,error,0.01994614918538219
estimadores,2019,Cañar,li,0.4931582306319234
estimadores,2019,Cañar,ls,0.5713532757039154
estimadores,2019,Cañar,cv,3.747474605331217
estimadores,2019,Carchi,valor,0.4590412476924997
estimadores,2019,Carchi,error,0.01840054105794595
estimadores,2019,Carchi,li,0.4229733549879372
estimadores,2019,Carchi,ls,0.4951091403970622
estimadores,2019,Carchi,cv,4.008472256129804
estimadores,2019,Cotopaxi,valor,0.594549570316891
estimadores,2019,Cotopaxi,error,0.01618367997605086
estimadores,2019,Cotopaxi,li,0.5628270665544751
estimadores,2019,Cotopaxi,ls,0.626272074079307
estimadores,2019,Cotopaxi,cv,2.722006840813133
estimadores,2019,Chimborazo,valor,0.7164542004922133
estimadores,2019,Chimborazo,error,0.01577001761198309
estimadores,2019,Chimborazo,li,0.6855425386347244
estimadores,2019,Chimborazo,ls,0.7473658623497023
estimadores,2019,Chimborazo,cv,2.201120127587902
estimadores,2019,El Oro,valor,0.3602008278683026
estimadores,2019,El Oro,error,0.01037027381326326
estimadores,2019,El Oro,li,0.3398734949906537
estimadores,2019,El Oro,ls,0.3805281607459515
estimadores,2019,El Oro,cv,2.87902553545903
estimadores,2019,Esmeraldas,valor,0.5133415567631695
estimadores,2019,Esmeraldas,error,0.01427494998383487
estimadores,2019,Esmeraldas,li,0.4853604575792618
estimadores,2019,Esmeraldas,ls,0.5413226559470773
estimadores,2019,Esmeraldas,cv,2.780789865103524
estimadores,2019,Guayas,valor,0.4536941215742155
estimadores,2019,Guayas,error,0.005221001233274659
estimadores,2019,Guayas,li,0.4434601555348951
estimadores,2019,Guayas,ls,0.4639280876135358
estimadores,2019,Guayas,cv,1.15077559637735
estimadores,2019,Imbabura,valor,0.4774063519293292
estimadores,2019,Imbabura,error,0.01345732364065549
estimadores,2019,Imbabura,li,0.4510279262279756
estimadores,2019,Imbabura,ls,0.5037847776306829
estimadores,2019,Imbabura,cv,2.818840508985851
estimadores,2019,Loja,valor,0.6122110341901096
estimadores,2019,Loja,error,0.01694826969765482
estimadores,2019,Loja,li,0.578989816886881
estimadores,2019,Loja,ls,0.6454322514933382
estimadores,2019,Loja,cv,2.768370504800782
estimadores,2019,Los Ríos,valor,0.5091144564495568
estimadores,2019,Los Ríos,error,0.01045389380243202
estimadores,2019,Los Ríos,li,0.4886232155222588
estimadores,2019,Los Ríos,ls,0.5296056973768547
estimadores,2019,Los Ríos,cv,2.053348450431949
estimadores,2019,Manabí,valor,0.5970644516500635
estimadores,2019,Manabí,error,0.01017348274788925
estimadores,2019,Manabí,li,0.5771228595508392
estimadores,2019,Manabí,ls,0.6170060437492878
estimadores,2019,Manabí,cv,1.70391700925646
estimadores,2019,Morona Santiago,valor,0.7991038026085969
estimadores,2019,Morona Santiago,error,0.01740457530289606
estimadores,2019,Morona Santiago,li,0.764988156084048
estimadores,2019,Morona Santiago,ls,0.8332194491331458
estimadores,2019,Morona Santiago,cv,2.178011823505345
estimadores,2019,Napo,valor,0.7036288113696285
estimadores,2019,Napo,error,0.03046308331422472
estimadores,2019,Napo,li,0.6439164791633354
estimadores,2019,Napo,ls,0.7633411435759216
estimadores,2019,Napo,cv,4.329425234155446
estimadores,2019,Pastaza,valor,0.6765522193959597
estimadores,2019,Pastaza,error,0.03343931571204853
estimadores,2019,Pastaza,li,0.6110060135850534
estimadores,2019,Pastaza,ls,0.742098425206866
estimadores,2019,Pastaza,cv,4.942606757229156
estimadores,2019,Pichincha,valor,0.2364134026987062
estimadores,2019,Pichincha,error,0.00506649650416317
estimadores,2019,Pichincha,li,0.2264822897099777
estimadores,2019,Pichincha,ls,0.2463445156874347
estimadores,2019,Pichincha,cv,2.143066529362591
estimadores,2019,Tungurahua,valor,0.4891567450278722
estimadores,2019,Tungurahua,error,0.009801878301392678
estimadores,2019,Tungurahua,li,0.4699435548415356
estimadores,2019,Tungurahua,ls,0.5083699352142088
estimadores,2019,Tungurahua,cv,2.003831778060051
estimadores,2019,Zamora Chinchipe,valor,0.6305018292349045
estimadores,2019,Zamora Chinchipe,error,0.03691125944321176
estimadores,2019,Zamora Chinchipe,li,0.5581500793056203
estimadores,2019,Zamora Chinchipe,ls,0.7028535791641887
estimadores,2019,Zamora Chinchipe,cv,5.854266828694612
estimadores,2019,Galápagos,valor,0.1593311905653189
estimadores,2019,Galápagos,error,0.0108886964014347
estimadores,2019,Galápagos,li,0.1379876696186939
estimadores,2019,Galápagos,ls,0.1806747115119438
estimadores,2019,Galápagos,cv,6.834001781321536
estimadores,2019,Sucumbíos,valor,0.6094104933481561
estimadores,2019,Sucumbíos,error,0.03657285995912497
estimadores,2019,Sucumbíos,li,0.5377220584944932
estimadores,2019,Sucumbíos,ls,0.681098928201819
estimadores,2019,Sucumbíos,cv,6.001350544226828
estimadores,2019,Orellana,valor,0.7017344588743389
estimadores,2019,Orellana,error,0.05168466963523657
estimadores,2019,Orellana,li,0.6004245510295656
estimadores,2019,Orellana,ls,0.8030443667191123
estimadores,2019,Orellana,cv,7.36527456812433
estimadores,2019,Santo Domingo,valor,0.4691177010430031
estimadores,2019,Santo Domingo,error,0.01299478745658425
estimadores,2019,Santo Domingo,li,0.443645917456494
estimadores,2019,Santo Domingo,ls,0.4945894846295122
estimadores,2019,Santo Domingo,cv,2.770048418060661
estimadores,2019,Santa Elena,valor,0.5303141020109723
estimadores,2019,Santa Elena,error,0.01670972105399329
estimadores,2019,Santa Elena,li,0.4975604767669831
estimadores,2019,Santa Elena,ls,0.5630677272549616
estimadores,2019,Santa Elena,cv,3.150910185233498
estimadores,2021,Total,valor,0.4954816500384107
estimadores,2021,Total,error,0.005033813298917534
estimadores,2021,Total,li,0.4856130547434848
estimadores,2021,Total,ls,0.5053502453333366
estimadores,2021,Total,cv,1.015943435751314
estimadores,2021,Urbano,valor,0.3871093922662608
estimadores,2021,Urbano,error,0.004921371508922192
estimadores,2021,Urbano,li,0.3774612347297117
estimadores,2021,Urbano,ls,0.3967575498028099
estimadores,2021,Urbano,cv,1.27131286588293
estimadores,2021,Rural,valor,0.6904202896153249
estimadores,2021,Rural,error,0.00860799648014503
estimadores,2021,Rural,li,0.6735446471315312
estimadores,2021,Rural,ls,0.7072959320991186
estimadores,2021,Rural,cv,1.24677629114015
estimadores,2021,Quito,valor,0.2555938017449534
estimadores,2021,Quito,error,0.007867060330289038
estimadores,2021,Quito,li,0.2401656648776132
estimadores,2021,Quito,ls,0.2710219386122935
estimadores,2021,Quito,cv,3.077954268288265
estimadores,2021,Guayaquil,valor,0.4456403448827158
estimadores,2021,Guayaquil,error,0.007898358765578239
estimadores,2021,Guayaquil,li,0.4301508284754836
estimadores,2021,Guayaquil,ls,0.4611298612899479
estimadores,2021,Guayaquil,cv,1.772361693970266
estimadores,2021,Cuenca,valor,0.2344068215202326
estimadores,2021,Cuenca,error,0.008637561824210433
estimadores,2021,Cuenca,li,0.2174676497801914
estimadores,2021,Cuenca,ls,0.2513459932602737
estimadores,2021,Cuenca,cv,3.684859411595618
estimadores,2021,Machala,valor,0.3704571461393559
estimadores,2021,Machala,error,0.009767713542762185
estimadores,2021,Machala,li,0.3513016274205653
estimadores,2021,Machala,ls,0.3896126648581466
estimadores,2021,Machala,cv,2.636664900260241
estimadores,2021,Ambato,valor,0.2508839679328753
estimadores,2021,Ambato,error,0.009151000948554897
estimadores,2021,Ambato,li,0.2329378877987374
estimadores,2021,Ambato,ls,0.2688300480670132
estimadores,2021,Ambato,cv,3.647503275698857
estimadores,2021,Azuay,valor,0.4468082505265
estimadores,2021,Azuay,error,0.02485890598657426
estimadores,2021,Azuay,li,0.3980733316710736
estimadores,2021,Azuay,ls,0.4955431693819265
estimadores,2021,Azuay,cv,5.563663150195094
estimadores,2021,Bolívar,valor,0.7213163673622507
estimadores,2021,Bolívar,error,0.02667823093646493
estimadores,2021,Bolívar,li,0.6690147326645236
estimadores,2021,Bolívar,ls,0.7736180020599778
estimadores,2021,Bolívar,cv,3.69854784163894
estimadores,2021,Cañar,valor,0.5106858593784687
estimadores,2021,Cañar,error,0.03550507344341779
estimadores,2021,Cañar,li,0.4410795430685136
estimadores,2021,Cañar,ls,0.5802921756884237
estimadores,2021,Cañar,cv,6.952429324483218
estimadores,2021,Carchi,valor,0.5388089654769227
estimadores,2021,Carchi,error,0.01859703239155784
estimadores,2021,Carchi,li,0.5023502063889808
estimadores,2021,Carchi,ls,0.5752677245648646
estimadores,2021,Carchi,cv,3.45150759974768
estimadores,2021,Cotopaxi,valor,0.5465996158188675
estimadores,2021,Cotopaxi,error,0.0292018242722497
estimadores,2021,Cotopaxi,li,0.4893505744850645
estimadores,2021,Cotopaxi,ls,0.6038486571526704
estimadores,2021,Cotopaxi,cv,5.342452396074609
estimadores,2021,Chimborazo,valor,0.6761512598468352
estimadores,2021,Chimborazo,error,0.03111134916424328
estimadores,2021,Chimborazo,li,0.6151586691905486
estimadores,2021,Chimborazo,ls,0.7371438505031218
estimadores,2021,Chimborazo,cv,4.601241025756686
estimadores,2021,El Oro,valor,0.4013300678275209
estimadores,2021,El Oro,error,0.01653587864256868
estimadores,2021,El Oro,li,0.3689121205419887
estimadores,2021,El Oro,ls,0.4337480151130531
estimadores,2021,El Oro,cv,4.120269067324227
estimadores,2021,Esmeraldas,valor,0.5958343489476301
estimadores,2021,Esmeraldas,error,0.01287581922382144
estimadores,2021,Esmeraldas,li,0.5705918058763872
estimadores,2021,Esmeraldas,ls,0.621076892018873
estimadores,2021,Esmeraldas,cv,2.160972969511219
estimadores,2021,Guayas,valor,0.4941952124485827
estimadores,2021,Guayas,error,0.009964995443625665
estimadores,2021,Guayas,li,0.4746592262470147
estimadores,2021,Guayas,ls,0.5137311986501507
estimadores,2021,Guayas,cv,2.01640873739999
estimadores,2021,Imbabura,valor,0.5187994636390535
estimadores,2021,Imbabura,error,0.01737971396564296
estimadores,2021,Imbabura,li,0.4847272100047392
estimadores,2021,Imbabura,ls,0.5528717172733678
estimadores,2021,Imbabura,cv,3.349986880043234
estimadores,2021,Loja,valor,0.5953813144192318
estimadores,2021,Loja,error,0.01940504588756329
estimadores,2021,Loja,li,0.5573384762819873
estimadores,2021,Loja,ls,0.6334241525564763
estimadores,2021,Loja,cv,3.259263503506497
estimadores,2021,Los Ríos,valor,0.5122352137213083
estimadores,2021,Los Ríos,error,0.01819145651256688
estimadores,2021,Los Ríos,li,0.4765715703783238
estimadores,2021,Los Ríos,ls,0.5478988570642928
estimadores,2021,Los Ríos,cv,3.551387336377912
estimadores,2021,Manabí,valor,0.600787573777911
estimadores,2021,Manabí,error,0.02462168779670468
estimadores,2021,Manabí,li,0.552517711962427
estimadores,2021,Manabí,ls,0.649057435593395
estimadores,2021,Manabí,cv,4.098235195158416
estimadores,2021,Morona Santiago,valor,0.8032633186520401
estimadores,2021,Morona Santiago,error,0.03247408127311775
estimadores,2021,Morona Santiago,li,0.7395991446692971
estimadores,2021,Morona Santiago,ls,0.8669274926347832
estimadores,2021,Morona Santiago,cv,4.042769104359533
estimadores,2021,Napo,valor,0.7355177830043855
estimadores,2021,Napo,error,0.02653187794418235
estimadores,2021,Napo,li,0.6835030676589016
estimadores,2021,Napo,ls,0.7875324983498695
estimadores,2021,Napo,cv,3.60723813308864
estimadores,2021,Pastaza,valor,0.724507365620167
estimadores,2021,Pastaza,error,0.04060756133121314
estimadores,2021,Pastaza,li,0.6448978201533535
estimadores,2021,Pastaza,ls,0.8041169110869806
estimadores,2021,Pastaza,cv,5.604851414651072
estimadores,2021,Pichincha,valor,0.2871013043104299
estimadores,2021,Pichincha,error,0.006981616008282502
estimadores,2021,Pichincha,li,0.2734141175200234
estimadores,2021,Pichincha,ls,0.3007884911008363
estimadores,2021,Pichincha,cv,2.431760463454249
estimadores,2021,Tungurahua,valor,0.5241982466385142
estimadores,2021,Tungurahua,error,0.01545687675793696
estimadores,2021,Tungurahua,li,0.4938956406041529
estimadores,2021,Tungurahua,ls,0.5545008526728755
estimadores,2021,Tungurahua,cv,2.948670060813078
estimadores,2021,Zamora Chinchipe,valor,0.5962973911645922
estimadores,2021,Zamora Chinchipe,error,0.02776366518522528
estimadores,2021,Zamora Chinchipe,li,0.5418678048158632
estimadores,2021,Zamora Chinchipe,ls,0.6507269775133213
estimadores,2021,Zamora Chinchipe,cv,4.656009836132562
estimadores,2021,Galápagos,valor,0.1801113589146218
estimadores,2021,Galápagos,error,0.01307858422969326
estimadores,2021,Galápagos,li,0.1544713029313779
estimadores,2021,Galápagos,ls,0.2057514148978657
estimadores,2021,Galápagos,cv,7.261387792811503
estimadores,2021,Sucumbíos,valor,0.6369263368651957
estimadores,2021,Sucumbíos,error,0.03381421072371053
estimadores,2021,Sucumbíos,li,0.5706348911889324
estimadores,2021,Sucumbíos,ls,0.7032177825414591
estimadores,2021,Sucumbíos,cv,5.308967264587655
estimadores,2021,Orellana,valor,0.69370155837629
estimadores,2021,Orellana,error,0.02986136053304761
estimadores,2021,Orellana,li,0.635159521841107
estimadores,2021,Orellana,ls,0.752243594911473
estimadores,2021,Orellana,cv,4.304640831850298
estimadores,2021,Santo Domingo,valor,0.4557278803572581
estimadores,2021,Santo Domingo,error,0.01821766443752512
estimadores,2021,Santo Domingo,li,0.4200128573961642
estimadores,2021,Santo Domingo,ls,0.4914429033183521
estimadores,2021,Santo Domingo,cv,3.997487365320676
estimadores,2021,Santa Elena,valor,0.5606361609653971
estimadores,2021,Santa Elena,error,0.01275493042701778
estimadores,2021,Santa Elena,li,0.5356306156810214
estimadores,2021,Santa Elena,ls,0.5856417062497729
estimadores,2021,Santa Elena,cv,2.275081651004139
estimadores,2022,Total,valor,0.5059893521128553
estimadores,2022,Total,error,0.00537853758780562
estimadores,2022,Total,li,0.4954454110528324
estimadores,2022,Total,ls,0.5165332931728783
estimadores,2022,Total,cv,1.062974460894584
estimadores,2022,Urbano,valor,0.3938880315252652
estimadores,2022,Urbano,error,0.00482957166128977
estimadores,2022,Urbano,li,0.3844202685673099
estimadores,2022,Urbano,ls,0.4033557944832206
estimadores,2022,Urbano,cv,1.226128055373519
estimadores,2022,Rural,valor,0.7131592622144709
estimadores,2022,Rural,error,0.008111158343591338
estimadores,2022,Rural,li,0.6972583645992451
estimadores,2022,Rural,ls,0.7290601598296967
estimadores,2022,Rural,cv,1.137355815642767
estimadores,2022,Quito,valor,0.2574058431637434
estimadores,2022,Quito,error,0.01052692775933074
estimadores,2022,Quito,li,0.2367634219660343
estimadores,2022,Quito,ls,0.2780482643614525
estimadores,2022,Quito,cv,4.089622686861172
estimadores,2022,Guayaquil,valor,0.4560913594646534
estimadores,2022,Guayaquil,error,0.008704091621610644
estimadores,2022,Guayaquil,li,0.4390233668361792
estimadores,2022,Guayaquil,ls,0.4731593520931276
estimadores,2022,Guayaquil,cv,1.908409672971496
estimadores,2022,Cuenca,valor,0.2503041701272706
estimadores,2022,Cuenca,error,0.009072258454813157
estimadores,2022,Cuenca,li,0.2325142332605777
estimadores,2022,Cuenca,ls,0.2680941069939635
estimadores,2022,Cuenca,cv,3.624493531290447
estimadores,2022,Machala,valor,0.3894665336692879
estimadores,2022,Machala,error,0.00977171088609831
estimadores,2022,Machala,li,0.370305029330637
estimadores,2022,Machala,ls,0.4086280380079388
estimadores,2022,Machala,cv,2.508998859038264
estimadores,2022,Ambato,valor,0.2577765716770852
estimadores,2022,Ambato,error,0.009291014788741659
estimadores,2022,Ambato,li,0.2395576720125223
estimadores,2022,Ambato,ls,0.2759954713416482
estimadores,2022,Ambato,cv,3.604289842282658
estimadores,2022,Azuay,valor,0.4669777609067515
estimadores,2022,Azuay,error,0.02653990708176689
estimadores,2022,Azuay,li,0.4149496377524042
estimadores,2022,Azuay,ls,0.5190058840610989
estimadores,2022,Azuay,cv,5.683334262049904
estimadores,2022,Bolívar,valor,0.7031316332255861
estimadores,2022,Bolívar,error,0.02735751440064878
estimadores,2022,Bolívar,li,0.6495006945772875
estimadores,2022,Bolívar,ls,0.7567625718738847
estimadores,2022,Bolívar,cv,3.890809786945206
estimadores,2022,Cañar,valor,0.5526730073875302
estimadores,2022,Cañar,error,0.03227221159262424
estimadores,2022,Cañar,li,0.4894074279704215
estimadores,2022,Cañar,ls,0.615938586804639
estimadores,2022,Cañar,cv,5.839295779103467
estimadores,2022,Carchi,valor,0.5174867458323581
estimadores,2022,Carchi,error,0.03155801773644602
estimadores,2022,Carchi,li,0.4556212529261342
estimadores,2022,Carchi,ls,0.579352238738582
estimadores,2022,Carchi,cv,6.098323868312052
estimadores,2022,Cotopaxi,valor,0.6205896434111349
estimadores,2022,Cotopaxi,error,0.02651920925408398
estimadores,2022,Cotopaxi,li,0.5686020957239282
estimadores,2022,Cotopaxi,ls,0.6725771910983416
estimadores,2022,Cotopaxi,cv,4.27322781416693
estimadores,2022,Chimborazo,valor,0.7032925479141594
estimadores,2022,Chimborazo,error,0.03596548104440499
estimadores,2022,Chimborazo,li,0.6327867819625828
estimadores,2022,Chimborazo,ls,0.773798313865736
estimadores,2022,Chimborazo,cv,5.113872050979669
estimadores,2022,El Oro,valor,0.432601749022707
estimadores,2022,El Oro,error,0.01262787807692461
estimadores,2022,El Oro,li,0.4078463949915061
estimadores,2022,El Oro,ls,0.457357103053908
estimadores,2022,El Oro,cv,2.919053865466868
estimadores,2022,Esmeraldas,valor,0.61084740717507
estimadores,2022,Esmeraldas,error,0.01467331605006359
estimadores,2022,Esmeraldas,li,0.5820822313143057
estimadores,2022,Esmeraldas,ls,0.6396125830358343
estimadores,2022,Esmeraldas,cv,2.402124635008591
estimadores,2022,Guayas,valor,0.4810911140620396
estimadores,2022,Guayas,error,0.01019387329142646
estimadores,2022,Guayas,li,0.4611073178342632
estimadores,2022,Guayas,ls,0.501074910289816
estimadores,2022,Guayas,cv,2.1189069998312
estimadores,2022,Imbabura,valor,0.5458226748206382
estimadores,2022,Imbabura,error,0.01591599770127831
estimadores,2022,Imbabura,li,0.5146213791275077
estimadores,2022,Imbabura,ls,0.5770239705137686
estimadores,2022,Imbabura,cv,2.915964915988225
estimadores,2022,Loja,valor,0.6473955494435542
estimadores,2022,Loja,error,0.0232641121734651
estimadores,2022,Loja,li,0.6017892069078209
estimadores,2022,Loja,ls,0.6930018919792874
estimadores,2022,Loja,cv,3.593492756238585
estimadores,2022,Los Ríos,valor,0.5389513251594359
estimadores,2022,Los Ríos,error,0.01915718341934722
estimadores,2022,Los Ríos,li,0.5013960957774548
estimadores,2022,Los Ríos,ls,0.576506554541417
estimadores,2022,Los Ríos,cv,3.554529421312774
estimadores,2022,Manabí,valor,0.5818674797455459
estimadores,2022,Manabí,error,0.02068514559609856
estimadores,2022,Manabí,li,0.5413168742282122
estimadores,2022,Manabí,ls,0.6224180852628796
estimadores,2022,Manabí,cv,3.554958184833477
estimadores,2022,Morona Santiago,valor,0.8198503188783486
estimadores,2022,Morona Santiago,error,0.02946306039432733
estimadores,2022,Morona Santiago,li,0.7620917242466004
estimadores,2022,Morona Santiago,ls,0.8776089135100967
estimadores,2022,Morona Santiago,cv,3.593712134507217
estimadores,2022,Napo,valor,0.782270803132176
estimadores,2022,Napo,error,0.03335712140673567
estimadores,2022,Napo,li,0.7168783955673256
estimadores,2022,Napo,ls,0.8476632106970264
estimadores,2022,Napo,cv,4.264139895439699
estimadores,2022,Pastaza,valor,0.7978327409149512
estimadores,2022,Pastaza,error,0.03143388583519818
estimadores,2022,Pastaza,li,0.7362105928639149
estimadores,2022,Pastaza,ls,0.8594548889659874
estimadores,2022,Pastaza,cv,3.939909234503204
estimadores,2022,Pichincha,valor,0.2879185055671521
estimadores,2022,Pichincha,error,0.007739655011203171
estimadores,2022,Pichincha,li,0.2727458931365802
estimadores,2022,Pichincha,ls,0.3030911179977241
estimadores,2022,Pichincha,cv,2.688140866790525
estimadores,2022,Tungurahua,valor,0.5493010022400832
estimadores,2022,Tungurahua,error,0.01828499373250487
estimadores,2022,Tungurahua,li,0.5134555901645901
estimadores,2022,Tungurahua,ls,0.5851464143155762
estimadores,2022,Tungurahua,cv,3.328774871689208
estimadores,2022,Zamora Chinchipe,valor,0.650920433568602
estimadores,2022,Zamora Chinchipe,error,0.03273121287370929
estimadores,2022,Zamora Chinchipe,li,0.5867550403312443
estimadores,2022,Zamora Chinchipe,ls,0.7150858268059597
estimadores,2022,Zamora Chinchipe,cv,5.028450665508211
estimadores,2022,Galápagos,valor,0.1313044140537109
estimadores,2022,Galápagos,error,0.01420280499080667
estimadores,2022,Galápagos,li,0.1034616154741134
estimadores,2022,Galápagos,ls,0.1591472126333084
estimadores,2022,Galápagos,cv,10.81670033194537
estimadores,2022,Sucumbíos,valor,0.675577528490485
estimadores,2022,Sucumbíos,error,0.0521101181695018
estimadores,2022,Sucumbíos,li,0.5734222482418574
estimadores,2022,Sucumbíos,ls,0.7777328087391127
estimadores,2022,Sucumbíos,cv,7.7134179234672
estimadores,2022,Orellana,valor,0.7245399442201409
estimadores,2022,Orellana,error,0.03623137150989172
estimadores,2022,Orellana,li,0.6535129337200701
estimadores,2022,Orellana,ls,0.7955669547202117
estimadores,2022,Orellana,cv,5.000603734675992
estimadores,2022,Santo Domingo,valor,0.5163342311089918
estimadores,2022,Santo Domingo,error,0.01932101427608356
estimadores,2022,Santo Domingo,li,0.4784578321025468
estimadores,2022,Santo Domingo,ls,0.5542106301154368
estimadores,2022,Santo Domingo,cv,3.741958815046126
estimadores,2022,Santa Elena,valor,0.5751263776330221
estimadores,2022,Santa Elena,error,0.01362339134716626
estimadores,2022,Santa Elena,li,0.5484194460448106
estimadores,2022,Santa Elena,ls,0.6018333092212336
estimadores,2022,Santa Elena,cv,2.368764827520935
estimadores,2023,Total,valor,0.5246207835627918
estimadores,2023,Total,error,0.006395830454208545
estimadores,2023,Total,li,0.5120825368154782
estimadores,2023,Total,ls,0.5371590303101055
estimadores,2023,Total,cv,1.219134021106319
estimadores,2023,Urbano,valor,0.4068676234749599
estimadores,2023,Urbano,error,0.005453831729505689
estimadores,2023,Urbano,li,0.3961760505146613
estimadores,2023,Urbano,ls,0.4175591964352585
estimadores,2023,Urbano,cv,1.340443774544115
estimadores,2023,Rural,valor,0.7437058154432593
estimadores,2023,Rural,error,0.008973363042188572
estimadores,2023,Rural,li,0.726114629938623
estimadores,2023,Rural,ls,0.7612970009478957
estimadores,2023,Rural,cv,1.20657427383976
estimadores,2023,Quito,valor,0.273766817719307
estimadores,2023,Quito,error,0.007439917854249713
estimadores,2023,Quito,li,0.2591776773582987
estimadores,2023,Quito,ls,0.2883559580803153
estimadores,2023,Quito,cv,2.717611256261837
estimadores,2023,Guayaquil,valor,0.4611809483927071
estimadores,2023,Guayaquil,error,0.009628179226175008
estimadores,2023,Guayaquil,li,0.4423007858823944
estimadores,2023,Guayaquil,ls,0.4800611109030198
estimadores,2023,Guayaquil,cv,2.087722673655715
estimadores,2023,Cuenca,valor,0.2555783845174022
estimadores,2023,Cuenca,error,0.01380261582940818
estimadores,2023,Cuenca,li,0.2285124540018806
estimadores,2023,Cuenca,ls,0.2826443150329238
estimadores,2023,Cuenca,cv,5.400541151189713
estimadores,2023,Machala,valor,0.3732865913211297
estimadores,2023,Machala,error,0.01095006561661913
estimadores,2023,Machala,li,0.3518143052861628
estimadores,2023,Machala,ls,0.3947588773560967
estimadores,2023,Machala,cv,2.933420559754059
estimadores,2023,Ambato,valor,0.2581244919533241
estimadores,2023,Ambato,error,0.008584369349546216
estimadores,2023,Ambato,li,0.2412911650531177
estimadores,2023,Ambato,ls,0.2749578188535305
estimadores,2023,Ambato,cv,3.325670216175574
estimadores,2023,Azuay,valor,0.4785900887377396
estimadores,2023,Azuay,error,0.02376600604686088
estimadores,2023,Azuay,li,0.431999728010211
estimadores,2023,Azuay,ls,0.5251804494652681
estimadores,2023,Azuay,cv,4.965837489351834
estimadores,2023,Bolívar,valor,0.7653648934597657
estimadores,2023,Bolívar,error,0.02128815095002041
estimadores,2023,Bolívar,li,0.7236320659064993
estimadores,2023,Bolívar,ls,0.807097721013032
estimadores,2023,Bolívar,cv,2.781438126040661
estimadores,2023,Cañar,valor,0.6023478576655664
estimadores,2023,Cañar,error,0.05804773981147636
estimadores,2023,Cañar,li,0.4885523325823091
estimadores,2023,Cañar,ls,0.7161433827488237
estimadores,2023,Cañar,cv,9.636913134620201
estimadores,2023,Carchi,valor,0.6282429049457905
estimadores,2023,Carchi,error,0.05458274145237951
estimadores,2023,Carchi,li,0.5212400871921663
estimadores,2023,Carchi,ls,0.7352457226994147
estimadores,2023,Carchi,cv,8.688158835170501
estimadores,2023,Cotopaxi,valor,0.6981834847186166
estimadores,2023,Cotopaxi,error,0.04128146324491856
estimadores,2023,Cotopaxi,li,0.6172562031152776
estimadores,2023,Cotopaxi,ls,0.7791107663219555
estimadores,2023,Cotopaxi,cv,5.912695465942725
estimadores,2023,Chimborazo,valor,0.7493511456304941
estimadores,2023,Chimborazo,error,0.02983691819670272
estimadores,2023,Chimborazo,li,0.6908595009241362
estimadores,2023,Chimborazo,ls,0.807842790336852
estimadores,2023,Chimborazo,cv,3.981700484570332
estimadores,2023,El Oro,valor,0.4195345057606905
estimadores,2023,El Oro,error,0.01271868227781116
estimadores,2023,El Oro,li,0.3946010779843261
estimadores,2023,El Oro,ls,0.4444679335370549
estimadores,2023,El Oro,cv,3.031617686547603
estimadores,2023,Esmeraldas,valor,0.6365614699397407
estimadores,2023,Esmeraldas,error,0.01746672437769926
estimadores,2023,Esmeraldas,li,0.6023200838237588
estimadores,2023,Esmeraldas,ls,0.6708028560557227
estimadores,2023,Esmeraldas,cv,2.743917940768977
estimadores,2023,Guayas,valor,0.4946267836733012
estimadores,2023,Guayas,error,0.01200534439857797
estimadores,2023,Guayas,li,0.4710917679417941
estimadores,2023,Guayas,ls,0.5181617994048082
estimadores,2023,Guayas,cv,2.427152106366211
estimadores,2023,Imbabura,valor,0.5465999312015656
estimadores,2023,Imbabura,error,0.01641641655835256
estimadores,2023,Imbabura,li,0.5144175456632079
estimadores,2023,Imbabura,ls,0.5787823167399233
estimadores,2023,Imbabura,cv,3.003369671537482
estimadores,2023,Loja,valor,0.621592051932353
estimadores,2023,Loja,error,0.02218466415165608
estimadores,2023,Loja,li,0.5781017194210033
estimadores,2023,Loja,ls,0.6650823844437027
estimadores,2023,Loja,cv,3.569007049348566
estimadores,2023,Los Ríos,valor,0.564976924676626
estimadores,2023,Los Ríos,error,0.02357173909336838
estimadores,2023,Los Ríos,li,0.5187674006543818
estimadores,2023,Los Ríos,ls,0.6111864486988702
estimadores,2023,Los Ríos,cv,4.172159616405583
estimadores,2023,Manabí,valor,0.5976681030774129
estimadores,2023,Manabí,error,0.01901709127338874
estimadores,2023,Manabí,li,0.5603874114597928
estimadores,2023,Manabí,ls,0.6349487946950331
estimadores,2023,Manabí,cv,3.181881578667007
estimadores,2023,Morona Santiago,valor,0.8078601688703546
estimadores,2023,Morona Santiago,error,0.02659215188016412
estimadores,2023,Morona Santiago,li,0.7557294933931548
estimadores,2023,Morona Santiago,ls,0.8599908443475545
estimadores,2023,Morona Santiago,cv,3.291677558177971
estimadores,2023,Napo,valor,0.8634983665221275
estimadores,2023,Napo,error,0.04176288026863286
estimadores,2023,Napo,li,0.7816273254687995
estimadores,2023,Napo,ls,0.9453694075754555
estimadores,2023,Napo,cv,4.836474727432234
estimadores,2023,Pastaza,valor,0.8409678445623326
estimadores,2023,Pastaza,error,0.05584134392322729
estimadores,2023,Pastaza,li,0.73149768993209
estimadores,2023,Pastaza,ls,0.9504379991925753
estimadores,2023,Pastaza,cv,6.640128309815337
estimadores,2023,Pichincha,valor,0.2961090617722401
estimadores,2023,Pichincha,error,0.007310780892959658
estimadores,2023,Pichincha,li,0.2817771661086899
estimadores,2023,Pichincha,ls,0.3104409574357903
estimadores,2023,Pichincha,cv,2.468948720854391
estimadores,2023,Tungurahua,valor,0.55181319303124
estimadores,2023,Tungurahua,error,0.02168449761826608
estimadores,2023,Tungurahua,li,0.5093033761003597
estimadores,2023,Tungurahua,ls,0.5943230099621203
estimadores,2023,Tungurahua,cv,3.929680894207698
estimadores,2023,Zamora Chinchipe,valor,0.6987202245529509
estimadores,2023,Zamora Chinchipe,error,0.02396821639890589
estimadores,2023,Zamora Chinchipe,li,0.6517334550545906
estimadores,2023,Zamora Chinchipe,ls,0.7457069940513112
estimadores,2023,Zamora Chinchipe,cv,3.430302366621923
estimadores,2023,Galápagos,valor,0.149148568752622
estimadores,2023,Galápagos,error,0.01479328976246632
estimadores,2023,Galápagos,li,0.1201481256398342
estimadores,2023,Galápagos,ls,0.1781490118654099
estimadores,2023,Galápagos,cv,9.918492605183822
estimadores,2023,Sucumbíos,valor,0.7488740009828485
estimadores,2023,Sucumbíos,error,0.04426453900431179
estimadores,2023,Sucumbíos,li,0.6620987626200256
estimadores,2023,Sucumbíos,ls,0.8356492393456714
estimadores,2023,Sucumbíos,cv,5.910812626185106
estimadores,2023,Orellana,valor,0.7948924903253143
estimadores,2023,Orellana,error,0.03664252630909942
estimadores,2023,Orellana,li,0.7230592796738178
estimadores,2023,Orellana,ls,0.8667257009768108
estimadores,2023,Orellana,cv,4.60974619273397
estimadores,2023,Santo Domingo,valor,0.5504874001116662
estimadores,2023,Santo Domingo,error,0.01793234353540813
estimadores,2023,Santo Domingo,li,0.5153332243381991
estimadores,2023,Santo Domingo,ls,0.5856415758851333
estimadores,2023,Santo Domingo,cv,3.257539324564116
estimadores,2023,Santa Elena,valor,0.6199007997730532
estimadores,2023,Santa Elena,error,0.01401353814183383
estimadores,2023,Santa Elena,li,0.5924289647575414
estimadores,2023,Santa Elena,ls,0.6473726347885651
estimadores,2023,Santa Elena,cv,2.26060978578576
estimadores,2024,Total,valor,0.523748534332648
estimadores,2024,Total,error,0.00802691571429379
estimadores,2024,Total,li,0.508012119482094
estimadores,2024,Total,ls,0.539484949183202
estimadores,2024,Total,cv,1.53258962805911
estimadores,2024,Urbano,valor,0.408511690162864
estimadores,2024,Urbano,error,0.00625803144686422
estimadores,2024,Urbano,li,0.39624309503855
estimadores,2024,Urbano,ls,0.420780285287179
estimadores,2024,Urbano,cv,1.53191000344917
estimadores,2024,Rural,valor,0.736600564004949
estimadores,2024,Rural,error,0.0119523460737237
estimadores,2024,Rural,li,0.713168515762736
estimadores,2024,Rural,ls,0.760032612247162
estimadores,2024,Rural,cv,1.62263601981758
estimadores,2024,Quito,valor,0.271431365245944
estimadores,2024,Quito,error,0.0124653139848696
estimadores,2024,Quito,li,0.246993665998771
estimadores,2024,Quito,ls,0.295869064493118
estimadores,2024,Quito,cv,4.59243682968427
estimadores,2024,Guayaquil,valor,0.465147171005983
estimadores,2024,Guayaquil,error,0.0106008413971596
estimadores,2024,Guayaquil,li,0.444364688178417
estimadores,2024,Guayaquil,ls,0.485929653833549
estimadores,2024,Guayaquil,cv,2.27902953257417
estimadores,2024,Cuenca,valor,0.257978378361186
estimadores,2024,Cuenca,error,0.013597214000982
estimadores,2024,Cuenca,li,0.231321638967474
estimadores,2024,Cuenca,ls,0.284635117754897
estimadores,2024,Cuenca,cv,5.27067969314276
estimadores,2024,Machala,valor,0.373170149905318
estimadores,2024,Machala,error,0.0150620191248383
estimadores,2024,Machala,li,0.343641724558411
estimadores,2024,Machala,ls,0.402698575252225
estimadores,2024,Machala,cv,4.03623363997896
estimadores,2024,Ambato,valor,0.233018465445545
estimadores,2024,Ambato,error,0.00953119642647027
estimadores,2024,Ambato,li,0.214332974488917
estimadores,2024,Ambato,ls,0.251703956402174
estimadores,2024,Ambato,cv,4.09031808197949
estimadores,2024,Azuay,valor,0.487856400705989
estimadores,2024,Azuay,error,0.0290551649340984
estimadores,2024,Azuay,li,0.430895029087242
estimadores,2024,Azuay,ls,0.544817772324736
estimadores,2024,Azuay,cv,5.95567976397399
estimadores,2024,Bolívar,valor,0.755689064004422
estimadores,2024,Bolívar,error,0.0457295952777219
estimadores,2024,Bolívar,li,0.666038205835234
estimadores,2024,Bolívar,ls,0.84533992217361
estimadores,2024,Bolívar,cv,6.05137714120134
estimadores,2024,Cañar,valor,0.588484865081324
estimadores,2024,Cañar,error,0.0327294742109508
estimadores,2024,Cañar,li,0.524320171897007
estimadores,2024,Cañar,ls,0.652649558265642
estimadores,2024,Cañar,cv,5.56165097065459
estimadores,2024,Carchi,valor,0.583829699364504
estimadores,2024,Carchi,error,0.0884896209382281
estimadores,2024,Carchi,li,0.410349693517108
estimadores,2024,Carchi,ls,0.7573097052119
estimadores,2024,Carchi,cv,15.1567522232166
estimadores,2024,Cotopaxi,valor,0.696068522669253
estimadores,2024,Cotopaxi,error,0.0733696687946516
estimadores,2024,Cotopaxi,li,0.552230517301337
estimadores,2024,Cotopaxi,ls,0.839906528037169
estimadores,2024,Cotopaxi,cv,10.5405813372076
estimadores,2024,Chimborazo,valor,0.716126421731968
estimadores,2024,Chimborazo,error,0.03922056265407
estimadores,2024,Chimborazo,li,0.639236235443161
estimadores,2024,Chimborazo,ls,0.793016608020774
estimadores,2024,Chimborazo,cv,5.47676520009053
estimadores,2024,El Oro,valor,0.380653957797506
estimadores,2024,El Oro,error,0.0181963443665855
estimadores,2024,El Oro,li,0.344980825811552
estimadores,2024,El Oro,ls,0.416327089783461
estimadores,2024,El Oro,cv,4.78028508408818
estimadores,2024,Esmeraldas,valor,0.64964604965797
estimadores,2024,Esmeraldas,error,0.0335137296908728
estimadores,2024,Esmeraldas,li,0.583943858134297
estimadores,2024,Esmeraldas,ls,0.715348241181643
estimadores,2024,Esmeraldas,cv,5.15876756404774
estimadores,2024,Guayas,valor,0.514815727124679
estimadores,2024,Guayas,error,0.0108261100536429
estimadores,2024,Guayas,li,0.493591615014157
estimadores,2024,Guayas,ls,0.536039839235201
estimadores,2024,Guayas,cv,2.10290973706424
estimadores,2024,Imbabura,valor,0.551424125218312
estimadores,2024,Imbabura,error,0.0275190714013936
estimadores,2024,Imbabura,li,0.497474197339637
estimadores,2024,Imbabura,ls,0.605374053096987
estimadores,2024,Imbabura,cv,4.99054541556351
estimadores,2024,Loja,valor,0.599850544419497
estimadores,2024,Loja,error,0.029962694319329
estimadores,2024,Loja,li,0.541110001397514
estimadores,2024,Loja,ls,0.65859108744148
estimadores,2024,Loja,cv,4.9950266108911
estimadores,2024,Los Ríos,valor,0.509786010053866
estimadores,2024,Los Ríos,error,0.0245269624700558
estimadores,2024,Los Ríos,li,0.46170197999915
estimadores,2024,Los Ríos,ls,0.557870040108581
estimadores,2024,Los Ríos,cv,4.81122706122598
estimadores,2024,Manabí,valor,0.643725612930802
estimadores,2024,Manabí,error,0.0284681661103373
estimadores,2024,Manabí,li,0.587915026661781
estimadores,2024,Manabí,ls,0.699536199199823
estimadores,2024,Manabí,cv,4.42240692905247
estimadores,2024,Morona Santiago,valor,0.833234188370392
estimadores,2024,Morona Santiago,error,0.0209517211119538
estimadores,2024,Morona Santiago,li,0.792159261588278
estimadores,2024,Morona Santiago,ls,0.874309115152506
estimadores,2024,Morona Santiago,cv,2.51450569412309
estimadores,2024,Napo,valor,0.777445536332086
estimadores,2024,Napo,error,0.0282956824551328
estimadores,2024,Napo,li,0.72197309667502
estimadores,2024,Napo,ls,0.832917975989152
estimadores,2024,Napo,cv,3.63957102238044
estimadores,2024,Pastaza,valor,0.703055228254352
estimadores,2024,Pastaza,error,0.0340739117792861
estimadores,2024,Pastaza,li,0.636254824409921
estimadores,2024,Pastaza,ls,0.769855632098782
estimadores,2024,Pastaza,cv,4.84654838054328
estimadores,2024,Pichincha,valor,0.285836844562556
estimadores,2024,Pichincha,error,0.00958938111459816
estimadores,2024,Pichincha,li,0.267037285086596
estimadores,2024,Pichincha,ls,0.304636404038517
estimadores,2024,Pichincha,cv,3.35484430961786
estimadores,2024,Tungurahua,valor,0.505109322825892
estimadores,2024,Tungurahua,error,0.0218948768103608
estimadores,2024,Tungurahua,li,0.462185380822107
estimadores,2024,Tungurahua,ls,0.548033264829677
estimadores,2024,Tungurahua,cv,4.33468079501431
estimadores,2024,Zamora Chinchipe,valor,0.724337871378667
estimadores,2024,Zamora Chinchipe,error,0.0356751994133508
estimadores,2024,Zamora Chinchipe,li,0.6543982136288
estimadores,2024,Zamora Chinchipe,ls,0.794277529128534
estimadores,2024,Zamora Chinchipe,cv,4.92521526528062
estimadores,2024,Galápagos,valor,0.15337164260616
estimadores,2024,Galápagos,error,0.0154831445776079
estimadores,2024,Galápagos,li,0.123017619350319
estimadores,2024,Galápagos,ls,0.183725665862001
estimadores,2024,Galápagos,cv,10.0951807743018
estimadores,2024,Sucumbíos,valor,0.702707869027293
estimadores,2024,Sucumbíos,error,0.0532928830950396
estimadores,2024,Sucumbíos,li,0.598229518087063
estimadores,2024,Sucumbíos,ls,0.807186219967522
estimadores,2024,Sucumbíos,cv,7.58393145202842
estimadores,2024,Orellana,valor,0.830092291081112
estimadores,2024,Orellana,error,0.0448013457182201
estimadores,2024,Orellana,li,0.742261225304556
estimadores,2024,Orellana,ls,0.917923356857669
estimadores,2024,Orellana,cv,5.39715236481366
estimadores,2024,Santo Domingo,valor,0.610836835584813
estimadores,2024,Santo Domingo,error,0.0243816905000461
estimadores,2024,Santo Domingo,li,0.563037604831299
estimadores,2024,Santo Domingo,ls,0.658636066338328
estimadores,2024,Santo Domingo,cv,3.99152262595676
estimadores,2024,Santa Elena,valor,0.658439387304247
estimadores,2024,Santa Elena,error,0.0207320112466933
estimadores,2024,Santa Elena,li,0.617795192039637
estimadores,2024,Santa Elena,ls,0.699083582568857
estimadores,2024,Santa Elena,cv,3.14865903322907
estimadores,2025,Total,valor,0.515
estimadores,2025,Total,error,0.008
estimadores,2025,Total,li,0.499
estimadores,2025,Total,ls,0.531
estimadores,2025,Total,cv,1.6
estimadores,2025,Urbano,valor,0.40399999999999997
estimadores,2025,Urbano,error,0.011000000000000001
estimadores,2025,Urbano,li,0.38299999999999995
estimadores,2025,Urbano,ls,0.425
estimadores,2025,Urbano,cv,2.7
estimadores,2025,Rural,valor,0.715
estimadores,2025,Rural,error,0.012
estimadores,2025,Rural,li,0.691
estimadores,2025,Rural,ls,0.7390000000000001
estimadores,2025,Rural,cv,1.7
estimadores,2025,Quito,valor,0.251
estimadores,2025,Quito,error,0.01
estimadores,2025,Quito,li,0.231
estimadores,2025,Quito,ls,0.271
estimadores,2025,Quito,cv,4.0
estimadores,2025,Guayaquil,valor,0.436
estimadores,2025,Guayaquil,error,0.009000000000000001
estimadores,2025,Guayaquil,li,0.419
estimadores,2025,Guayaquil,ls,0.45299999999999996
estimadores,2025,Guayaquil,cv,2.0
estimadores,2025,Cuenca,valor,0.267
estimadores,2025,Cuenca,error,0.024
estimadores,2025,Cuenca,li,0.221
estimadores,2025,Cuenca,ls,0.313
estimadores,2025,Cuenca,cv,8.8
estimadores,2025,Machala,valor,0.376
estimadores,2025,Machala,error,0.011000000000000001
estimadores,2025,Machala,li,0.354
estimadores,2025,Machala,ls,0.39899999999999997
estimadores,2025,Machala,cv,3.0
estimadores,2025,Ambato,valor,0.248
estimadores,2025,Ambato,error,0.012
estimadores,2025,Ambato,li,0.225
estimadores,2025,Ambato,ls,0.272
estimadores,2025,Ambato,cv,4.8
estimadores,2025,Azuay,valor,0.47200000000000003
estimadores,2025,Azuay,error,0.026000000000000002
estimadores,2025,Azuay,li,0.42100000000000004
estimadores,2025,Azuay,ls,0.524
estimadores,2025,Azuay,cv,5.6
estimadores,2025,Bolívar,valor,0.772
estimadores,2025,Bolívar,error,0.024
estimadores,2025,Bolívar,li,0.725
estimadores,2025,Bolívar,ls,0.8190000000000001
estimadores,2025,Bolívar,cv,3.1
estimadores,2025,Cañar,valor,0.564
estimadores,2025,Cañar,error,0.026000000000000002
estimadores,2025,Cañar,li,0.513
estimadores,2025,Cañar,ls,0.615
estimadores,2025,Cañar,cv,4.6
estimadores,2025,Carchi,valor,0.604
estimadores,2025,Carchi,error,0.08199999999999999
estimadores,2025,Carchi,li,0.444
estimadores,2025,Carchi,ls,0.764
estimadores,2025,Carchi,cv,13.5
estimadores,2025,Cotopaxi,valor,0.631
estimadores,2025,Cotopaxi,error,0.032
estimadores,2025,Cotopaxi,li,0.568
estimadores,2025,Cotopaxi,ls,0.6940000000000001
estimadores,2025,Cotopaxi,cv,5.1
estimadores,2025,Chimborazo,valor,0.6809999999999999
estimadores,2025,Chimborazo,error,0.039
estimadores,2025,Chimborazo,li,0.605
estimadores,2025,Chimborazo,ls,0.758
estimadores,2025,Chimborazo,cv,5.7
estimadores,2025,El Oro,valor,0.433
estimadores,2025,El Oro,error,0.024
estimadores,2025,El Oro,li,0.386
estimadores,2025,El Oro,ls,0.48100000000000004
estimadores,2025,El Oro,cv,5.6
estimadores,2025,Esmeraldas,valor,0.615
estimadores,2025,Esmeraldas,error,0.015
estimadores,2025,Esmeraldas,li,0.585
estimadores,2025,Esmeraldas,ls,0.645
estimadores,2025,Esmeraldas,cv,2.5
estimadores,2025,Guayas,valor,0.519
estimadores,2025,Guayas,error,0.022000000000000002
estimadores,2025,Guayas,li,0.47700000000000004
estimadores,2025,Guayas,ls,0.562
estimadores,2025,Guayas,cv,4.2
estimadores,2025,Imbabura,valor,0.542
estimadores,2025,Imbabura,error,0.026000000000000002
estimadores,2025,Imbabura,li,0.49
estimadores,2025,Imbabura,ls,0.594
estimadores,2025,Imbabura,cv,4.9
estimadores,2025,Loja,valor,0.6
estimadores,2025,Loja,error,0.027000000000000003
estimadores,2025,Loja,li,0.546
estimadores,2025,Loja,ls,0.654
estimadores,2025,Loja,cv,4.6
estimadores,2025,Los Ríos,valor,0.514
estimadores,2025,Los Ríos,error,0.027999999999999997
estimadores,2025,Los Ríos,li,0.46
estimadores,2025,Los Ríos,ls,0.569
estimadores,2025,Los Ríos,cv,5.4
estimadores,2025,Manabí,valor,0.617
estimadores,2025,Manabí,error,0.03
estimadores,2025,Manabí,li,0.5589999999999999
estimadores,2025,Manabí,ls,0.6759999999999999
estimadores,2025,Manabí,cv,4.8
estimadores,2025,Morona Santiago,valor,0.8740000000000001
estimadores,2025,Morona Santiago,error,0.033
estimadores,2025,Morona Santiago,li,0.8079999999999999
estimadores,2025,Morona Santiago,ls,0.9390000000000001
estimadores,2025,Morona Santiago,cv,3.8
estimadores,2025,Napo,valor,0.815
estimadores,2025,Napo,error,0.025
estimadores,2025,Napo,li,0.767
estimadores,2025,Napo,ls,0.8640000000000001
estimadores,2025,Napo,cv,3.0
estimadores,2025,Pastaza,valor,0.6629999999999999
estimadores,2025,Pastaza,error,0.018000000000000002
estimadores,2025,Pastaza,li,0.628
estimadores,2025,Pastaza,ls,0.6990000000000001
estimadores,2025,Pastaza,cv,2.8
estimadores,2025,Pichincha,valor,0.284
estimadores,2025,Pichincha,error,0.01
estimadores,2025,Pichincha,li,0.264
estimadores,2025,Pichincha,ls,0.305
estimadores,2025,Pichincha,cv,3.6
estimadores,2025,Tungurahua,valor,0.52
estimadores,2025,Tungurahua,error,0.019
estimadores,2025,Tungurahua,li,0.48200000000000004
estimadores,2025,Tungurahua,ls,0.5579999999999999
estimadores,2025,Tungurahua,cv,3.7
estimadores,2025,Zamora Chinchipe,valor,0.633
estimadores,2025,Zamora Chinchipe,error,0.040999999999999995
estimadores,2025,Zamora Chinchipe,li,0.5529999999999999
estimadores,2025,Zamora Chinchipe,ls,0.7140000000000001
estimadores,2025,Zamora Chinchipe,cv,6.5
estimadores,2025,Galápagos,valor,0.162
estimadores,2025,Galápagos,error,0.018000000000000002
estimadores,2025,Galápagos,li,0.127
estimadores,2025,Galápagos,ls,0.198
estimadores,2025,Galápagos,cv,11.2
estimadores,2025,Sucumbíos,valor,0.615
estimadores,2025,Sucumbíos,error,0.036000000000000004
estimadores,2025,Sucumbíos,li,0.545
estimadores,2025,Sucumbíos,ls,0.685
estimadores,2025,Sucumbíos,cv,5.8
estimadores,2025,Orellana,valor,0.7709999999999999
estimadores,2025,Orellana,error,0.045
estimadores,2025,Orellana,li,0.6829999999999999
estimadores,2025,Orellana,ls,0.8590000000000001
estimadores,2025,Orellana,cv,5.8
estimadores,2025,Santo Domingo,valor,0.546
estimadores,2025,Santo Domingo,error,0.027999999999999997
estimadores,2025,Santo Domingo,li,0.49200000000000005
estimadores,2025,Santo Domingo,ls,0.6
estimadores,2025,Santo Domingo,cv,5.1
estimadores,2025,Santa Elena,valor,0.629
estimadores,2025,Santa Elena,error,0.02
estimadores,2025,Santa Elena,li,0.589
estimadores,2025,Santa Elena,ls,0.6679999999999999
estimadores,2025,Santa Elena,cv,3.2
