seccion,anio,desagregacion,categoria,valor
territorio,2018,,Total,0.177877566063893
territorio,2018,,Urbano,0.1717948865609919
territorio,2018,,Rural,0.1897055077068811
territorio,2018,,Quito,0.09360932799493243
territorio,2018,,Guayaquil,0.1982636168489551
territorio,2018,,Cuenca,0.09993432050515949
territorio,2018,,Machala,0.1404566880688927
territorio,2018,,Ambato,0.1381532677131334
territorio,2018,,Azuay,0.1382862063386721
territorio,2018,,Bolívar,0.1702270196644748
territorio,2018,,Cañar,0.1530200677202606
territorio,2018,,Carchi,0.1494401146357202
territorio,2018,,Cotopaxi,0.1450055003881474
territorio,2018,,Chimborazo,0.1569815816608158
territorio,2018,,El Oro,0.1751109949760174
territorio,2018,,Esmeraldas,0.1720235465678553
territorio,2018,,Guayas,0.2208413314456722
territorio,2018,,Imbabura,0.1489297836880715
territorio,2018,,Loja,0.149603058627451
territorio,2018,,Los Ríos,0.2607697028401523
territorio,2018,,Manabí,0.2438053735392705
territorio,2018,,Morona Santiago,0.1083470338911664
territorio,2018,,Napo,0.2601792786321461
territorio,2018,,Pastaza,0.1504444388826497
territorio,2018,,Pichincha,0.1023902551571333
territorio,2018,,Tungurahua,0.1542856463031606
territorio,2018,,Zamora Chinchipe,0.1751145048092501
territorio,2018,,Galápagos,0.08522656700899942
territorio,2018,,Sucumbíos,0.1263408769805496
territorio,2018,,Orellana,0.1696949157757608
territorio,2018,,Santo Domingo,0.2060483481981014
territorio,2018,,Santa Elena,0.2648537773644515
territorio,2018,,Sierra,0.135321825249976
territorio,2018,,Costa,0.2241396457168254
territorio,2018,,Amazonia,0.1600533438882885
territorio,2018,,Insular,0.0852265670089994
territorio,2018,,Zona 1,0.1547790585978719
territorio,2018,,Zona 2,0.1713838517580247
territorio,2018,,Zona 3,0.1521039204354683
territorio,2018,,Zona 4,0.2346074327474286
territorio,2018,,Zona 5,0.2583258055230009
territorio,2018,,Zona 6,0.137755395832271
territorio,2018,,Zona 7,0.1643209306555438
territorio,2018,,Zona 8,0.1977844226210584
territorio,2018,,Zona 9,0.09617176844044609
territorio,2019,,Total,0.1819810729722643
territorio,2019,,Urbano,0.1745745726164929
territorio,2019,,Rural,0.1961332728438535
territorio,2019,,Quito,0.1143965912053489
territorio,2019,,Guayaquil,0.191816347403797
territorio,2019,,Cuenca,0.06734288972028601
territorio,2019,,Machala,0.100055614601204
territorio,2019,,Ambato,0.1475836342475322
territorio,2019,,Azuay,0.1104655371851963
territorio,2019,,Bolívar,0.1675800935763258
territorio,2019,,Cañar,0.1566010800938415
territorio,2019,,Carchi,0.1951249959858935
territorio,2019,,Cotopaxi,0.153350089002656
territorio,2019,,Chimborazo,0.1391982645150714
territorio,2019,,El Oro,0.1528726381568881
territorio,2019,,Esmeraldas,0.2278407381072221
territorio,2019,,Guayas,0.2178419906234206
territorio,2019,,Imbabura,0.1632986891787255
territorio,2019,,Loja,0.1666073624931972
territorio,2019,,Los Ríos,0.2697049449952025
territorio,2019,,Manabí,0.2435273918942343
territorio,2019,,Morona Santiago,0.1484770421033291
territorio,2019,,Napo,0.2057235415388165
territorio,2019,,Pastaza,0.1619923722733805
territorio,2019,,Pichincha,0.1250875833205442
territorio,2019,,Tungurahua,0.153084103450065
territorio,2019,,Zamora Chinchipe,0.1718750542896078
territorio,2019,,Galápagos,0.09399565158708681
territorio,2019,,Sucumbíos,0.1609758482268908
territorio,2019,,Orellana,0.1099401315927413
territorio,2019,,Santo Domingo,0.2255096896192882
territorio,2019,,Santa Elena,0.250061899414935
territorio,2019,,Sierra,0.1440871011789977
territorio,2019,,Costa,0.2248093781230571
territorio,2019,,Amazonia,0.1579521985955726
territorio,2019,,Insular,0.09399565158708678
territorio,2019,,Zona 1,0.192093207605974
territorio,2019,,Zona 2,0.1376386311592905
territorio,2019,,Zona 3,0.1493603482574533
territorio,2019,,Zona 4,0.2392510170415867
territorio,2019,,Zona 5,0.2597400474495821
territorio,2019,,Zona 6,0.1261997381226735
territorio,2019,,Zona 7,0.1603779288684968
territorio,2019,,Zona 8,0.1933299529778468
territorio,2019,,Zona 9,0.1248776884280586
territorio,2021,,Total,0.2323004583427659
territorio,2021,,Urbano,0.2283159254982971
territorio,2021,,Rural,0.2398144620570733
territorio,2021,,Quito,0.2149982711007088
territorio,2021,,Guayaquil,0.2258405914428966
territorio,2021,,Cuenca,0.1684055929325428
territorio,2021,,Machala,0.2403353981784544
territorio,2021,,Ambato,0.2318044232716266
territorio,2021,,Azuay,0.1915989966742314
territorio,2021,,Bolívar,0.2077019787674903
territorio,2021,,Cañar,0.2113488483794415
territorio,2021,,Carchi,0.2558407984298715
territorio,2021,,Cotopaxi,0.2397498501109267
territorio,2021,,Chimborazo,0.2446341120678414
territorio,2021,,El Oro,0.2516688534282824
territorio,2021,,Esmeraldas,0.2413364691616663
territorio,2021,,Guayas,0.2366834866157254
territorio,2021,,Imbabura,0.2027974424947633
territorio,2021,,Loja,0.1998862194051195
territorio,2021,,Los Ríos,0.2596675848151743
territorio,2021,,Manabí,0.2681394672597036
territorio,2021,,Morona Santiago,0.2185039039070008
territorio,2021,,Napo,0.2873331481683543
territorio,2021,,Pastaza,0.2092025440644951
territorio,2021,,Pichincha,0.2172252762469376
territorio,2021,,Tungurahua,0.2588799831637107
territorio,2021,,Zamora Chinchipe,0.168867727710468
territorio,2021,,Galápagos,0.2573783822158373
territorio,2021,,Sucumbíos,0.1359385268595589
territorio,2021,,Orellana,0.2355625748591653
territorio,2021,,Santo Domingo,0.2160621208391129
territorio,2021,,Santa Elena,0.2824535652696892
territorio,2021,,Sierra,0.2202066001066792
territorio,2021,,Costa,0.2485889119967253
territorio,2021,,Amazonia,0.2061028466056432
territorio,2021,,Insular,0.2573783822158372
territorio,2021,,Zona 1,0.2140223607599579
territorio,2021,,Zona 2,0.2117757760129474
territorio,2021,,Zona 3,0.2461175919267888
territorio,2021,,Zona 4,0.25523792909922
territorio,2021,,Zona 5,0.257596984869032
territorio,2021,,Zona 6,0.199786949467839
territorio,2021,,Zona 7,0.2224139700818664
territorio,2021,,Zona 8,0.2276932924126167
territorio,2021,,Zona 9,0.223609900682487
territorio,2022,,Total,0.2222742382390682
territorio,2022,,Urbano,0.2160481428899384
territorio,2022,,Rural,0.2341809254087313
territorio,2022,,Quito,0.2126370725618385
territorio,2022,,Guayaquil,0.215046231419597
territorio,2022,,Cuenca,0.1497667828160498
territorio,2022,,Machala,0.2515706418117247
territorio,2022,,Ambato,0.2080436209712243
territorio,2022,,Azuay,0.1950083907685157
territorio,2022,,Bolívar,0.2145639855875716
territorio,2022,,Cañar,0.2340239022000918
territorio,2022,,Carchi,0.2398466954438815
territorio,2022,,Cotopaxi,0.194200178931565
territorio,2022,,Chimborazo,0.2256614356766899
territorio,2022,,El Oro,0.2649132652126999
territorio,2022,,Esmeraldas,0.2466553331243731
territorio,2022,,Guayas,0.2334516560928133
territorio,2022,,Imbabura,0.1906006565645871
territorio,2022,,Loja,0.2292200438374911
territorio,2022,,Los Ríos,0.2406049131663051
territorio,2022,,Manabí,0.2561901387909146
territorio,2022,,Morona Santiago,0.2304406430644747
territorio,2022,,Napo,0.2709156979868051
territorio,2022,,Pastaza,0.1681910401201517
territorio,2022,,Pichincha,0.1915646617857539
territorio,2022,,Tungurahua,0.202808638828072
territorio,2022,,Zamora Chinchipe,0.2161962591916678
territorio,2022,,Galápagos,0.1328195329634288
territorio,2022,,Sucumbíos,0.1448566122469874
territorio,2022,,Orellana,0.1893435231926154
territorio,2022,,Santo Domingo,0.2417829650968566
territorio,2022,,Santa Elena,0.284072982415178
territorio,2022,,Sierra,0.2045450326284738
territorio,2022,,Costa,0.2442887682014837
territorio,2022,,Amazonia,0.202315049721906
territorio,2022,,Insular,0.1328195329634288
territorio,2022,,Zona 1,0.2119491596477196
territorio,2022,,Zona 2,0.1843464076527907
territorio,2022,,Zona 3,0.2052427962574466
territorio,2022,,Zona 4,0.252686711226902
territorio,2022,,Zona 5,0.252714955595669
territorio,2022,,Zona 6,0.2086704864790333
territorio,2022,,Zona 7,0.245849558291421
territorio,2022,,Zona 8,0.2207699100724796
territorio,2022,,Zona 9,0.1976928414414683
territorio,2023,,Total,0.1955182305919471
territorio,2023,,Urbano,0.1879149903947002
territorio,2023,,Rural,0.2101634104558812
territorio,2023,,Quito,0.1479447013787947
territorio,2023,,Guayaquil,0.1664790964282424
territorio,2023,,Cuenca,0.1345674436663442
territorio,2023,,Machala,0.2417431698017322
territorio,2023,,Ambato,0.2055609948321566
territorio,2023,,Azuay,0.1749008584943468
territorio,2023,,Bolívar,0.1711940534263521
territorio,2023,,Cañar,0.1584136294287911
territorio,2023,,Carchi,0.1822007109850039
territorio,2023,,Cotopaxi,0.2077941839859106
territorio,2023,,Chimborazo,0.1522905797728292
territorio,2023,,El Oro,0.2428740455107385
territorio,2023,,Esmeraldas,0.2300782954453837
territorio,2023,,Guayas,0.2087261363822311
territorio,2023,,Imbabura,0.188829264874716
territorio,2023,,Loja,0.2073805444641811
territorio,2023,,Los Ríos,0.2332032584902634
territorio,2023,,Manabí,0.2505777713147661
territorio,2023,,Morona Santiago,0.2318582795284459
territorio,2023,,Napo,0.2334345819768718
territorio,2023,,Pastaza,0.1624925100844169
territorio,2023,,Pichincha,0.1421178651139695
territorio,2023,,Tungurahua,0.1968094542971739
territorio,2023,,Zamora Chinchipe,0.2051890519764824
territorio,2023,,Galápagos,0.1026436430574459
territorio,2023,,Sucumbíos,0.11650752447623
territorio,2023,,Orellana,0.2123839612460006
territorio,2023,,Santo Domingo,0.1974758761951631
territorio,2023,,Santa Elena,0.2745171017381647
territorio,2023,,Sierra,0.1687197282404427
territorio,2023,,Costa,0.2264542036220796
territorio,2023,,Amazonia,0.1930155518068173
territorio,2023,,Insular,0.1026436430574459
territorio,2023,,Zona 1,0.1933600882585205
territorio,2023,,Zona 2,0.175774133308112
territorio,2023,,Zona 3,0.183737398517874
territorio,2023,,Zona 4,0.2376450584418493
territorio,2023,,Zona 5,0.2572832601376901
territorio,2023,,Zona 6,0.1786625544014809
territorio,2023,,Zona 7,0.2248194765764811
territorio,2023,,Zona 8,0.172389932227057
territorio,2023,,Zona 9,0.1427044240510884
territorio,2024,,Total,0.210219734889821
territorio,2024,,Urbano,0.203984812117371
territorio,2024,,Rural,0.222160384301159
territorio,2024,,Quito,0.147067828531519
territorio,2024,,Guayaquil,0.21465819985301
territorio,2024,,Cuenca,0.120035024195332
territorio,2024,,Machala,0.221577672455753
territorio,2024,,Ambato,0.201231408488634
territorio,2024,,Azuay,0.164258462095036
territorio,2024,,Bolívar,0.182705556501004
territorio,2024,,Cañar,0.172041548225236
territorio,2024,,Carchi,0.205308327825079
territorio,2024,,Cotopaxi,0.17296504334231
territorio,2024,,Chimborazo,0.157158727145913
territorio,2024,,El Oro,0.233071620764879
territorio,2024,,Esmeraldas,0.240208498021113
territorio,2024,,Guayas,0.259802828548319
territorio,2024,,Imbabura,0.199347294058316
territorio,2024,,Loja,0.196898955497116
territorio,2024,,Los Ríos,0.239643720924533
territorio,2024,,Manabí,0.272610331610451
territorio,2024,,Morona Santiago,0.131186051963271
territorio,2024,,Napo,0.223953814589061
territorio,2024,,Pastaza,0.195167780551436
territorio,2024,,Pichincha,0.144412400666296
territorio,2024,,Tungurahua,0.210111703915812
territorio,2024,,Zamora Chinchipe,0.141208258545379
territorio,2024,,Galápagos,0.0774696893292858
territorio,2024,,Sucumbíos,0.167782719725977
territorio,2024,,Orellana,0.206911514645529
territorio,2024,,Santo Domingo,0.259346264198175
territorio,2024,,Santa Elena,0.317117960632287
territorio,2024,,Sierra,0.171733114001217
territorio,2024,,Costa,0.258318586545688
territorio,2024,,Amazonia,0.176894170212465
territorio,2024,,Insular,0.0774696893292858
territorio,2024,,Zona 1,0.210691008127093
territorio,2024,,Zona 2,0.17948693053722
territorio,2024,,Zona 3,0.182220121718325
territorio,2024,,Zona 4,0.269461076836121
territorio,2024,,Zona 5,0.300156095663935
territorio,2024,,Zona 6,0.161495998596854
territorio,2024,,Zona 7,0.209648054940741
territorio,2024,,Zona 8,0.212777718085962
territorio,2024,,Zona 9,0.143518012135619
territorio,2025,,Total,0.19415124801828154
territorio,2025,,Urbano,0.19197406218303287
territorio,2025,,Rural,0.19819530276256664
territorio,2025,,Quito,0.1274425448795396
territorio,2025,,Guayaquil,0.20065412293376483
territorio,2025,,Cuenca,0.0940042649734888
territorio,2025,,Machala,0.19824591295528507
territorio,2025,,Ambato,0.16766768534255214
territorio,2025,,Azuay,0.10003741738864479
territorio,2025,,Bolívar,0.203301185807262
territorio,2025,,Cañar,0.1375839012839108
territorio,2025,,Carchi,0.1500227735398704
territorio,2025,,Cotopaxi,0.20546032957207286
territorio,2025,,Chimborazo,0.18643262225197174
territorio,2025,,El Oro,0.20521573344598243
territorio,2025,,Esmeraldas,0.22583300953370816
territorio,2025,,Guayas,0.2292392676929583
territorio,2025,,Imbabura,0.18594675036071578
territorio,2025,,Loja,0.14152890783818
territorio,2025,,Los Ríos,0.2836146446763415
territorio,2025,,Manabí,0.2851998544956509
territorio,2025,,Morona Santiago,0.11539041692942818
territorio,2025,,Napo,0.25276891016604547
territorio,2025,,Pastaza,0.1970966019668966
territorio,2025,,Pichincha,0.13014468030067852
territorio,2025,,Tungurahua,0.19448336336053257
territorio,2025,,Zamora Chinchipe,0.14713305521151154
territorio,2025,,Galápagos,0.06767043790048073
territorio,2025,,Sucumbíos,0.15650000413486187
territorio,2025,,Orellana,0.16532340355691402
territorio,2025,,Santo Domingo,0.1879951416470181
territorio,2025,,Santa Elena,0.27228165849976926
territorio,2025,,Sierra,0.15255747806231956
territorio,2025,,Costa,0.24506305675613613
territorio,2025,,Amazonia,0.1706254494372664
territorio,2025,,Insular,0.06767043790048073
territorio,2025,,Zona 1,0.19183604023047462
territorio,2025,,Zona 2,0.16094507050078835
territorio,2025,,Zona 3,0.19545605608409178
territorio,2025,,Zona 4,0.2622509283960354
territorio,2025,,Zona 5,0.27949704288964644
territorio,2025,,Zona 6,0.11083465302611648
territorio,2025,,Zona 7,0.17410408718226772
territorio,2025,,Zona 8,0.19990619544209604
territorio,2025,,Zona 9,0.12967298522216084
caracteristicas,2018,Sexo,Hombre,0.1885524509316108
caracteristicas,2018,Sexo,Mujer,0.163616286978941
caracteristicas,2018,Grupos de edad,15 a 17 años,0.1203049161782959
caracteristicas,2018,Grupos de edad,18 a 29 años,0.21423377115901
caracteristicas,2018,Grupos de edad,30 a 44 años,0.1838432831609308
caracteristicas,2018,Grupos de edad,45 a 64 años,0.1704528274896734
caracteristicas,2018,Grupos de edad,65 años y más,0.08085720422439743
caracteristicas,2018,Etnia,Indígena,0.1426777302163236
caracteristicas,2018,Etnia,Afroecuatoriano,0.2118037967433933
caracteristicas,2018,Etnia,Montubio,0.2910614612481086
caracteristicas,2018,Etnia,Mestizo,0.1735388382410122
caracteristicas,2018,Etnia,Blanco,0.1835652305261764
caracteristicas,2018,Estado civil/conyugal,Casado,0.1251604993071364
caracteristicas,2018,Estado civil/conyugal,Unión libre,0.2014223008339825
caracteristicas,2018,Estado civil/conyugal,Soltero,0.2066561710971789
caracteristicas,2018,Estado civil/conyugal,Otro,0.2198214157798067
caracteristicas,2018,Nivel de instrucción,Ninguno,0.1515978160765891
caracteristicas,2018,Nivel de instrucción,Centro de alfabetización,0.1889964825925602
caracteristicas,2018,Nivel de instrucción,Básica,0.2080014537034068
caracteristicas,2018,Nivel de instrucción,Bachillerato,0.1888892877206161
caracteristicas,2018,Nivel de instrucción,Superior,0.1012887245778123
caracteristicas,2018,Quintiles de ingreso,Quintil 1,0.291283260541537
caracteristicas,2018,Quintiles de ingreso,Quintil 2,0.2533468334639507
caracteristicas,2018,Quintiles de ingreso,Quintil 3,0.198755831480242
caracteristicas,2018,Quintiles de ingreso,Quintil 4,0.1378783922251311
caracteristicas,2018,Quintiles de ingreso,Quintil 5,0.07245953450326206
caracteristicas,2019,Sexo,Hombre,0.1963952729517146
caracteristicas,2019,Sexo,Mujer,0.1632783108193282
caracteristicas,2019,Grupos de edad,15 a 17 años,0.1114103487877138
caracteristicas,2019,Grupos de edad,18 a 29 años,0.2219484476552817
caracteristicas,2019,Grupos de edad,30 a 44 años,0.1844086804397217
caracteristicas,2019,Grupos de edad,45 a 64 años,0.1768063491144467
caracteristicas,2019,Grupos de edad,65 años y más,0.09163405794646387
caracteristicas,2019,Etnia,Indígena,0.1413454916621615
caracteristicas,2019,Etnia,Afroecuatoriano,0.2250186544183195
caracteristicas,2019,Etnia,Montubio,0.2929072453141837
caracteristicas,2019,Etnia,Mestizo,0.1778414895018756
caracteristicas,2019,Etnia,Blanco,0.1924892997577449
caracteristicas,2019,Estado civil/conyugal,Casado,0.1290015298320733
caracteristicas,2019,Estado civil/conyugal,Unión libre,0.2049338780325859
caracteristicas,2019,Estado civil/conyugal,Soltero,0.2123097520459952
caracteristicas,2019,Estado civil/conyugal,Otro,0.2207053114001582
caracteristicas,2019,Nivel de instrucción,Ninguno,0.1562740046585876
caracteristicas,2019,Nivel de instrucción,Centro de alfabetización,0.1473965002334012
caracteristicas,2019,Nivel de instrucción,Básica,0.2102024462512998
caracteristicas,2019,Nivel de instrucción,Bachillerato,0.1936528724773144
caracteristicas,2019,Nivel de instrucción,Superior,0.1089905433285998
caracteristicas,2019,Quintiles de ingreso,Quintil 1,0.2954193202755762
caracteristicas,2019,Quintiles de ingreso,Quintil 2,0.2625975110142362
caracteristicas,2019,Quintiles de ingreso,Quintil 3,0.1942020646487511
caracteristicas,2019,Quintiles de ingreso,Quintil 4,0.1427942849229426
caracteristicas,2019,Quintiles de ingreso,Quintil 5,0.077003658507291
caracteristicas,2021,Sexo,Hombre,0.2468906039751957
caracteristicas,2021,Sexo,Mujer,0.2129382541529695
caracteristicas,2021,Grupos de edad,15 a 17 años,0.1199750782360989
caracteristicas,2021,Grupos de edad,18 a 29 años,0.2708358648278356
caracteristicas,2021,Grupos de edad,30 a 44 años,0.2444930982775521
caracteristicas,2021,Grupos de edad,45 a 64 años,0.2258442325371872
caracteristicas,2021,Grupos de edad,65 años y más,0.1066733105754313
caracteristicas,2021,Etnia,Indígena,0.2120217778640528
caracteristicas,2021,Etnia,Afroecuatoriano,0.266374666890736
caracteristicas,2021,Etnia,Montubio,0.3124798888655662
caracteristicas,2021,Etnia,Mestizo,0.2294112082391049
caracteristicas,2021,Etnia,Blanco,0.1990712447638932
caracteristicas,2021,Estado civil/conyugal,Casado,0.1827483474436108
caracteristicas,2021,Estado civil/conyugal,Unión libre,0.246827240091194
caracteristicas,2021,Estado civil/conyugal,Soltero,0.2606282430263438
caracteristicas,2021,Estado civil/conyugal,Otro,0.2659755027092539
caracteristicas,2021,Nivel de instrucción,Ninguno,0.1694831707706247
caracteristicas,2021,Nivel de instrucción,Centro de alfabetización,0.1048080440277153
caracteristicas,2021,Nivel de instrucción,Básica,0.2635741889880319
caracteristicas,2021,Nivel de instrucción,Bachillerato,0.2467313219632737
caracteristicas,2021,Nivel de instrucción,Superior,0.1613720850382189
caracteristicas,2021,Quintiles de ingreso,Quintil 1,0.3678933453008287
caracteristicas,2021,Quintiles de ingreso,Quintil 2,0.322315150504852
caracteristicas,2021,Quintiles de ingreso,Quintil 3,0.2524393353120463
caracteristicas,2021,Quintiles de ingreso,Quintil 4,0.1899110789292605
caracteristicas,2021,Quintiles de ingreso,Quintil 5,0.1063307196793313
caracteristicas,2022,Sexo,Hombre,0.2402578158945375
caracteristicas,2022,Sexo,Mujer,0.1988880723915303
caracteristicas,2022,Grupos de edad,15 a 17 años,0.09544513170057659
caracteristicas,2022,Grupos de edad,18 a 29 años,0.2641074126451398
caracteristicas,2022,Grupos de edad,30 a 44 años,0.2303579462695667
caracteristicas,2022,Grupos de edad,45 a 64 años,0.2182802340679086
caracteristicas,2022,Grupos de edad,65 años y más,0.1054522378772109
caracteristicas,2022,Etnia,Indígena,0.1809581383226827
caracteristicas,2022,Etnia,Afroecuatoriano,0.2592703270042152
caracteristicas,2022,Etnia,Montubio,0.2861450356674472
caracteristicas,2022,Etnia,Mestizo,0.2227171541214902
caracteristicas,2022,Etnia,Blanco,0.221597722580052
caracteristicas,2022,Estado civil/conyugal,Casado,0.1655567424700146
caracteristicas,2022,Estado civil/conyugal,Unión libre,0.2361219698627184
caracteristicas,2022,Estado civil/conyugal,Soltero,0.2568524983834891
caracteristicas,2022,Estado civil/conyugal,Otro,0.2604352039146331
caracteristicas,2022,Nivel de instrucción,Ninguno,0.167267673266743
caracteristicas,2022,Nivel de instrucción,Centro de alfabetización,0.09842730297013699
caracteristicas,2022,Nivel de instrucción,Básica,0.2578701994686438
caracteristicas,2022,Nivel de instrucción,Bachillerato,0.2357807777296217
caracteristicas,2022,Nivel de instrucción,Superior,0.14215396182666
caracteristicas,2022,Quintiles de ingreso,Quintil 1,0.3662472364407962
caracteristicas,2022,Quintiles de ingreso,Quintil 2,0.3160005863212985
caracteristicas,2022,Quintiles de ingreso,Quintil 3,0.2423750477935382
caracteristicas,2022,Quintiles de ingreso,Quintil 4,0.1795829277907162
caracteristicas,2022,Quintiles de ingreso,Quintil 5,0.09455358423975099
caracteristicas,2023,Sexo,Hombre,0.2102781495725901
caracteristicas,2023,Sexo,Mujer,0.1760871531714971
caracteristicas,2023,Grupos de edad,15 a 17 años,0.1037038559965239
caracteristicas,2023,Grupos de edad,18 a 29 años,0.2475968552004608
caracteristicas,2023,Grupos de edad,30 a 44 años,0.1951817744170812
caracteristicas,2023,Grupos de edad,45 a 64 años,0.1860661532854364
caracteristicas,2023,Grupos de edad,65 años y más,0.09539359210506929
caracteristicas,2023,Etnia,Indígena,0.1502492639714429
caracteristicas,2023,Etnia,Afroecuatoriano,0.2355201012572688
caracteristicas,2023,Etnia,Montubio,0.2518603489926633
caracteristicas,2023,Etnia,Mestizo,0.1984965836942399
caracteristicas,2023,Etnia,Blanco,0.1623313790621448
caracteristicas,2023,Estado civil/conyugal,Casado,0.1371501945588878
caracteristicas,2023,Estado civil/conyugal,Unión libre,0.1982619630620566
caracteristicas,2023,Estado civil/conyugal,Soltero,0.2460312713413443
caracteristicas,2023,Estado civil/conyugal,Otro,0.2200045148350922
caracteristicas,2023,Nivel de instrucción,Ninguno,0.1399166786790871
caracteristicas,2023,Nivel de instrucción,Centro de alfabetización,0.06928695488847143
caracteristicas,2023,Nivel de instrucción,Básica,0.2281485590116092
caracteristicas,2023,Nivel de instrucción,Bachillerato,0.2086377327526554
caracteristicas,2023,Nivel de instrucción,Superior,0.1247770023823106
caracteristicas,2023,Quintiles de ingreso,Quintil 1,0.3224504372790211
caracteristicas,2023,Quintiles de ingreso,Quintil 2,0.2878762206156157
caracteristicas,2023,Quintiles de ingreso,Quintil 3,0.2228343215253952
caracteristicas,2023,Quintiles de ingreso,Quintil 4,0.1545425986117033
caracteristicas,2023,Quintiles de ingreso,Quintil 5,0.0769752169827216
caracteristicas,2024,Sexo,Hombre,0.229417172450896
caracteristicas,2024,Sexo,Mujer,0.184603404894838
caracteristicas,2024,Grupos de edad,15 a 17 años,0.102617595474287
caracteristicas,2024,Grupos de edad,18 a 29 años,0.261230727016037
caracteristicas,2024,Grupos de edad,30 a 44 años,0.213229091285075
caracteristicas,2024,Grupos de edad,45 a 64 años,0.204764977136263
caracteristicas,2024,Grupos de edad,65 años y más,0.0966819477174096
caracteristicas,2024,Etnia,Indígena,0.162373572509566
caracteristicas,2024,Etnia,Afroecuatoriano,0.241459630527688
caracteristicas,2024,Etnia,Montubio,0.360275767432998
caracteristicas,2024,Etnia,Mestizo,0.211076855238262
caracteristicas,2024,Etnia,Blanco,0.176327488537593
caracteristicas,2024,Estado civil/conyugal,Casado,0.143530458089366
caracteristicas,2024,Estado civil/conyugal,Unión libre,0.233835853873227
caracteristicas,2024,Estado civil/conyugal,Soltero,0.250931299932706
caracteristicas,2024,Estado civil/conyugal,Otro,0.23265020386575
caracteristicas,2024,Nivel de instrucción,Ninguno,0.161746478753261
caracteristicas,2024,Nivel de instrucción,Centro de alfabetización,0.069193407848837
caracteristicas,2024,Nivel de instrucción,Básica,0.241125713330521
caracteristicas,2024,Nivel de instrucción,Bachillerato,0.231159491049538
caracteristicas,2024,Nivel de instrucción,Superior,0.129566387480335
caracteristicas,2024,Quintiles de ingreso,Quintil 1,0.336373771034653
caracteristicas,2024,Quintiles de ingreso,Quintil 2,0.312188326601427
caracteristicas,2024,Quintiles de ingreso,Quintil 3,0.242418172673378
caracteristicas,2024,Quintiles de ingreso,Quintil 4,0.173469367556566
caracteristicas,2024,Quintiles de ingreso,Quintil 5,0.0823146298871584
caracteristicas,2025,Sexo,Hombre,0.20742382934191803
caracteristicas,2025,Sexo,Mujer,0.17617829982917932
caracteristicas,2025,Grupos de edad,15 a 17 años,0.10129869445241
caracteristicas,2025,Grupos de edad,18 a 29 años,0.23607785123978967
caracteristicas,2025,Grupos de edad,30 a 44 años,0.1974513204323276
caracteristicas,2025,Grupos de edad,45 a 64 años,0.18725656269726182
caracteristicas,2025,Grupos de edad,65 años y más,0.10746232036471506
caracteristicas,2025,Etnia,Indígena,0.16333591459164143
caracteristicas,2025,Etnia,Afroecuatoriano,0.2480120756870632
caracteristicas,2025,Etnia,Montubio,0.3215836619450547
caracteristicas,2025,Etnia,Mestizo,0.19200157607970225
caracteristicas,2025,Etnia,Blanco,0.14553899306582074
caracteristicas,2025,Estado civil/conyugal,Casado,0.1305973338340792
caracteristicas,2025,Estado civil/conyugal,Unión libre,0.20214158746472322
caracteristicas,2025,Estado civil/conyugal,Soltero,0.23043146992787428
caracteristicas,2025,Estado civil/conyugal,Otro,0.2383742221269284
caracteristicas,2025,Nivel de instrucción,Ninguno,0.16311712201439732
caracteristicas,2025,Nivel de instrucción,Centro de alfabetización,0.05491228315265362
caracteristicas,2025,Nivel de instrucción,Básica,0.2262277483472618
caracteristicas,2025,Nivel de instrucción,Bachillerato,0.2058932257374946
caracteristicas,2025,Nivel de instrucción,Superior,0.12384774567059989
caracteristicas,2025,Quintiles de ingreso,Quintil 1,0.31269408120184655
caracteristicas,2025,Quintiles de ingreso,Quintil 2,0.29163981210201784
caracteristicas,2025,Quintiles de ingreso,Quintil 3,0.22979577470027418
caracteristicas,2025,Quintiles de ingreso,Quintil 4,0.15545622844905094
caracteristicas,2025,Quintiles de ingreso,Quintil 5,0.07880729174830685
ci,2018,Límite inferior,Total,0.1748644871414267
ci,2018,Límite inferior,Urbano,0.1683205125142697
ci,2018,Límite inferior,Rural,0.1839306280297683
ci,2018,Límite superior,Total,0.1808906449863593
ci,2018,Límite superior,Urbano,0.1752692606077141
ci,2018,Límite superior,Rural,0.195480387383994
ci,2019,Límite inferior,Total,0.1786971806069792
ci,2019,Límite inferior,Urbano,0.170524506112638
ci,2019,Límite inferior,Rural,0.1904062540128201
ci,2019,Límite superior,Total,0.1852649653375494
ci,2019,Límite superior,Urbano,0.1786246391203477
ci,2019,Límite superior,Rural,0.2018602916748869
ci,2021,Límite inferior,Total,0.2268830871153605
ci,2021,Límite inferior,Urbano,0.2224951010033252
ci,2021,Límite inferior,Rural,0.2287204306768599
ci,2021,Límite superior,Total,0.2377178295701713
ci,2021,Límite superior,Urbano,0.234136749993269
ci,2021,Límite superior,Rural,0.2509084934372867
ci,2022,Límite inferior,Total,0.2165099478968702
ci,2022,Límite inferior,Urbano,0.2094701707005913
ci,2022,Límite inferior,Rural,0.2230715560870375
ci,2022,Límite superior,Total,0.2280385285812661
ci,2022,Límite superior,Urbano,0.2226261150792854
ci,2022,Límite superior,Rural,0.2452902947304251
ci,2023,Límite inferior,Total,0.1891325449502358
ci,2023,Límite inferior,Urbano,0.1808953737085083
ci,2023,Límite inferior,Rural,0.1968988594183533
ci,2023,Límite superior,Total,0.2019039162336584
ci,2023,Límite superior,Urbano,0.194934607080892
ci,2023,Límite superior,Rural,0.2234279614934092
ci,2024,Límite inferior,Total,0.202713896669849
ci,2024,Límite inferior,Urbano,0.196124656222151
ci,2024,Límite inferior,Rural,0.205929882234521
ci,2024,Límite superior,Total,0.217725573109792
ci,2024,Límite superior,Urbano,0.211844968012592
ci,2024,Límite superior,Rural,0.238390886367796
ci,2025,Límite inferior,Total,0.187
ci,2025,Límite inferior,Urbano,0.185
ci,2025,Límite inferior,Rural,0.183
ci,2025,Límite superior,Total,0.201
ci,2025,Límite superior,Urbano,0.19899999999999998
ci,2025,Límite superior,Rural,0.213
territorio_hombre,2018,,Urbano,0.1733126179886167
territorio_hombre,2018,,Rural,0.2180774890515537
territorio_hombre,2018,,Quito,0.0844546699070717
territorio_hombre,2018,,Guayaquil,0.2048859052868546
territorio_hombre,2018,,Cuenca,0.09540319027841036
territorio_hombre,2018,,Machala,0.1407693752763493
territorio_hombre,2018,,Ambato,0.1367014493832669
territorio_hombre,2018,,Sierra,0.1317132645242639
territorio_hombre,2018,,Costa,0.2401133677414535
territorio_hombre,2018,,Amazonia,0.1813593129044778
territorio_hombre,2018,,Insular,0.06244074953491575
territorio_hombre,2018,,Zona 1,0.1581191433188374
territorio_hombre,2018,,Zona 2,0.177540275173451
territorio_hombre,2018,,Zona 3,0.1548664037529441
territorio_hombre,2018,,Zona 4,0.2559915603216074
territorio_hombre,2018,,Zona 5,0.2836060500781275
territorio_hombre,2018,,Zona 6,0.1421510707586173
territorio_hombre,2018,,Zona 7,0.1603520586607645
territorio_hombre,2018,,Zona 8,0.2040584508738498
territorio_hombre,2018,,Zona 9,0.08595276417118926
territorio_hombre,2018,,Total,0.1885524509316108
territorio_hombre,2019,,Urbano,0.1777596000108895
territorio_hombre,2019,,Rural,0.2322390320829174
territorio_hombre,2019,,Quito,0.09920623368275522
territorio_hombre,2019,,Guayaquil,0.2014418699287344
territorio_hombre,2019,,Cuenca,0.0568087601731941
territorio_hombre,2019,,Machala,0.09076291895262278
territorio_hombre,2019,,Ambato,0.1470202925599393
territorio_hombre,2019,,Sierra,0.1421546748301295
territorio_hombre,2019,,Costa,0.2468232378430601
territorio_hombre,2019,,Amazonia,0.1810318803604118
territorio_hombre,2019,,Insular,0.08231966908045156
territorio_hombre,2019,,Zona 1,0.1945694273273741
territorio_hombre,2019,,Zona 2,0.1419663966661308
territorio_hombre,2019,,Zona 3,0.1582689874759343
territorio_hombre,2019,,Zona 4,0.2708739528198217
territorio_hombre,2019,,Zona 5,0.292557974819532
territorio_hombre,2019,,Zona 6,0.1349318593815627
territorio_hombre,2019,,Zona 7,0.1577428331539564
territorio_hombre,2019,,Zona 8,0.202212096779847
territorio_hombre,2019,,Zona 9,0.1111304080367046
territorio_hombre,2019,,Total,0.1963952729517146
territorio_hombre,2021,,Urbano,0.2341322488810106
territorio_hombre,2021,,Rural,0.2710429184619196
territorio_hombre,2021,,Quito,0.1974078497245395
territorio_hombre,2021,,Guayaquil,0.2357050335634835
territorio_hombre,2021,,Cuenca,0.1594776861331866
territorio_hombre,2021,,Machala,0.2402495379048297
territorio_hombre,2021,,Ambato,0.2338848496104862
territorio_hombre,2021,,Sierra,0.2164608178140001
territorio_hombre,2021,,Costa,0.2769601623889947
territorio_hombre,2021,,Amazonia,0.2305507221419719
territorio_hombre,2021,,Insular,0.2525312861671638
territorio_hombre,2021,,Zona 1,0.2103422004463997
territorio_hombre,2021,,Zona 2,0.2381179198654081
territorio_hombre,2021,,Zona 3,0.2520108699767917
territorio_hombre,2021,,Zona 4,0.2963853298132452
territorio_hombre,2021,,Zona 5,0.3063700140013243
territorio_hombre,2021,,Zona 6,0.1906662205973629
territorio_hombre,2021,,Zona 7,0.2284373774730528
territorio_hombre,2021,,Zona 8,0.2413397724593512
territorio_hombre,2021,,Zona 9,0.2042329206502187
territorio_hombre,2021,,Total,0.2468906039751957
territorio_hombre,2022,,Urbano,0.2221495732068835
territorio_hombre,2022,,Rural,0.2745104421251158
territorio_hombre,2022,,Quito,0.197161949421872
territorio_hombre,2022,,Guayaquil,0.2223943617937268
territorio_hombre,2022,,Cuenca,0.1357773342935391
territorio_hombre,2022,,Machala,0.2314104893045924
territorio_hombre,2022,,Ambato,0.2048176336021189
territorio_hombre,2022,,Sierra,0.2086252402731698
territorio_hombre,2022,,Costa,0.2688830127194289
territorio_hombre,2022,,Amazonia,0.2505685798087134
territorio_hombre,2022,,Insular,0.1028687288714652
territorio_hombre,2022,,Zona 1,0.2212831330570674
territorio_hombre,2022,,Zona 2,0.2052749902109212
territorio_hombre,2022,,Zona 3,0.2191755325033963
territorio_hombre,2022,,Zona 4,0.2856605561451839
territorio_hombre,2022,,Zona 5,0.297224462015891
territorio_hombre,2022,,Zona 6,0.2287519916135412
territorio_hombre,2022,,Zona 7,0.2551917687426281
territorio_hombre,2022,,Zona 8,0.2314027205563651
territorio_hombre,2022,,Zona 9,0.1820544905368214
territorio_hombre,2022,,Total,0.2402578158945375
territorio_hombre,2023,,Urbano,0.1936364267993756
territorio_hombre,2023,,Rural,0.2427854338265191
territorio_hombre,2023,,Quito,0.1369404274056618
territorio_hombre,2023,,Guayaquil,0.1762837833090817
territorio_hombre,2023,,Cuenca,0.1223510472543158
territorio_hombre,2023,,Machala,0.22850427702367
territorio_hombre,2023,,Ambato,0.1975613014596086
territorio_hombre,2023,,Sierra,0.1674316437847562
territorio_hombre,2023,,Costa,0.2473760353890146
territorio_hombre,2023,,Amazonia,0.2372946152282639
territorio_hombre,2023,,Insular,0.08930873935386566
territorio_hombre,2023,,Zona 1,0.1984330783154879
territorio_hombre,2023,,Zona 2,0.2040691592087378
territorio_hombre,2023,,Zona 3,0.1975112731943678
territorio_hombre,2023,,Zona 4,0.2797258869768063
territorio_hombre,2023,,Zona 5,0.2872294456613199
territorio_hombre,2023,,Zona 6,0.1788468624286874
territorio_hombre,2023,,Zona 7,0.213486810243073
territorio_hombre,2023,,Zona 8,0.1841358681577608
territorio_hombre,2023,,Zona 9,0.1289945618422266
territorio_hombre,2023,,Total,0.2102781495725901
territorio_hombre,2024,,Urbano,0.214755080469077
territorio_hombre,2024,,Rural,0.257883346490501
territorio_hombre,2024,,Quito,0.125992794512137
territorio_hombre,2024,,Guayaquil,0.235888618110026
territorio_hombre,2024,,Cuenca,0.110471720722807
territorio_hombre,2024,,Machala,0.21494382708261
territorio_hombre,2024,,Ambato,0.197885964719573
territorio_hombre,2024,,Sierra,0.166019556998897
territorio_hombre,2024,,Costa,0.288625303276297
territorio_hombre,2024,,Amazonia,0.220862009939109
territorio_hombre,2024,,Insular,0.0726925944095601
territorio_hombre,2024,,Zona 1,0.21351246443901
territorio_hombre,2024,,Zona 2,0.201588745491732
territorio_hombre,2024,,Zona 3,0.181948100008246
territorio_hombre,2024,,Zona 4,0.318989877399729
territorio_hombre,2024,,Zona 5,0.339665739278769
territorio_hombre,2024,,Zona 6,0.166057379871523
territorio_hombre,2024,,Zona 7,0.207840144365953
territorio_hombre,2024,,Zona 8,0.233542753899618
territorio_hombre,2024,,Zona 9,0.120799684028971
territorio_hombre,2024,,Total,0.229417172450896
territorio_hombre,2025,,Urbano,0.1964667061314095
territorio_hombre,2025,,Rural,0.22775938044857336
territorio_hombre,2025,,Quito,0.10972503731152673
territorio_hombre,2025,,Guayaquil,0.2096170193125256
territorio_hombre,2025,,Cuenca,0.08201506772448942
territorio_hombre,2025,,Machala,0.19203184952815075
territorio_hombre,2025,,Ambato,0.14597362484172566
territorio_hombre,2025,,Sierra,0.1476076150321591
territorio_hombre,2025,,Costa,0.26409588758554126
territorio_hombre,2025,,Amazonia,0.2019174019242566
territorio_hombre,2025,,Insular,0.043660835138259475
territorio_hombre,2025,,Zona 1,0.20054445335209642
territorio_hombre,2025,,Zona 2,0.18284961075899567
territorio_hombre,2025,,Zona 3,0.18555899008999263
territorio_hombre,2025,,Zona 4,0.30585899330701516
territorio_hombre,2025,,Zona 5,0.29653484272187125
territorio_hombre,2025,,Zona 6,0.11429434981688724
territorio_hombre,2025,,Zona 7,0.17640148155416538
territorio_hombre,2025,,Zona 8,0.20643261973404883
territorio_hombre,2025,,Zona 9,0.11431488013205368
territorio_hombre,2025,,Total,0.20742382934191803
caracteristicas_hombre,2018,Grupos de edad,15 a 17 años,0.1515687239818423
caracteristicas_hombre,2018,Grupos de edad,18 a 29 años,0.2334772426002061
caracteristicas_hombre,2018,Grupos de edad,30 a 44 años,0.1841942138312175
caracteristicas_hombre,2018,Grupos de edad,45 a 64 años,0.1810215904068422
caracteristicas_hombre,2018,Grupos de edad,65 años y más,0.1022614523628158
caracteristicas_hombre,2018,Etnia,Indígena,0.1683951406781543
caracteristicas_hombre,2018,Etnia,Afroecuatoriano,0.2035686514795877
caracteristicas_hombre,2018,Etnia,Montubio,0.3470089219850807
caracteristicas_hombre,2018,Etnia,Mestizo,0.1783264148342899
caracteristicas_hombre,2018,Etnia,Blanco,0.1954489594238242
caracteristicas_hombre,2018,Estado civil/conyugal,Casado,0.130797295488042
caracteristicas_hombre,2018,Estado civil/conyugal,Unión libre,0.2175406527077966
caracteristicas_hombre,2018,Estado civil/conyugal,Soltero,0.2295245452364897
caracteristicas_hombre,2018,Estado civil/conyugal,Otros,0.2163421174880526
caracteristicas_hombre,2018,Nivel de instrucción,Ninguno,0.206305313233602
caracteristicas_hombre,2018,Nivel de instrucción,Centro de Alfabetización,0.2232667055744894
caracteristicas_hombre,2018,Nivel de instrucción,Básica,0.2246547518893236
caracteristicas_hombre,2018,Nivel de instrucción,Bachillerato,0.1851860378732087
caracteristicas_hombre,2018,Nivel de instrucción,Superior,0.1008900331812002
caracteristicas_hombre,2019,Grupos de edad,15 a 17 años,0.1476842668243612
caracteristicas_hombre,2019,Grupos de edad,18 a 29 años,0.2441602049675105
caracteristicas_hombre,2019,Grupos de edad,30 a 44 años,0.1901198206963014
caracteristicas_hombre,2019,Grupos de edad,45 a 64 años,0.1901915638439125
caracteristicas_hombre,2019,Grupos de edad,65 años y más,0.11322514386636
caracteristicas_hombre,2019,Etnia,Indígena,0.1679026220119016
caracteristicas_hombre,2019,Etnia,Afroecuatoriano,0.2203112501297151
caracteristicas_hombre,2019,Etnia,Montubio,0.34837593272339
caracteristicas_hombre,2019,Etnia,Mestizo,0.1867479435364574
caracteristicas_hombre,2019,Etnia,Blanco,0.2044733862343429
caracteristicas_hombre,2019,Estado civil/conyugal,Casado,0.1387281950225836
caracteristicas_hombre,2019,Estado civil/conyugal,Unión libre,0.2260884310573722
caracteristicas_hombre,2019,Estado civil/conyugal,Soltero,0.2351901111624982
caracteristicas_hombre,2019,Estado civil/conyugal,Otros,0.2246565800739773
caracteristicas_hombre,2019,Nivel de instrucción,Ninguno,0.2132922632817263
caracteristicas_hombre,2019,Nivel de instrucción,Centro de Alfabetización,0.1735497740077435
caracteristicas_hombre,2019,Nivel de instrucción,Básica,0.2323021815623313
caracteristicas_hombre,2019,Nivel de instrucción,Bachillerato,0.1930327644353059
caracteristicas_hombre,2019,Nivel de instrucción,Superior,0.1107439934916676
caracteristicas_hombre,2021,Grupos de edad,15 a 17 años,0.1455585805801439
caracteristicas_hombre,2021,Grupos de edad,18 a 29 años,0.2885035947307704
caracteristicas_hombre,2021,Grupos de edad,30 a 44 años,0.250949075602367
caracteristicas_hombre,2021,Grupos de edad,45 a 64 años,0.2427322666345817
caracteristicas_hombre,2021,Grupos de edad,65 años y más,0.1354887030501931
caracteristicas_hombre,2021,Etnia,Indígena,0.2375254368607062
caracteristicas_hombre,2021,Etnia,Afroecuatoriano,0.2642269769186683
caracteristicas_hombre,2021,Etnia,Montubio,0.3944528761057013
caracteristicas_hombre,2021,Etnia,Mestizo,0.2381064087234006
caracteristicas_hombre,2021,Etnia,Blanco,0.2089680668589015
caracteristicas_hombre,2021,Estado civil/conyugal,Casado,0.1945534598497551
caracteristicas_hombre,2021,Estado civil/conyugal,Unión libre,0.2741425305384576
caracteristicas_hombre,2021,Estado civil/conyugal,Soltero,0.2733081452634784
caracteristicas_hombre,2021,Estado civil/conyugal,Otros,0.2750565367484461
caracteristicas_hombre,2021,Nivel de instrucción,Ninguno,0.2285013839332554
caracteristicas_hombre,2021,Nivel de instrucción,Centro de Alfabetización,0.08427174719163934
caracteristicas_hombre,2021,Nivel de instrucción,Básica,0.2864653833673992
caracteristicas_hombre,2021,Nivel de instrucción,Bachillerato,0.2474997463013242
caracteristicas_hombre,2021,Nivel de instrucción,Superior,0.1625166047419699
caracteristicas_hombre,2022,Grupos de edad,15 a 17 años,0.124490761757448
caracteristicas_hombre,2022,Grupos de edad,18 a 29 años,0.290612050694584
caracteristicas_hombre,2022,Grupos de edad,30 a 44 años,0.2352878756978221
caracteristicas_hombre,2022,Grupos de edad,45 a 64 años,0.2389199310647422
caracteristicas_hombre,2022,Grupos de edad,65 años y más,0.1344629145692371
caracteristicas_hombre,2022,Etnia,Indígena,0.2259658874173844
caracteristicas_hombre,2022,Etnia,Afroecuatoriano,0.2603181211151957
caracteristicas_hombre,2022,Etnia,Montubio,0.3434687716922018
caracteristicas_hombre,2022,Etnia,Mestizo,0.2350539447169105
caracteristicas_hombre,2022,Etnia,Blanco,0.2371166623030133
caracteristicas_hombre,2022,Estado civil/conyugal,Casado,0.1814144462606804
caracteristicas_hombre,2022,Estado civil/conyugal,Unión libre,0.2647071635541937
caracteristicas_hombre,2022,Estado civil/conyugal,Soltero,0.278429614821545
caracteristicas_hombre,2022,Estado civil/conyugal,Otros,0.2679430209300753
caracteristicas_hombre,2022,Nivel de instrucción,Ninguno,0.2562964958743392
caracteristicas_hombre,2022,Nivel de instrucción,Centro de Alfabetización,0.08174577496146872
caracteristicas_hombre,2022,Nivel de instrucción,Básica,0.283424531180779
caracteristicas_hombre,2022,Nivel de instrucción,Bachillerato,0.2391835903369603
caracteristicas_hombre,2022,Nivel de instrucción,Superior,0.1455550225057073
caracteristicas_hombre,2023,Grupos de edad,15 a 17 años,0.1304000859713884
caracteristicas_hombre,2023,Grupos de edad,18 a 29 años,0.2717492304582217
caracteristicas_hombre,2023,Grupos de edad,30 a 44 años,0.1928563691237412
caracteristicas_hombre,2023,Grupos de edad,45 a 64 años,0.205179039128185
caracteristicas_hombre,2023,Grupos de edad,65 años y más,0.1214021619761086
caracteristicas_hombre,2023,Etnia,Indígena,0.1903117916548074
caracteristicas_hombre,2023,Etnia,Afroecuatoriano,0.2283774951747896
caracteristicas_hombre,2023,Etnia,Montubio,0.2944219999139001
caracteristicas_hombre,2023,Etnia,Mestizo,0.2078620773130213
caracteristicas_hombre,2023,Etnia,Blanco,0.1764934242848294
caracteristicas_hombre,2023,Estado civil/conyugal,Casado,0.1486837337788553
caracteristicas_hombre,2023,Estado civil/conyugal,Unión libre,0.2176486099555738
caracteristicas_hombre,2023,Estado civil/conyugal,Soltero,0.2658084920034202
caracteristicas_hombre,2023,Estado civil/conyugal,Otros,0.2350372133998071
caracteristicas_hombre,2023,Nivel de instrucción,Ninguno,0.2280905591190307
caracteristicas_hombre,2023,Nivel de instrucción,Centro de Alfabetización,0.08276532899527769
caracteristicas_hombre,2023,Nivel de instrucción,Básica,0.2531549762659504
caracteristicas_hombre,2023,Nivel de instrucción,Bachillerato,0.2077804370692837
caracteristicas_hombre,2023,Nivel de instrucción,Superior,0.1199740559341611
caracteristicas_hombre,2024,Grupos de edad,15 a 17 años,0.123260586278294
caracteristicas_hombre,2024,Grupos de edad,18 a 29 años,0.28526475678672
caracteristicas_hombre,2024,Grupos de edad,30 a 44 años,0.224436120956322
caracteristicas_hombre,2024,Grupos de edad,45 a 64 años,0.227309935205253
caracteristicas_hombre,2024,Grupos de edad,65 años y más,0.119296950872596
caracteristicas_hombre,2024,Etnia,Indígena,0.192016562101369
caracteristicas_hombre,2024,Etnia,Afroecuatoriano,0.259822473929838
caracteristicas_hombre,2024,Etnia,Montubio,0.411364357400305
caracteristicas_hombre,2024,Etnia,Mestizo,0.225142437704662
caracteristicas_hombre,2024,Etnia,Blanco,0.159628241233752
caracteristicas_hombre,2024,Estado civil/conyugal,Casado,0.155645698654465
caracteristicas_hombre,2024,Estado civil/conyugal,Unión libre,0.262761377185261
caracteristicas_hombre,2024,Estado civil/conyugal,Soltero,0.273365556651171
caracteristicas_hombre,2024,Estado civil/conyugal,Otros,0.245095622408693
caracteristicas_hombre,2024,Nivel de instrucción,Ninguno,0.254880770068021
caracteristicas_hombre,2024,Nivel de instrucción,Centro de Alfabetización,0.0982940113467753
caracteristicas_hombre,2024,Nivel de instrucción,Básica,0.269219771026048
caracteristicas_hombre,2024,Nivel de instrucción,Bachillerato,0.237266338558788
caracteristicas_hombre,2024,Nivel de instrucción,Superior,0.124738811495789
caracteristicas_hombre,2025,Grupos de edad,15 a 17 años,0.12433182779440474
caracteristicas_hombre,2025,Grupos de edad,18 a 29 años,0.25305805151315647
caracteristicas_hombre,2025,Grupos de edad,30 a 44 años,0.19235649850536046
caracteristicas_hombre,2025,Grupos de edad,45 a 64 años,0.2102190321149473
caracteristicas_hombre,2025,Grupos de edad,65 años y más,0.1440376856619024
caracteristicas_hombre,2025,Etnia,Indígena,0.18634163605035528
caracteristicas_hombre,2025,Etnia,Afroecuatoriano,0.23135498509372995
caracteristicas_hombre,2025,Etnia,Montubio,0.3724852805030973
caracteristicas_hombre,2025,Etnia,Mestizo,0.20125109088984303
caracteristicas_hombre,2025,Etnia,Blanco,0.15390247237944624
caracteristicas_hombre,2025,Estado civil/conyugal,Casado,0.145360743174062
caracteristicas_hombre,2025,Estado civil/conyugal,Unión libre,0.22454578976460274
caracteristicas_hombre,2025,Estado civil/conyugal,Soltero,0.2466492468418944
caracteristicas_hombre,2025,Estado civil/conyugal,Otros,0.24157855628998154
caracteristicas_hombre,2025,Nivel de instrucción,Ninguno,0.25744243753197565
caracteristicas_hombre,2025,Nivel de instrucción,Centro de Alfabetización,0.09681261606107473
caracteristicas_hombre,2025,Nivel de instrucción,Básica,0.2500189235674948
caracteristicas_hombre,2025,Nivel de instrucción,Bachillerato,0.201741168217987
caracteristicas_hombre,2025,Nivel de instrucción,Superior,0.11831935636437758
territorio_mujer,2018,,Urbano,0.169773184070905
territorio_mujer,2018,,Rural,0.1515847263186131
territorio_mujer,2018,,Quito,0.1045956795406349
territorio_mujer,2018,,Guayaquil,0.18924303686591
territorio_mujer,2018,,Cuenca,0.1048495187343636
territorio_mujer,2018,,Machala,0.1399990099741575
territorio_mujer,2018,,Ambato,0.1396962735442742
territorio_mujer,2018,,Sierra,0.1393851283685664
territorio_mujer,2018,,Costa,0.19849192104657
territorio_mujer,2018,,Amazonia,0.1322890679869834
territorio_mujer,2018,,Insular,0.1131753998239013
territorio_mujer,2018,,Zona 1,0.1498574346821471
territorio_mujer,2018,,Zona 2,0.1638535403805973
territorio_mujer,2018,,Zona 3,0.1493753019770052
territorio_mujer,2018,,Zona 4,0.1996423476515489
territorio_mujer,2018,,Zona 5,0.2137955384709626
territorio_mujer,2018,,Zona 6,0.1333746055199181
territorio_mujer,2018,,Zona 7,0.1696965418472065
territorio_mujer,2018,,Zona 8,0.1890666472297758
territorio_mujer,2018,,Zona 9,0.10862476502593
territorio_mujer,2018,,Total,0.163616286978941
territorio_mujer,2019,,Urbano,0.1704204210911534
territorio_mujer,2019,,Rural,0.1497470445942944
territorio_mujer,2019,,Quito,0.1319082642904987
territorio_mujer,2019,,Guayaquil,0.1784801876234953
territorio_mujer,2019,,Cuenca,0.07883742026628957
territorio_mujer,2019,,Machala,0.1136988416473783
territorio_mujer,2019,,Ambato,0.1481673211671303
territorio_mujer,2019,,Sierra,0.146192408625666
territorio_mujer,2019,,Costa,0.190095812397773
territorio_mujer,2019,,Amazonia,0.1297889417194682
territorio_mujer,2019,,Insular,0.1080342376888503
territorio_mujer,2019,,Zona 1,0.1886031180468846
territorio_mujer,2019,,Zona 2,0.1324441673517781
territorio_mujer,2019,,Zona 3,0.1408357388357924
territorio_mujer,2019,,Zona 4,0.1894279905200803
territorio_mujer,2019,,Zona 5,0.203222122161144
territorio_mujer,2019,,Zona 6,0.117586347355338
territorio_mujer,2019,,Zona 7,0.1636966572607681
territorio_mujer,2019,,Zona 8,0.1808995740501564
territorio_mujer,2019,,Zona 9,0.1408730367812743
territorio_mujer,2019,,Total,0.1632783108193282
territorio_mujer,2021,,Urbano,0.2205732698632207
territorio_mujer,2021,,Rural,0.1986133853386785
territorio_mujer,2021,,Quito,0.2352582678102066
territorio_mujer,2021,,Guayaquil,0.2114183251515026
territorio_mujer,2021,,Cuenca,0.178240198506206
territorio_mujer,2021,,Machala,0.2404551324268134
territorio_mujer,2021,,Ambato,0.2296250835034394
territorio_mujer,2021,,Sierra,0.2243927445154427
territorio_mujer,2021,,Costa,0.2026332388993142
territorio_mujer,2021,,Amazonia,0.1753878381483698
territorio_mujer,2021,,Insular,0.2634253796722275
territorio_mujer,2021,,Zona 1,0.2194238313652329
territorio_mujer,2021,,Zona 2,0.1805136773707265
territorio_mujer,2021,,Zona 3,0.2403103502563265
territorio_mujer,2021,,Zona 4,0.1876303462250623
territorio_mujer,2021,,Zona 5,0.1718246430080237
territorio_mujer,2021,,Zona 6,0.2089861119732319
territorio_mujer,2021,,Zona 7,0.2146564573639944
territorio_mujer,2021,,Zona 8,0.2076383562023521
territorio_mujer,2021,,Zona 9,0.2462705428791949
territorio_mujer,2021,,Total,0.2129382541529695
territorio_mujer,2022,,Urbano,0.2081821715728446
territorio_mujer,2022,,Rural,0.1808581474861345
territorio_mujer,2022,,Quito,0.2302675663421984
territorio_mujer,2022,,Guayaquil,0.2045128888789935
territorio_mujer,2022,,Cuenca,0.164550802500791
territorio_mujer,2022,,Machala,0.2785816153734255
territorio_mujer,2022,,Ambato,0.2114059056488412
territorio_mujer,2022,,Sierra,0.2000695739716429
territorio_mujer,2022,,Costa,0.2051850239157511
territorio_mujer,2022,,Amazonia,0.1455836857755504
territorio_mujer,2022,,Insular,0.1745453387813492
territorio_mujer,2022,,Zona 1,0.1980879336935362
territorio_mujer,2022,,Zona 2,0.1588582735918343
territorio_mujer,2022,,Zona 3,0.192291994972317
territorio_mujer,2022,,Zona 4,0.1968864525372369
territorio_mujer,2022,,Zona 5,0.1750684479480351
territorio_mujer,2022,,Zona 6,0.1891142335370058
territorio_mujer,2022,,Zona 7,0.2344662390382935
territorio_mujer,2022,,Zona 8,0.205853714992086
territorio_mujer,2022,,Zona 9,0.2158216754266994
territorio_mujer,2022,,Total,0.1988880723915303
territorio_mujer,2023,,Urbano,0.1802989512407408
territorio_mujer,2023,,Rural,0.1681220428681786
territorio_mujer,2023,,Quito,0.1607939015289496
territorio_mujer,2023,,Guayaquil,0.1514625970251597
territorio_mujer,2023,,Cuenca,0.1472626701026196
territorio_mujer,2023,,Machala,0.259642436637016
territorio_mujer,2023,,Ambato,0.2138325188728437
territorio_mujer,2023,,Sierra,0.1700891999008361
territorio_mujer,2023,,Costa,0.1906244579639902
territorio_mujer,2023,,Amazonia,0.140886464635299
territorio_mujer,2023,,Insular,0.1211366499652141
territorio_mujer,2023,,Zona 1,0.1860360099003218
territorio_mujer,2023,,Zona 2,0.1410971532212311
territorio_mujer,2023,,Zona 3,0.171807935093452
territorio_mujer,2023,,Zona 4,0.165797610786675
territorio_mujer,2023,,Zona 5,0.1994542946012252
territorio_mujer,2023,,Zona 6,0.1784964379303311
territorio_mujer,2023,,Zona 7,0.238958705778343
territorio_mujer,2023,,Zona 8,0.1542365477613935
territorio_mujer,2023,,Zona 9,0.158735324453509
territorio_mujer,2023,,Total,0.1760871531714971
territorio_mujer,2024,,Urbano,0.189455424129761
territorio_mujer,2024,,Rural,0.175478305568968
territorio_mujer,2024,,Quito,0.17144351616805
territorio_mujer,2024,,Guayaquil,0.181575730491448
territorio_mujer,2024,,Cuenca,0.130338074329996
territorio_mujer,2024,,Machala,0.230689240606624
territorio_mujer,2024,,Ambato,0.204462698500593
territorio_mujer,2024,,Sierra,0.177830823570739
territorio_mujer,2024,,Costa,0.205113407216124
territorio_mujer,2024,,Amazonia,0.123563528469243
territorio_mujer,2024,,Insular,0.0842270636146905
territorio_mujer,2024,,Zona 1,0.206658361527442
territorio_mujer,2024,,Zona 2,0.15301124289749
territorio_mujer,2024,,Zona 3,0.18246147950379
territorio_mujer,2024,,Zona 4,0.179779312331421
territorio_mujer,2024,,Zona 5,0.220339950896202
territorio_mujer,2024,,Zona 6,0.15743829820552
territorio_mujer,2024,,Zona 7,0.211941922665157
territorio_mujer,2024,,Zona 8,0.179794729963746
territorio_mujer,2024,,Zona 9,0.169579568900863
territorio_mujer,2024,,Total,0.184603404894838
territorio_mujer,2025,,Urbano,0.18589456630442858
territorio_mujer,2025,,Rural,0.1581102426965395
territorio_mujer,2025,,Quito,0.146970010208767
territorio_mujer,2025,,Guayaquil,0.18673378182126046
territorio_mujer,2025,,Cuenca,0.10722233345477664
territorio_mujer,2025,,Machala,0.20603841332375297
territorio_mujer,2025,,Ambato,0.1903986871067696
territorio_mujer,2025,,Sierra,0.15795063520871983
territorio_mujer,2025,,Costa,0.21125911729844474
territorio_mujer,2025,,Amazonia,0.1327442045675502
territorio_mujer,2025,,Insular,0.10556624236782529
territorio_mujer,2025,,Zona 1,0.17938897946005855
territorio_mujer,2025,,Zona 2,0.13410961624744763
territorio_mujer,2025,,Zona 3,0.2043447595870824
territorio_mujer,2025,,Zona 4,0.1825507620641383
territorio_mujer,2025,,Zona 5,0.2435699396556042
territorio_mujer,2025,,Zona 6,0.10735353614665535
territorio_mujer,2025,,Zona 7,0.17114673937911187
territorio_mujer,2025,,Zona 8,0.18963795764295435
territorio_mujer,2025,,Zona 9,0.1469025368051199
territorio_mujer,2025,,Total,0.17617829982917932
caracteristicas_mujer,2018,Grupos de edad,15 a 17 años,0.06730986856206359
caracteristicas_mujer,2018,Grupos de edad,18 a 29 años,0.1858299846197291
caracteristicas_mujer,2018,Grupos de edad,30 a 44 años,0.1834177449497862
caracteristicas_mujer,2018,Grupos de edad,45 a 64 años,0.1567466327877124
caracteristicas_mujer,2018,Grupos de edad,65 años y más,0.04767979788950396
caracteristicas_mujer,2018,Etnia,Indígena,0.1157788679803082
caracteristicas_mujer,2018,Etnia,Afroecuatoriano,0.2233215336309217
caracteristicas_mujer,2018,Etnia,Montubio,0.1728393178846135
caracteristicas_mujer,2018,Etnia,Mestizo,0.1671551033063114
caracteristicas_mujer,2018,Etnia,Blanco,0.1656246116014911
caracteristicas_mujer,2018,Estado civil/conyugal,Casado,0.117084548703829
caracteristicas_mujer,2018,Estado civil/conyugal,Unión libre,0.1716377968013595
caracteristicas_mujer,2018,Estado civil/conyugal,Soltero,0.1720715011249942
caracteristicas_mujer,2018,Estado civil/conyugal,Otros,0.2216008769820418
caracteristicas_mujer,2018,Nivel de instrucción,Ninguno,0.1037074835923954
caracteristicas_mujer,2018,Nivel de instrucción,Centro de Alfabetización,0.1689480835907613
caracteristicas_mujer,2018,Nivel de instrucción,Básica,0.1840271180881584
caracteristicas_mujer,2018,Nivel de instrucción,Bachillerato,0.194663862930524
caracteristicas_mujer,2018,Nivel de instrucción,Superior,0.1016852195186469
caracteristicas_mujer,2019,Grupos de edad,15 a 17 años,0.05383977346216356
caracteristicas_mujer,2019,Grupos de edad,18 a 29 años,0.1899944593360027
caracteristicas_mujer,2019,Grupos de edad,30 a 44 años,0.177662223496031
caracteristicas_mujer,2019,Grupos de edad,45 a 64 años,0.1599207347362484
caracteristicas_mujer,2019,Grupos de edad,65 años y más,0.05989277598862729
caracteristicas_mujer,2019,Etnia,Indígena,0.1140431824474144
caracteristicas_mujer,2019,Etnia,Afroecuatoriano,0.2316395560829185
caracteristicas_mujer,2019,Etnia,Montubio,0.1870589925917961
caracteristicas_mujer,2019,Etnia,Mestizo,0.166288607578341
caracteristicas_mujer,2019,Etnia,Blanco,0.1746272855205009
caracteristicas_mujer,2019,Estado civil/conyugal,Casado,0.1154536968537821
caracteristicas_mujer,2019,Estado civil/conyugal,Unión libre,0.1670490290395149
caracteristicas_mujer,2019,Estado civil/conyugal,Soltero,0.1785655773460573
caracteristicas_mujer,2019,Estado civil/conyugal,Otros,0.2187884941768605
caracteristicas_mujer,2019,Nivel de instrucción,Ninguno,0.1074970064225055
caracteristicas_mujer,2019,Nivel de instrucción,Centro de Alfabetización,0.1317475965749011
caracteristicas_mujer,2019,Nivel de instrucción,Básica,0.1793218262962907
caracteristicas_mujer,2019,Nivel de instrucción,Bachillerato,0.194585285372511
caracteristicas_mujer,2019,Nivel de instrucción,Superior,0.1072977119951343
caracteristicas_mujer,2021,Grupos de edad,15 a 17 años,0.0772367042291167
caracteristicas_mujer,2021,Grupos de edad,18 a 29 años,0.244052468993472
caracteristicas_mujer,2021,Grupos de edad,30 a 44 años,0.2369143622010946
caracteristicas_mujer,2021,Grupos de edad,45 a 64 años,0.2036719701930156
caracteristicas_mujer,2021,Grupos de edad,65 años y más,0.06519547067369817
caracteristicas_mujer,2021,Etnia,Indígena,0.1839039876721637
caracteristicas_mujer,2021,Etnia,Afroecuatoriano,0.2693077303190852
caracteristicas_mujer,2021,Etnia,Montubio,0.1403290713574722
caracteristicas_mujer,2021,Etnia,Mestizo,0.2179293223046568
caracteristicas_mujer,2021,Etnia,Blanco,0.1846022062708217
caracteristicas_mujer,2021,Estado civil/conyugal,Casado,0.1659412143947354
caracteristicas_mujer,2021,Estado civil/conyugal,Unión libre,0.1957410345331129
caracteristicas_mujer,2021,Estado civil/conyugal,Soltero,0.2417478070014638
caracteristicas_mujer,2021,Estado civil/conyugal,Otros,0.2610735921313923
caracteristicas_mujer,2021,Nivel de instrucción,Ninguno,0.118194303816486
caracteristicas_mujer,2021,Nivel de instrucción,Centro de Alfabetización,0.1162042352025413
caracteristicas_mujer,2021,Nivel de instrucción,Básica,0.2306945370913297
caracteristicas_mujer,2021,Nivel de instrucción,Bachillerato,0.2455469492421322
caracteristicas_mujer,2021,Nivel de instrucción,Superior,0.1602589166657575
caracteristicas_mujer,2022,Grupos de edad,15 a 17 años,0.05383132208433261
caracteristicas_mujer,2022,Grupos de edad,18 a 29 años,0.2251958065598314
caracteristicas_mujer,2022,Grupos de edad,30 a 44 años,0.2244969972218013
caracteristicas_mujer,2022,Grupos de edad,45 a 64 años,0.1921345040399606
caracteristicas_mujer,2022,Grupos de edad,65 años y más,0.06455027567447524
caracteristicas_mujer,2022,Etnia,Indígena,0.1327695849537505
caracteristicas_mujer,2022,Etnia,Afroecuatoriano,0.2578112474479637
caracteristicas_mujer,2022,Etnia,Montubio,0.1521783810895176
caracteristicas_mujer,2022,Etnia,Mestizo,0.206780602449189
caracteristicas_mujer,2022,Etnia,Blanco,0.1999270670928837
caracteristicas_mujer,2022,Estado civil/conyugal,Casado,0.1429367191446906
caracteristicas_mujer,2022,Estado civil/conyugal,Unión libre,0.1823893231447097
caracteristicas_mujer,2022,Estado civil/conyugal,Soltero,0.2254354672685394
caracteristicas_mujer,2022,Estado civil/conyugal,Otros,0.2565665743450551
caracteristicas_mujer,2022,Nivel de instrucción,Ninguno,0.09466475322053773
caracteristicas_mujer,2022,Nivel de instrucción,Centro de Alfabetización,0.1100052129228837
caracteristicas_mujer,2022,Nivel de instrucción,Básica,0.2220238265263688
caracteristicas_mujer,2022,Nivel de instrucción,Bachillerato,0.2306371123395008
caracteristicas_mujer,2022,Nivel de instrucción,Superior,0.1389279486993976
caracteristicas_mujer,2023,Grupos de edad,15 a 17 años,0.0637777797023131
caracteristicas_mujer,2023,Grupos de edad,18 a 29 años,0.2117074463444272
caracteristicas_mujer,2023,Grupos de edad,30 a 44 años,0.1979008219417813
caracteristicas_mujer,2023,Grupos de edad,45 a 64 años,0.1605860870907616
caracteristicas_mujer,2023,Grupos de edad,65 años y más,0.05967378581345615
caracteristicas_mujer,2023,Etnia,Indígena,0.1109255481437564
caracteristicas_mujer,2023,Etnia,Afroecuatoriano,0.2451420191928301
caracteristicas_mujer,2023,Etnia,Montubio,0.1595968355827777
caracteristicas_mujer,2023,Etnia,Mestizo,0.1859015932921153
caracteristicas_mujer,2023,Etnia,Blanco,0.1428689819841918
caracteristicas_mujer,2023,Estado civil/conyugal,Casado,0.120357346765033
caracteristicas_mujer,2023,Estado civil/conyugal,Unión libre,0.1599801869367923
caracteristicas_mujer,2023,Estado civil/conyugal,Soltero,0.2171720162282927
caracteristicas_mujer,2023,Estado civil/conyugal,Otros,0.2124501198076333
caracteristicas_mujer,2023,Nivel de instrucción,Ninguno,0.07719987159260859
caracteristicas_mujer,2023,Nivel de instrucción,Centro de Alfabetización,0.05961311799823904
caracteristicas_mujer,2023,Nivel de instrucción,Básica,0.1927999495926824
caracteristicas_mujer,2023,Nivel de instrucción,Bachillerato,0.2100199159952751
caracteristicas_mujer,2023,Nivel de instrucción,Superior,0.1292299399412274
caracteristicas_mujer,2024,Grupos de edad,15 a 17 años,0.0680747216268256
caracteristicas_mujer,2024,Grupos de edad,18 a 29 años,0.225181163651176
caracteristicas_mujer,2024,Grupos de edad,30 a 44 años,0.200036580532406
caracteristicas_mujer,2024,Grupos de edad,45 a 64 años,0.174622460785492
caracteristicas_mujer,2024,Grupos de edad,65 años y más,0.0629606929470645
caracteristicas_mujer,2024,Etnia,Indígena,0.132193525303169
caracteristicas_mujer,2024,Etnia,Afroecuatoriano,0.218729564006497
caracteristicas_mujer,2024,Etnia,Montubio,0.228968270268249
caracteristicas_mujer,2024,Etnia,Mestizo,0.191879099823832
caracteristicas_mujer,2024,Etnia,Blanco,0.200083021469507
caracteristicas_mujer,2024,Estado civil/conyugal,Casado,0.125932639415169
caracteristicas_mujer,2024,Estado civil/conyugal,Unión libre,0.174295226279842
caracteristicas_mujer,2024,Estado civil/conyugal,Soltero,0.218496479810508
caracteristicas_mujer,2024,Estado civil/conyugal,Otros,0.226209710174129
caracteristicas_mujer,2024,Nivel de instrucción,Ninguno,0.0896029129400386
caracteristicas_mujer,2024,Nivel de instrucción,Centro de Alfabetización,0.0516186264381637
caracteristicas_mujer,2024,Nivel de instrucción,Básica,0.200631040638274
caracteristicas_mujer,2024,Nivel de instrucción,Bachillerato,0.221389059199052
caracteristicas_mujer,2024,Nivel de instrucción,Superior,0.134189819546933
caracteristicas_mujer,2025,Grupos de edad,15 a 17 años,0.055341969323486534
caracteristicas_mujer,2025,Grupos de edad,18 a 29 años,0.2106408165325826
caracteristicas_mujer,2025,Grupos de edad,30 a 44 años,0.2034038563953857
caracteristicas_mujer,2025,Grupos de edad,45 a 64 años,0.15543182700014382
caracteristicas_mujer,2025,Grupos de edad,65 años y más,0.050439275039477004
caracteristicas_mujer,2025,Etnia,Indígena,0.13867225221083046
caracteristicas_mujer,2025,Etnia,Afroecuatoriano,0.27060785956046524
caracteristicas_mujer,2025,Etnia,Montubio,0.183642489209122
caracteristicas_mujer,2025,Etnia,Mestizo,0.17936726624311025
caracteristicas_mujer,2025,Etnia,Blanco,0.1333253112096585
caracteristicas_mujer,2025,Estado civil/conyugal,Casado,0.10837981175667082
caracteristicas_mujer,2025,Estado civil/conyugal,Unión libre,0.15562995835511653
caracteristicas_mujer,2025,Estado civil/conyugal,Soltero,0.20712921395387754
caracteristicas_mujer,2025,Estado civil/conyugal,Otros,0.23672085646325972
caracteristicas_mujer,2025,Nivel de instrucción,Ninguno,0.07252519426691964
caracteristicas_mujer,2025,Nivel de instrucción,Centro de Alfabetización,0.034066202314022166
caracteristicas_mujer,2025,Nivel de instrucción,Básica,0.19036505619062308
caracteristicas_mujer,2025,Nivel de instrucción,Bachillerato,0.2125826442972091
caracteristicas_mujer,2025,Nivel de instrucción,Superior,0.12881866872134268
estimadores,2018,Total,valor,0.177877566063893
estimadores,2018,Total,error,0.001537165831573594
estimadores,2018,Total,li,0.1748644871414267
estimadores,2018,Total,ls,0.1808906449863593
estimadores,2018,Total,cv,0.864170713366659
estimadores,2018,Urbano,valor,0.1717948865609919
estimadores,2018,Urbano,error,0.001772502217219056
estimadores,2018,Urbano,li,0.1683205125142697
estimadores,2018,Urbano,ls,0.1752692606077141
estimadores,2018,Urbano,cv,1.031754933281887
estimadores,2018,Rural,valor,0.1897055077068811
estimadores,2018,Rural,error,0.002946138468168851
estimadores,2018,Rural,li,0.1839306280297683
estimadores,2018,Rural,ls,0.195480387383994
estimadores,2018,Rural,cv,1.553006290529533
estimadores,2018,Quito,valor,0.09360932799493243
estimadores,2018,Quito,error,0.002611671499030801
estimadores,2018,Quito,li,0.0884893084842036
estimadores,2018,Quito,ls,0.09872934750566127
estimadores,2018,Quito,cv,2.789969285082555
estimadores,2018,Guayaquil,valor,0.1982636168489551
estimadores,2018,Guayaquil,error,0.003302097742405388
estimadores,2018,Guayaquil,li,0.1917900596371375
estimadores,2018,Guayaquil,ls,0.2047371740607727
estimadores,2018,Guayaquil,cv,1.665508677227983
estimadores,2018,Cuenca,valor,0.09993432050515949
estimadores,2018,Cuenca,error,0.003069173112963453
estimadores,2018,Cuenca,li,0.09391739753992101
estimadores,2018,Cuenca,ls,0.105951243470398
estimadores,2018,Cuenca,cv,3.071190255208665
estimadores,2018,Machala,valor,0.1404566880688927
estimadores,2018,Machala,error,0.004294184047800229
estimadores,2018,Machala,li,0.1320382073696329
estimadores,2018,Machala,ls,0.1488751687681525
estimadores,2018,Machala,cv,3.057301227047281
estimadores,2018,Ambato,valor,0.1381532677131334
estimadores,2018,Ambato,error,0.003598008246645032
estimadores,2018,Ambato,li,0.1310995963653309
estimadores,2018,Ambato,ls,0.1452069390609358
estimadores,2018,Ambato,cv,2.604359857861684
estimadores,2018,Azuay,valor,0.1382862063386721
estimadores,2018,Azuay,error,0.005310223570231721
estimadores,2018,Azuay,li,0.1278773601462808
estimadores,2018,Azuay,ls,0.1486950525310634
estimadores,2018,Azuay,cv,3.840024042041208
estimadores,2018,Bolívar,valor,0.1702270196644748
estimadores,2018,Bolívar,error,0.01260701501292844
estimadores,2018,Bolívar,li,0.1455153519768159
estimadores,2018,Bolívar,ls,0.1949386873521336
estimadores,2018,Bolívar,cv,7.406001137643978
estimadores,2018,Cañar,valor,0.1530200677202606
estimadores,2018,Cañar,error,0.009127792653181093
estimadores,2018,Cañar,li,0.1351282052503618
estimadores,2018,Cañar,ls,0.1709119301901594
estimadores,2018,Cañar,cv,5.965095159850416
estimadores,2018,Carchi,valor,0.1494401146357202
estimadores,2018,Carchi,error,0.01103433261397808
estimadores,2018,Carchi,li,0.1278111437467276
estimadores,2018,Carchi,ls,0.1710690855247129
estimadores,2018,Carchi,cv,7.383782219971996
estimadores,2018,Cotopaxi,valor,0.1450055003881474
estimadores,2018,Cotopaxi,error,0.00751423435140001
estimadores,2018,Cotopaxi,li,0.130276457706072
estimadores,2018,Cotopaxi,ls,0.1597345430702227
estimadores,2018,Cotopaxi,cv,5.182034013389893
estimadores,2018,Chimborazo,valor,0.1569815816608158
estimadores,2018,Chimborazo,error,0.008413088577288421
estimadores,2018,Chimborazo,li,0.1404906479278435
estimadores,2018,Chimborazo,ls,0.1734725153937881
estimadores,2018,Chimborazo,cv,5.359283865202904
estimadores,2018,El Oro,valor,0.1751109949760174
estimadores,2018,El Oro,error,0.00810978284336074
estimadores,2018,El Oro,li,0.1592145866320365
estimadores,2018,El Oro,ls,0.1910074033199983
estimadores,2018,El Oro,cv,4.631224238358892
estimadores,2018,Esmeraldas,valor,0.1720235465678553
estimadores,2018,Esmeraldas,error,0.007987305907917812
estimadores,2018,Esmeraldas,li,0.1563672116532283
estimadores,2018,Esmeraldas,ls,0.1876798814824824
estimadores,2018,Esmeraldas,cv,4.643146864064443
estimadores,2018,Guayas,valor,0.2208413314456722
estimadores,2018,Guayas,error,0.003275611219982849
estimadores,2018,Guayas,li,0.2144206350429811
estimadores,2018,Guayas,ls,0.2272620278483634
estimadores,2018,Guayas,cv,1.483241926925559
estimadores,2018,Imbabura,valor,0.1489297836880715
estimadores,2018,Imbabura,error,0.008113206898263411
estimadores,2018,Imbabura,li,0.1330266636754829
estimadores,2018,Imbabura,ls,0.1648329037006601
estimadores,2018,Imbabura,cv,5.447672518786608
estimadores,2018,Loja,valor,0.149603058627451
estimadores,2018,Loja,error,0.007415290227313596
estimadores,2018,Loja,li,0.1350679614837575
estimadores,2018,Loja,ls,0.1641381557711446
estimadores,2018,Loja,cv,4.956643463941149
estimadores,2018,Los Ríos,valor,0.2607697028401523
estimadores,2018,Los Ríos,error,0.007921165973427626
estimadores,2018,Los Ríos,li,0.2452430122608678
estimadores,2018,Los Ríos,ls,0.2762963934194368
estimadores,2018,Los Ríos,cv,3.037609771056561
estimadores,2018,Manabí,valor,0.2438053735392705
estimadores,2018,Manabí,error,0.006911332653867033
estimadores,2018,Manabí,li,0.2302581099208738
estimadores,2018,Manabí,ls,0.2573526371576673
estimadores,2018,Manabí,cv,2.834774539025409
estimadores,2018,Morona Santiago,valor,0.1083470338911664
estimadores,2018,Morona Santiago,error,0.00998140107812739
estimadores,2018,Morona Santiago,li,0.08878196902474256
estimadores,2018,Morona Santiago,ls,0.1279120987575902
estimadores,2018,Morona Santiago,cv,9.21243592893703
estimadores,2018,Napo,valor,0.2601792786321461
estimadores,2018,Napo,error,0.01711890571721848
estimadores,2018,Napo,li,0.2266236186423354
estimadores,2018,Napo,ls,0.2937349386219569
estimadores,2018,Napo,cv,6.579657614249138
estimadores,2018,Pastaza,valor,0.1504444388826497
estimadores,2018,Pastaza,error,0.02051637997988992
estimadores,2018,Pastaza,li,0.1102292123840014
estimadores,2018,Pastaza,ls,0.190659665381298
estimadores,2018,Pastaza,cv,13.63718069758178
estimadores,2018,Pichincha,valor,0.1023902551571333
estimadores,2018,Pichincha,error,0.00283552215510954
estimadores,2018,Pichincha,li,0.09683220028480992
estimadores,2018,Pichincha,ls,0.1079483100294567
estimadores,2018,Pichincha,cv,2.769328146275251
estimadores,2018,Tungurahua,valor,0.1542856463031606
estimadores,2018,Tungurahua,error,0.005774794332816095
estimadores,2018,Tungurahua,li,0.1429661707277937
estimadores,2018,Tungurahua,ls,0.1656051218785275
estimadores,2018,Tungurahua,cv,3.742923901986983
estimadores,2018,Zamora Chinchipe,valor,0.1751145048092501
estimadores,2018,Zamora Chinchipe,error,0.01420248484336222
estimadores,2018,Zamora Chinchipe,li,0.14727547348992
estimadores,2018,Zamora Chinchipe,ls,0.2029535361285801
estimadores,2018,Zamora Chinchipe,cv,8.110398883766255
estimadores,2018,Galápagos,valor,0.08522656700899942
estimadores,2018,Galápagos,error,0.00968799082380123
estimadores,2018,Galápagos,li,0.06623663088586844
estimadores,2018,Galápagos,ls,0.1042165031321304
estimadores,2018,Galápagos,cv,11.36733669300353
estimadores,2018,Sucumbíos,valor,0.1263408769805496
estimadores,2018,Sucumbíos,error,0.01165383395219974
estimadores,2018,Sucumbíos,li,0.103497589206355
estimadores,2018,Sucumbíos,ls,0.1491841647547442
estimadores,2018,Sucumbíos,cv,9.224119881638831
estimadores,2018,Orellana,valor,0.1696949157757608
estimadores,2018,Orellana,error,0.01721223097277603
estimadores,2018,Orellana,li,0.1359563240848424
estimadores,2018,Orellana,ls,0.2034335074666791
estimadores,2018,Orellana,cv,10.14304458922076
estimadores,2018,Santo Domingo,valor,0.2060483481981014
estimadores,2018,Santo Domingo,error,0.009893254186813291
estimadores,2018,Santo Domingo,li,0.1866560646509368
estimadores,2018,Santo Domingo,ls,0.225440631745266
estimadores,2018,Santo Domingo,cv,4.801423682029037
estimadores,2018,Santa Elena,valor,0.2648537773644515
estimadores,2018,Santa Elena,error,0.01130387065007982
estimadores,2018,Santa Elena,li,0.2426964709122427
estimadores,2018,Santa Elena,ls,0.2870110838166604
estimadores,2018,Santa Elena,cv,4.267966559723687
estimadores,2019,Total,valor,0.1819810729722643
estimadores,2019,Total,error,0.00167532372329755
estimadores,2019,Total,li,0.1786971806069792
estimadores,2019,Total,ls,0.1852649653375494
estimadores,2019,Total,cv,0.9206032780963359
estimadores,2019,Urbano,valor,0.1745745726164929
estimadores,2019,Urbano,error,0.002066198200211605
estimadores,2019,Urbano,li,0.170524506112638
estimadores,2019,Urbano,ls,0.1786246391203477
estimadores,2019,Urbano,cv,1.183561941034018
estimadores,2019,Rural,valor,0.1961332728438535
estimadores,2019,Rural,error,0.0029217189372067
estimadores,2019,Rural,li,0.1904062540128201
estimadores,2019,Rural,ls,0.2018602916748869
estimadores,2019,Rural,cv,1.489660012726526
estimadores,2019,Quito,valor,0.1143965912053489
estimadores,2019,Quito,error,0.00303624015602624
estimadores,2019,Quito,li,0.1084442090800207
estimadores,2019,Quito,ls,0.1203489733306771
estimadores,2019,Quito,cv,2.654135166122217
estimadores,2019,Guayaquil,valor,0.191816347403797
estimadores,2019,Guayaquil,error,0.003722559978449728
estimadores,2019,Guayaquil,li,0.1845184729480471
estimadores,2019,Guayaquil,ls,0.199114221859547
estimadores,2019,Guayaquil,cv,1.940689638205487
estimadores,2019,Cuenca,valor,0.06734288972028601
estimadores,2019,Cuenca,error,0.002979048069858607
estimadores,2019,Cuenca,li,0.06150262953983719
estimadores,2019,Cuenca,ls,0.07318314990073484
estimadores,2019,Cuenca,cv,4.423700976053029
estimadores,2019,Machala,valor,0.100055614601204
estimadores,2019,Machala,error,0.00368291219856815
estimadores,2019,Machala,li,0.09283546744110543
estimadores,2019,Machala,ls,0.1072757617613026
estimadores,2019,Machala,cv,3.680865100121859
estimadores,2019,Ambato,valor,0.1475836342475322
estimadores,2019,Ambato,error,0.003514220275373223
estimadores,2019,Ambato,li,0.1406941983410608
estimadores,2019,Ambato,ls,0.1544730701540036
estimadores,2019,Ambato,cv,2.381172067818208
estimadores,2019,Azuay,valor,0.1104655371851963
estimadores,2019,Azuay,error,0.004044686168951052
estimadores,2019,Azuay,li,0.1025373297316248
estimadores,2019,Azuay,ls,0.1183937446387677
estimadores,2019,Azuay,cv,3.661491422587397
estimadores,2019,Bolívar,valor,0.1675800935763258
estimadores,2019,Bolívar,error,0.01143585972422962
estimadores,2019,Bolívar,li,0.1451640482970581
estimadores,2019,Bolívar,ls,0.1899961388555935
estimadores,2019,Bolívar,cv,6.824115848235316
estimadores,2019,Cañar,valor,0.1566010800938415
estimadores,2019,Cañar,error,0.009932097215128983
estimadores,2019,Cañar,li,0.137132640793147
estimadores,2019,Cañar,ls,0.1760695193945359
estimadores,2019,Cañar,cv,6.342291642674038
estimadores,2019,Carchi,valor,0.1951249959858935
estimadores,2019,Carchi,error,0.01290926266486068
estimadores,2019,Carchi,li,0.1698208541552301
estimadores,2019,Carchi,ls,0.2204291378165569
estimadores,2019,Carchi,cv,6.615893878503373
estimadores,2019,Cotopaxi,valor,0.153350089002656
estimadores,2019,Cotopaxi,error,0.00743197533076975
estimadores,2019,Cotopaxi,li,0.138782273416744
estimadores,2019,Cotopaxi,ls,0.167917904588568
estimadores,2019,Cotopaxi,cv,4.846410836214794
estimadores,2019,Chimborazo,valor,0.1391982645150714
estimadores,2019,Chimborazo,error,0.008357928556192884
estimadores,2019,Chimborazo,li,0.1228154380836178
estimadores,2019,Chimborazo,ls,0.155581090946525
estimadores,2019,Chimborazo,cv,6.004333879671284
estimadores,2019,El Oro,valor,0.1528726381568881
estimadores,2019,El Oro,error,0.005714310327754618
estimadores,2019,El Oro,li,0.1416717103617228
estimadores,2019,El Oro,ls,0.1640735659520534
estimadores,2019,El Oro,cv,3.737954938600727
estimadores,2019,Esmeraldas,valor,0.2278407381072221
estimadores,2019,Esmeraldas,error,0.01059572211342455
estimadores,2019,Esmeraldas,li,0.2070714918600132
estimadores,2019,Esmeraldas,ls,0.248609984354431
estimadores,2019,Esmeraldas,cv,4.650494991127617
estimadores,2019,Guayas,valor,0.2178419906234206
estimadores,2019,Guayas,error,0.003800236361052736
estimadores,2019,Guayas,li,0.2103929424193061
estimadores,2019,Guayas,ls,0.2252910388275351
estimadores,2019,Guayas,cv,1.744492120264423
estimadores,2019,Imbabura,valor,0.1632986891787255
estimadores,2019,Imbabura,error,0.008081201229249185
estimadores,2019,Imbabura,li,0.1474582909022481
estimadores,2019,Imbabura,ls,0.1791390874552029
estimadores,2019,Imbabura,cv,4.948723881307187
estimadores,2019,Loja,valor,0.1666073624931972
estimadores,2019,Loja,error,0.008027158322316923
estimadores,2019,Loja,li,0.1508728966326492
estimadores,2019,Loja,ls,0.1823418283537452
estimadores,2019,Loja,cv,4.81800936176796
estimadores,2019,Los Ríos,valor,0.2697049449952025
estimadores,2019,Los Ríos,error,0.008917120658593645
estimadores,2019,Los Ríos,li,0.2522260159715961
estimadores,2019,Los Ríos,ls,0.2871838740188089
estimadores,2019,Los Ríos,cv,3.306250339144602
estimadores,2019,Manabí,valor,0.2435273918942343
estimadores,2019,Manabí,error,0.007339668060342346
estimadores,2019,Manabí,li,0.229140512766394
estimadores,2019,Manabí,ls,0.2579142710220746
estimadores,2019,Manabí,cv,3.013898355849028
estimadores,2019,Morona Santiago,valor,0.1484770421033291
estimadores,2019,Morona Santiago,error,0.01390842480291126
estimadores,2019,Morona Santiago,li,0.1212143886899801
estimadores,2019,Morona Santiago,ls,0.1757396955166781
estimadores,2019,Morona Santiago,cv,9.367390814016902
estimadores,2019,Napo,valor,0.2057235415388165
estimadores,2019,Napo,error,0.01190340468831713
estimadores,2019,Napo,li,0.1823910361649156
estimadores,2019,Napo,ls,0.2290560469127174
estimadores,2019,Napo,cv,5.786116940861221
estimadores,2019,Pastaza,valor,0.1619923722733805
estimadores,2019,Pastaza,error,0.01765982587764385
estimadores,2019,Pastaza,li,0.127376395333884
estimadores,2019,Pastaza,ls,0.1966083492128769
estimadores,2019,Pastaza,cv,10.90164038578366
estimadores,2019,Pichincha,valor,0.1250875833205442
estimadores,2019,Pichincha,error,0.003096588496105996
estimadores,2019,Pichincha,li,0.1190177932379584
estimadores,2019,Pichincha,ls,0.13115737340313
estimadores,2019,Pichincha,cv,2.475536271390589
estimadores,2019,Tungurahua,valor,0.153084103450065
estimadores,2019,Tungurahua,error,0.005266994515420394
estimadores,2019,Tungurahua,li,0.1427599834984037
estimadores,2019,Tungurahua,ls,0.1634082234017262
estimadores,2019,Tungurahua,cv,3.44058879839111
estimadores,2019,Zamora Chinchipe,valor,0.1718750542896078
estimadores,2019,Zamora Chinchipe,error,0.0194476430741774
estimadores,2019,Zamora Chinchipe,li,0.1337546804621677
estimadores,2019,Zamora Chinchipe,ls,0.2099954281170478
estimadores,2019,Zamora Chinchipe,cv,11.31498876003746
estimadores,2019,Galápagos,valor,0.09399565158708681
estimadores,2019,Galápagos,error,0.009034543428019038
estimadores,2019,Galápagos,li,0.07628655586156817
estimadores,2019,Galápagos,ls,0.1117047473126054
estimadores,2019,Galápagos,cv,9.6116610454565
estimadores,2019,Sucumbíos,valor,0.1609758482268908
estimadores,2019,Sucumbíos,error,0.01569067137838086
estimadores,2019,Sucumbíos,li,0.1302197172003196
estimadores,2019,Sucumbíos,ls,0.1917319792534621
estimadores,2019,Sucumbíos,cv,9.747220810581043
estimadores,2019,Orellana,valor,0.1099401315927413
estimadores,2019,Orellana,error,0.01498906776879111
estimadores,2019,Orellana,li,0.08055925163254501
estimadores,2019,Orellana,ls,0.1393210115529376
estimadores,2019,Orellana,cv,13.63384557726029
estimadores,2019,Santo Domingo,valor,0.2255096896192882
estimadores,2019,Santo Domingo,error,0.01267729342632006
estimadores,2019,Santo Domingo,li,0.200660243201118
estimadores,2019,Santo Domingo,ls,0.2503591360374583
estimadores,2019,Santo Domingo,cv,5.621618054515628
estimadores,2019,Santa Elena,valor,0.250061899414935
estimadores,2019,Santa Elena,error,0.01147482109608621
estimadores,2019,Santa Elena,li,0.2275694838498522
estimadores,2019,Santa Elena,ls,0.2725543149800177
estimadores,2019,Santa Elena,cv,4.588792264208835
estimadores,2021,Total,valor,0.2323004583427659
estimadores,2021,Total,error,0.002763314789462262
estimadores,2021,Total,li,0.2268830871153605
estimadores,2021,Total,ls,0.2377178295701713
estimadores,2021,Total,cv,1.189543408211839
estimadores,2021,Urbano,valor,0.2283159254982971
estimadores,2021,Urbano,error,0.002969109876105672
estimadores,2021,Urbano,li,0.2224951010033252
estimadores,2021,Urbano,ls,0.234136749993269
estimadores,2021,Urbano,cv,1.30043923551352
estimadores,2021,Rural,valor,0.2398144620570733
estimadores,2021,Rural,error,0.005658888730500505
estimadores,2021,Rural,li,0.2287204306768599
estimadores,2021,Rural,ls,0.2509084934372867
estimadores,2021,Rural,cv,2.359694524658713
estimadores,2021,Quito,valor,0.2149982711007088
estimadores,2021,Quito,error,0.00529559753099258
estimadores,2021,Quito,li,0.2046130445901222
estimadores,2021,Quito,ls,0.2253834976112954
estimadores,2021,Quito,cv,2.463088425726006
estimadores,2021,Guayaquil,valor,0.2258405914428966
estimadores,2021,Guayaquil,error,0.005454280616314432
estimadores,2021,Guayaquil,li,0.2151441706289624
estimadores,2021,Guayaquil,ls,0.2365370122568307
estimadores,2021,Guayaquil,cv,2.415101989180514
estimadores,2021,Cuenca,valor,0.1684055929325428
estimadores,2021,Cuenca,error,0.006458125978916482
estimadores,2021,Cuenca,li,0.1557405252546408
estimadores,2021,Cuenca,ls,0.1810706606104448
estimadores,2021,Cuenca,cv,3.834864309704591
estimadores,2021,Machala,valor,0.2403353981784544
estimadores,2021,Machala,error,0.007892103891174607
estimadores,2021,Machala,li,0.2248581482410771
estimadores,2021,Machala,ls,0.2558126481158317
estimadores,2021,Machala,cv,3.283787553140442
estimadores,2021,Ambato,valor,0.2318044232716266
estimadores,2021,Ambato,error,0.007048118242696782
estimadores,2021,Ambato,li,0.2179823184014168
estimadores,2021,Ambato,ls,0.2456265281418365
estimadores,2021,Ambato,cv,3.040545190303746
estimadores,2021,Azuay,valor,0.1915989966742314
estimadores,2021,Azuay,error,0.01010922789116014
estimadores,2021,Azuay,li,0.1717802483659677
estimadores,2021,Azuay,ls,0.211417744982495
estimadores,2021,Azuay,cv,5.276242603894469
estimadores,2021,Bolívar,valor,0.2077019787674903
estimadores,2021,Bolívar,error,0.0135143200272345
estimadores,2021,Bolívar,li,0.1812076796913667
estimadores,2021,Bolívar,ls,0.234196277843614
estimadores,2021,Bolívar,cv,6.506591852147427
estimadores,2021,Cañar,valor,0.2113488483794415
estimadores,2021,Cañar,error,0.01605697358088655
estimadores,2021,Cañar,li,0.1798697758510341
estimadores,2021,Cañar,ls,0.2428279209078489
estimadores,2021,Cañar,cv,7.597379263718031
estimadores,2021,Carchi,valor,0.2558407984298715
estimadores,2021,Carchi,error,0.01792152244529464
estimadores,2021,Carchi,li,0.2207063503327249
estimadores,2021,Carchi,ls,0.290975246527018
estimadores,2021,Carchi,cv,7.00495095203008
estimadores,2021,Cotopaxi,valor,0.2397498501109267
estimadores,2021,Cotopaxi,error,0.01851780657820382
estimadores,2021,Cotopaxi,li,0.203446410150349
estimadores,2021,Cotopaxi,ls,0.2760532900715045
estimadores,2021,Cotopaxi,cv,7.723803193051447
estimadores,2021,Chimborazo,valor,0.2446341120678414
estimadores,2021,Chimborazo,error,0.01858204002692492
estimadores,2021,Chimborazo,li,0.2082047449279696
estimadores,2021,Chimborazo,ls,0.2810634792077134
estimadores,2021,Chimborazo,cv,7.595849928636195
estimadores,2021,El Oro,valor,0.2516688534282824
estimadores,2021,El Oro,error,0.009554848221307309
estimadores,2021,El Oro,li,0.232936944912565
estimadores,2021,El Oro,ls,0.2704007619439998
estimadores,2021,El Oro,cv,3.796595443237928
estimadores,2021,Esmeraldas,valor,0.2413364691616663
estimadores,2021,Esmeraldas,error,0.008846785905568002
estimadores,2021,Esmeraldas,li,0.2239926892917058
estimadores,2021,Esmeraldas,ls,0.2586802490316268
estimadores,2021,Esmeraldas,cv,3.665747632879192
estimadores,2021,Guayas,valor,0.2366834866157254
estimadores,2021,Guayas,error,0.006363178145098253
estimadores,2021,Guayas,li,0.2242087232157805
estimadores,2021,Guayas,ls,0.2491582500156702
estimadores,2021,Guayas,cv,2.688475751343558
estimadores,2021,Imbabura,valor,0.2027974424947633
estimadores,2021,Imbabura,error,0.009671869780595773
estimadores,2021,Imbabura,li,0.1838361177609976
estimadores,2021,Imbabura,ls,0.221758767228529
estimadores,2021,Imbabura,cv,4.7692267030663
estimadores,2021,Loja,valor,0.1998862194051195
estimadores,2021,Loja,error,0.008653336210363322
estimadores,2021,Loja,li,0.1829216901427078
estimadores,2021,Loja,ls,0.2168507486675312
estimadores,2021,Loja,cv,4.329130960661759
estimadores,2021,Los Ríos,valor,0.2596675848151743
estimadores,2021,Los Ríos,error,0.01223285725065116
estimadores,2021,Los Ríos,li,0.2356855436987037
estimadores,2021,Los Ríos,ls,0.2836496259316448
estimadores,2021,Los Ríos,cv,4.710968163145292
estimadores,2021,Manabí,valor,0.2681394672597036
estimadores,2021,Manabí,error,0.01497084937522748
estimadores,2021,Manabí,li,0.2387896990159778
estimadores,2021,Manabí,ls,0.2974892355034294
estimadores,2021,Manabí,cv,5.583232311238846
estimadores,2021,Morona Santiago,valor,0.2185039039070008
estimadores,2021,Morona Santiago,error,0.02311115381264944
estimadores,2021,Morona Santiago,li,0.1731953852488165
estimadores,2021,Morona Santiago,ls,0.2638124225651852
estimadores,2021,Morona Santiago,cv,10.57699812195848
estimadores,2021,Napo,valor,0.2873331481683543
estimadores,2021,Napo,error,0.01304858788381782
estimadores,2021,Napo,li,0.2617518988551621
estimadores,2021,Napo,ls,0.3129143974815465
estimadores,2021,Napo,cv,4.541274811833542
estimadores,2021,Pastaza,valor,0.2092025440644951
estimadores,2021,Pastaza,error,0.01596807223389764
estimadores,2021,Pastaza,li,0.1778977591710296
estimadores,2021,Pastaza,ls,0.2405073289579606
estimadores,2021,Pastaza,cv,7.632828895701593
estimadores,2021,Pichincha,valor,0.2172252762469376
estimadores,2021,Pichincha,error,0.004867626753749845
estimadores,2021,Pichincha,li,0.2076824832137036
estimadores,2021,Pichincha,ls,0.2267680692801717
estimadores,2021,Pichincha,cv,2.240819686294894
estimadores,2021,Tungurahua,valor,0.2588799831637107
estimadores,2021,Tungurahua,error,0.01444554585744033
estimadores,2021,Tungurahua,li,0.2305600520466732
estimadores,2021,Tungurahua,ls,0.2871999142807484
estimadores,2021,Tungurahua,cv,5.580016531562136
estimadores,2021,Zamora Chinchipe,valor,0.168867727710468
estimadores,2021,Zamora Chinchipe,error,0.01224453781765753
estimadores,2021,Zamora Chinchipe,li,0.1448627872964359
estimadores,2021,Zamora Chinchipe,ls,0.1928726681245001
estimadores,2021,Zamora Chinchipe,cv,7.250963806803508
estimadores,2021,Galápagos,valor,0.2573783822158373
estimadores,2021,Galápagos,error,0.012577270314857
estimadores,2021,Galápagos,li,0.2327211326752356
estimadores,2021,Galápagos,ls,0.282035631756439
estimadores,2021,Galápagos,cv,4.886684812677744
estimadores,2021,Sucumbíos,valor,0.1359385268595589
estimadores,2021,Sucumbíos,error,0.01049111068436952
estimadores,2021,Sucumbíos,li,0.1153711121799998
estimadores,2021,Sucumbíos,ls,0.156505941539118
estimadores,2021,Sucumbíos,cv,7.717540366763076
estimadores,2021,Orellana,valor,0.2355625748591653
estimadores,2021,Orellana,error,0.01254137510902004
estimadores,2021,Orellana,li,0.2109756964742656
estimadores,2021,Orellana,ls,0.260149453244065
estimadores,2021,Orellana,cv,5.324010028553173
estimadores,2021,Santo Domingo,valor,0.2160621208391129
estimadores,2021,Santo Domingo,error,0.0121136545727035
estimadores,2021,Santo Domingo,li,0.1923137719390361
estimadores,2021,Santo Domingo,ls,0.2398104697391896
estimadores,2021,Santo Domingo,cv,5.606560986098871
estimadores,2021,Santa Elena,valor,0.2824535652696892
estimadores,2021,Santa Elena,error,0.00996422153906366
estimadores,2021,Santa Elena,li,0.2629190962779313
estimadores,2021,Santa Elena,ls,0.3019880342614472
estimadores,2021,Santa Elena,cv,3.527737923771552
estimadores,2022,Total,valor,0.2222742382390682
estimadores,2022,Total,error,0.002940404550446992
estimadores,2022,Total,li,0.2165099478968702
estimadores,2022,Total,ls,0.2280385285812661
estimadores,2022,Total,cv,1.322872400212401
estimadores,2022,Urbano,valor,0.2160481428899384
estimadores,2022,Urbano,error,0.003355469313659649
estimadores,2022,Urbano,li,0.2094701707005913
estimadores,2022,Urbano,ls,0.2226261150792854
estimadores,2022,Urbano,cv,1.553111852189828
estimadores,2022,Rural,valor,0.2341809254087313
estimadores,2022,Rural,error,0.005666966472346204
estimadores,2022,Rural,li,0.2230715560870375
estimadores,2022,Rural,ls,0.2452902947304251
estimadores,2022,Rural,cv,2.419909504779382
estimadores,2022,Quito,valor,0.2126370725618385
estimadores,2022,Quito,error,0.005614990942755526
estimadores,2022,Quito,li,0.2016265469164103
estimadores,2022,Quito,ls,0.2236475982072667
estimadores,2022,Quito,cv,2.640645337666878
estimadores,2022,Guayaquil,valor,0.215046231419597
estimadores,2022,Guayaquil,error,0.006470642331880151
estimadores,2022,Guayaquil,li,0.2023578452647662
estimadores,2022,Guayaquil,ls,0.2277346175744279
estimadores,2022,Guayaquil,cv,3.008954069627321
estimadores,2022,Cuenca,valor,0.1497667828160498
estimadores,2022,Cuenca,error,0.005443484738415617
estimadores,2022,Cuenca,li,0.1390925664328246
estimadores,2022,Cuenca,ls,0.160440999199275
estimadores,2022,Cuenca,cv,3.6346408970416
estimadores,2022,Machala,valor,0.2515706418117247
estimadores,2022,Machala,error,0.00774806404172976
estimadores,2022,Machala,li,0.2363773389723046
estimadores,2022,Machala,ls,0.2667639446511448
estimadores,2022,Machala,cv,3.079876088056573
estimadores,2022,Ambato,valor,0.2080436209712243
estimadores,2022,Ambato,error,0.00676537174629249
estimadores,2022,Ambato,li,0.1947772951885413
estimadores,2022,Ambato,ls,0.2213099467539072
estimadores,2022,Ambato,cv,3.251900594072167
estimadores,2022,Azuay,valor,0.1950083907685157
estimadores,2022,Azuay,error,0.008808560922048587
estimadores,2022,Azuay,li,0.1777403238136104
estimadores,2022,Azuay,ls,0.212276457723421
estimadores,2022,Azuay,cv,4.517016363929064
estimadores,2022,Bolívar,valor,0.2145639855875716
estimadores,2022,Bolívar,error,0.01390422418923884
estimadores,2022,Bolívar,li,0.1873065168159359
estimadores,2022,Bolívar,ls,0.2418214543592073
estimadores,2022,Bolívar,cv,6.480222741557904
estimadores,2022,Cañar,valor,0.2340239022000918
estimadores,2022,Cañar,error,0.0155846072080602
estimadores,2022,Cañar,li,0.2034722555558525
estimadores,2022,Cañar,ls,0.264575548844331
estimadores,2022,Cañar,cv,6.659408317503941
estimadores,2022,Carchi,valor,0.2398466954438815
estimadores,2022,Carchi,error,0.01236853405837077
estimadores,2022,Carchi,li,0.215599752481909
estimadores,2022,Carchi,ls,0.2640936384058541
estimadores,2022,Carchi,cv,5.156849893420655
estimadores,2022,Cotopaxi,valor,0.194200178931565
estimadores,2022,Cotopaxi,error,0.01612918257166926
estimadores,2022,Cotopaxi,li,0.1625809613272096
estimadores,2022,Cotopaxi,ls,0.2258193965359205
estimadores,2022,Cotopaxi,cv,8.305441663549178
estimadores,2022,Chimborazo,valor,0.2256614356766899
estimadores,2022,Chimborazo,error,0.02231060019595751
estimadores,2022,Chimborazo,li,0.1819243324884068
estimadores,2022,Chimborazo,ls,0.2693985388649729
estimadores,2022,Chimborazo,cv,9.886758067037384
estimadores,2022,El Oro,valor,0.2649132652126999
estimadores,2022,El Oro,error,0.008496885714982104
estimadores,2022,El Oro,li,0.2482561979876525
estimadores,2022,El Oro,ls,0.2815703324377474
estimadores,2022,El Oro,cv,3.20742176053733
estimadores,2022,Esmeraldas,valor,0.2466553331243731
estimadores,2022,Esmeraldas,error,0.009241777523643472
estimadores,2022,Esmeraldas,li,0.2285379999444262
estimadores,2022,Esmeraldas,ls,0.2647726663043199
estimadores,2022,Esmeraldas,cv,3.746838718862573
estimadores,2022,Guayas,valor,0.2334516560928133
estimadores,2022,Guayas,error,0.008187444972512909
estimadores,2022,Guayas,li,0.217401208213062
estimadores,2022,Guayas,ls,0.2495021039725647
estimadores,2022,Guayas,cv,3.50712653298027
estimadores,2022,Imbabura,valor,0.1906006565645871
estimadores,2022,Imbabura,error,0.009428264780370798
estimadores,2022,Imbabura,li,0.1721177387603296
estimadores,2022,Imbabura,ls,0.2090835743688445
estimadores,2022,Imbabura,cv,4.946606664587186
estimadores,2022,Loja,valor,0.2292200438374911
estimadores,2022,Loja,error,0.009701093929140878
estimadores,2022,Loja,li,0.2102022790758358
estimadores,2022,Loja,ls,0.2482378085991464
estimadores,2022,Loja,cv,4.232218861287109
estimadores,2022,Los Ríos,valor,0.2406049131663051
estimadores,2022,Los Ríos,error,0.01169854432218186
estimadores,2022,Los Ríos,li,0.2176714001420935
estimadores,2022,Los Ríos,ls,0.2635384261905168
estimadores,2022,Los Ríos,cv,4.862138585713699
estimadores,2022,Manabí,valor,0.2561901387909146
estimadores,2022,Manabí,error,0.01432026191182637
estimadores,2022,Manabí,li,0.2281170808086253
estimadores,2022,Manabí,ls,0.2842631967732039
estimadores,2022,Manabí,cv,5.589700672871574
estimadores,2022,Morona Santiago,valor,0.2304406430644747
estimadores,2022,Morona Santiago,error,0.03059115421122398
estimadores,2022,Morona Santiago,li,0.170470563522311
estimadores,2022,Morona Santiago,ls,0.2904107226066384
estimadores,2022,Morona Santiago,cv,13.27506893072891
estimadores,2022,Napo,valor,0.2709156979868051
estimadores,2022,Napo,error,0.01233433533779505
estimadores,2022,Napo,li,0.2467357972808719
estimadores,2022,Napo,ls,0.2950955986927384
estimadores,2022,Napo,cv,4.55283153743117
estimadores,2022,Pastaza,valor,0.1681910401201517
estimadores,2022,Pastaza,error,0.02124761279010526
estimadores,2022,Pastaza,li,0.1265377889774998
estimadores,2022,Pastaza,ls,0.2098442912628037
estimadores,2022,Pastaza,cv,12.63302300463002
estimadores,2022,Pichincha,valor,0.1915646617857539
estimadores,2022,Pichincha,error,0.004596152601636296
estimadores,2022,Pichincha,li,0.1825544873018202
estimadores,2022,Pichincha,ls,0.2005748362696876
estimadores,2022,Pichincha,cv,2.399269551487861
estimadores,2022,Tungurahua,valor,0.202808638828072
estimadores,2022,Tungurahua,error,0.009577464413454872
estimadores,2022,Tungurahua,li,0.1840332340584018
estimadores,2022,Tungurahua,ls,0.2215840435977422
estimadores,2022,Tungurahua,cv,4.722414424157752
estimadores,2022,Zamora Chinchipe,valor,0.2161962591916678
estimadores,2022,Zamora Chinchipe,error,0.01415490409732732
estimadores,2022,Zamora Chinchipe,li,0.1884473642409515
estimadores,2022,Zamora Chinchipe,ls,0.2439451541423841
estimadores,2022,Zamora Chinchipe,cv,6.547247464063824
estimadores,2022,Galápagos,valor,0.1328195329634288
estimadores,2022,Galápagos,error,0.01181929376963653
estimadores,2022,Galápagos,li,0.1096493059558699
estimadores,2022,Galápagos,ls,0.1559897599709878
estimadores,2022,Galápagos,cv,8.898761730242581
estimadores,2022,Sucumbíos,valor,0.1448566122469874
estimadores,2022,Sucumbíos,error,0.010186608308988
estimadores,2022,Sucumbíos,li,0.1248870580962408
estimadores,2022,Sucumbíos,ls,0.164826166397734
estimadores,2022,Sucumbíos,cv,7.032201120111351
estimadores,2022,Orellana,valor,0.1893435231926154
estimadores,2022,Orellana,error,0.02587350930950884
estimadores,2022,Orellana,li,0.138621788386125
estimadores,2022,Orellana,ls,0.2400652579991059
estimadores,2022,Orellana,cv,13.66485046503979
estimadores,2022,Santo Domingo,valor,0.2417829650968566
estimadores,2022,Santo Domingo,error,0.01126350461205327
estimadores,2022,Santo Domingo,li,0.2197022922708365
estimadores,2022,Santo Domingo,ls,0.2638636379228766
estimadores,2022,Santo Domingo,cv,4.65851868742746
estimadores,2022,Santa Elena,valor,0.284072982415178
estimadores,2022,Santa Elena,error,0.01334340365419598
estimadores,2022,Santa Elena,li,0.2579149312027222
estimadores,2022,Santa Elena,ls,0.3102310336276338
estimadores,2022,Santa Elena,cv,4.69717448690504
estimadores,2023,Total,valor,0.1955182305919471
estimadores,2023,Total,error,0.003257374298125867
estimadores,2023,Total,li,0.1891325449502358
estimadores,2023,Total,ls,0.2019039162336584
estimadores,2023,Total,cv,1.666020753289299
estimadores,2023,Urbano,valor,0.1879149903947002
estimadores,2023,Urbano,error,0.003580746102961776
estimadores,2023,Urbano,li,0.1808953737085083
estimadores,2023,Urbano,ls,0.194934607080892
estimadores,2023,Urbano,cv,1.905513815284619
estimadores,2023,Rural,valor,0.2101634104558812
estimadores,2023,Rural,error,0.00676632237321393
estimadores,2023,Rural,li,0.1968988594183533
estimadores,2023,Rural,ls,0.2234279614934092
estimadores,2023,Rural,cv,3.219552993804484
estimadores,2023,Quito,valor,0.1479447013787947
estimadores,2023,Quito,error,0.005393909939586833
estimadores,2023,Quito,li,0.1373676344346589
estimadores,2023,Quito,ls,0.1585217683229305
estimadores,2023,Quito,cv,3.64589599310919
estimadores,2023,Guayaquil,valor,0.1664790964282424
estimadores,2023,Guayaquil,error,0.00630876553048857
estimadores,2023,Guayaquil,li,0.1541080638937346
estimadores,2023,Guayaquil,ls,0.1788501289627502
estimadores,2023,Guayaquil,cv,3.789524129960569
estimadores,2023,Cuenca,valor,0.1345674436663442
estimadores,2023,Cuenca,error,0.006649784340407887
estimadores,2023,Cuenca,li,0.1215276979308143
estimadores,2023,Cuenca,ls,0.1476071894018741
estimadores,2023,Cuenca,cv,4.941599661279009
estimadores,2023,Machala,valor,0.2417431698017322
estimadores,2023,Machala,error,0.008490054461519436
estimadores,2023,Machala,li,0.2250947875698019
estimadores,2023,Machala,ls,0.2583915520336625
estimadores,2023,Machala,cv,3.512014204365165
estimadores,2023,Ambato,valor,0.2055609948321566
estimadores,2023,Ambato,error,0.006473409608470815
estimadores,2023,Ambato,li,0.1928671071787687
estimadores,2023,Ambato,ls,0.2182548824855445
estimadores,2023,Ambato,cv,3.149142965452392
estimadores,2023,Azuay,valor,0.1749008584943468
estimadores,2023,Azuay,error,0.01252661140935482
estimadores,2023,Azuay,li,0.1503439622659836
estimadores,2023,Azuay,ls,0.19945775472271
estimadores,2023,Azuay,cv,7.16212116806717
estimadores,2023,Bolívar,valor,0.1711940534263521
estimadores,2023,Bolívar,error,0.0189933933662178
estimadores,2023,Bolívar,li,0.133959818669906
estimadores,2023,Bolívar,ls,0.2084282881827982
estimadores,2023,Bolívar,cv,11.09465719519795
estimadores,2023,Cañar,valor,0.1584136294287911
estimadores,2023,Cañar,error,0.03046057033752621
estimadores,2023,Cañar,li,0.09869939064616436
estimadores,2023,Cañar,ls,0.2181278682114179
estimadores,2023,Cañar,cv,19.2285035368239
estimadores,2023,Carchi,valor,0.1822007109850039
estimadores,2023,Carchi,error,0.02363143198711235
estimadores,2023,Carchi,li,0.1358741663137319
estimadores,2023,Carchi,ls,0.2285272556562759
estimadores,2023,Carchi,cv,12.9699998750594
estimadores,2023,Cotopaxi,valor,0.2077941839859106
estimadores,2023,Cotopaxi,error,0.02222161733733719
estimadores,2023,Cotopaxi,li,0.1642314092540414
estimadores,2023,Cotopaxi,ls,0.2513569587177798
estimadores,2023,Cotopaxi,cv,10.69405163854053
estimadores,2023,Chimborazo,valor,0.1522905797728292
estimadores,2023,Chimborazo,error,0.01742371926304566
estimadores,2023,Chimborazo,li,0.1181334999471381
estimadores,2023,Chimborazo,ls,0.1864476595985204
estimadores,2023,Chimborazo,cv,11.4411011429837
estimadores,2023,El Oro,valor,0.2428740455107385
estimadores,2023,El Oro,error,0.009087564134659698
estimadores,2023,El Oro,li,0.2250589826712561
estimadores,2023,El Oro,ls,0.260689108350221
estimadores,2023,El Oro,cv,3.741677755459423
estimadores,2023,Esmeraldas,valor,0.2300782954453837
estimadores,2023,Esmeraldas,error,0.01286537235041352
estimadores,2023,Esmeraldas,li,0.2048572996450015
estimadores,2023,Esmeraldas,ls,0.255299291245766
estimadores,2023,Esmeraldas,cv,5.591736641437139
estimadores,2023,Guayas,valor,0.2087261363822311
estimadores,2023,Guayas,error,0.008008619300377781
estimadores,2023,Guayas,li,0.1930262135008544
estimadores,2023,Guayas,ls,0.2244260592636078
estimadores,2023,Guayas,cv,3.836902957716779
estimadores,2023,Imbabura,valor,0.188829264874716
estimadores,2023,Imbabura,error,0.008154651005077253
estimadores,2023,Imbabura,li,0.1728430646194218
estimadores,2023,Imbabura,ls,0.2048154651300103
estimadores,2023,Imbabura,cv,4.318531351847226
estimadores,2023,Loja,valor,0.2073805444641811
estimadores,2023,Loja,error,0.009443884518282476
estimadores,2023,Loja,li,0.1888669589038501
estimadores,2023,Loja,ls,0.2258941300245121
estimadores,2023,Loja,cv,4.553891273978031
estimadores,2023,Los Ríos,valor,0.2332032584902634
estimadores,2023,Los Ríos,error,0.01610234471742209
estimadores,2023,Los Ríos,li,0.2016365725496613
estimadores,2023,Los Ríos,ls,0.2647699444308655
estimadores,2023,Los Ríos,cv,6.904854083801057
estimadores,2023,Manabí,valor,0.2505777713147661
estimadores,2023,Manabí,error,0.01629967275300724
estimadores,2023,Manabí,li,0.2186242477902031
estimadores,2023,Manabí,ls,0.2825312948393291
estimadores,2023,Manabí,cv,6.504835870909004
estimadores,2023,Morona Santiago,valor,0.2318582795284459
estimadores,2023,Morona Santiago,error,0.04952184435226047
estimadores,2023,Morona Santiago,li,0.1347767342441852
estimadores,2023,Morona Santiago,ls,0.3289398248127066
estimadores,2023,Morona Santiago,cv,21.35866981027296
estimadores,2023,Napo,valor,0.2334345819768718
estimadores,2023,Napo,error,0.0207425893389786
estimadores,2023,Napo,li,0.1927712615257837
estimadores,2023,Napo,ls,0.2740979024279598
estimadores,2023,Napo,cv,8.885825383418869
estimadores,2023,Pastaza,valor,0.1624925100844169
estimadores,2023,Pastaza,error,0.01632400069860215
estimadores,2023,Pastaza,li,0.1304912945850731
estimadores,2023,Pastaza,ls,0.1944937255837606
estimadores,2023,Pastaza,cv,10.04600192964071
estimadores,2023,Pichincha,valor,0.1421178651139695
estimadores,2023,Pichincha,error,0.004132451580649706
estimadores,2023,Pichincha,li,0.1340166970232147
estimadores,2023,Pichincha,ls,0.1502190332047243
estimadores,2023,Pichincha,cv,2.907763620946419
estimadores,2023,Tungurahua,valor,0.1968094542971739
estimadores,2023,Tungurahua,error,0.008776789346349356
estimadores,2023,Tungurahua,li,0.179603627585287
estimadores,2023,Tungurahua,ls,0.2140152810090609
estimadores,2023,Tungurahua,cv,4.459536447419226
estimadores,2023,Zamora Chinchipe,valor,0.2051890519764824
estimadores,2023,Zamora Chinchipe,error,0.01469521029101353
estimadores,2023,Zamora Chinchipe,li,0.1763808817237595
estimadores,2023,Zamora Chinchipe,ls,0.2339972222292053
estimadores,2023,Zamora Chinchipe,cv,7.161790626479335
estimadores,2023,Galápagos,valor,0.1026436430574459
estimadores,2023,Galápagos,error,0.01101403061305956
estimadores,2023,Galápagos,li,0.08105197728429572
estimadores,2023,Galápagos,ls,0.1242353088305962
estimadores,2023,Galápagos,cv,10.73035824234669
estimadores,2023,Sucumbíos,valor,0.11650752447623
estimadores,2023,Sucumbíos,error,0.03559878054928618
estimadores,2023,Sucumbíos,li,0.04672045028374325
estimadores,2023,Sucumbíos,ls,0.1862945986687168
estimadores,2023,Sucumbíos,cv,30.55491970095809
estimadores,2023,Orellana,valor,0.2123839612460006
estimadores,2023,Orellana,error,0.01152669439017283
estimadores,2023,Orellana,li,0.1897872805679249
estimadores,2023,Orellana,ls,0.2349806419240763
estimadores,2023,Orellana,cv,5.427290423697137
estimadores,2023,Santo Domingo,valor,0.1974758761951631
estimadores,2023,Santo Domingo,error,0.01635612034395882
estimadores,2023,Santo Domingo,li,0.1654116940424971
estimadores,2023,Santo Domingo,ls,0.2295400583478291
estimadores,2023,Santo Domingo,cv,8.282591605161057
estimadores,2023,Santa Elena,valor,0.2745171017381647
estimadores,2023,Santa Elena,error,0.009508789718911085
estimadores,2023,Santa Elena,li,0.2558762774358921
estimadores,2023,Santa Elena,ls,0.2931579260404373
estimadores,2023,Santa Elena,cv,3.463824169315541
estimadores,2024,Total,valor,0.210219734889821
estimadores,2024,Total,error,0.0038286186103383
estimadores,2024,Total,li,0.202713896669849
estimadores,2024,Total,ls,0.217725573109792
estimadores,2024,Total,cv,1.82124604635475
estimadores,2024,Urbano,valor,0.203984812117371
estimadores,2024,Urbano,error,0.00400935088908917
estimadores,2024,Urbano,li,0.196124656222151
estimadores,2024,Urbano,ls,0.211844968012592
estimadores,2024,Urbano,cv,1.96551441623126
estimadores,2024,Rural,valor,0.222160384301159
estimadores,2024,Rural,error,0.00827894239741529
estimadores,2024,Rural,li,0.205929882234521
estimadores,2024,Rural,ls,0.238390886367796
estimadores,2024,Rural,cv,3.72656107138905
estimadores,2024,Quito,valor,0.147067828531519
estimadores,2024,Quito,error,0.00571007587516613
estimadores,2024,Quito,li,0.135873476180249
estimadores,2024,Quito,ls,0.15826218088279
estimadores,2024,Quito,cv,3.88261384708102
estimadores,2024,Guayaquil,valor,0.21465819985301
estimadores,2024,Guayaquil,error,0.00762757832849196
estimadores,2024,Guayaquil,li,0.19970466836538
estimadores,2024,Guayaquil,ls,0.229611731340641
estimadores,2024,Guayaquil,cv,3.55335986871921
estimadores,2024,Cuenca,valor,0.120035024195332
estimadores,2024,Cuenca,error,0.00644742473810644
estimadores,2024,Cuenca,li,0.107395131862104
estimadores,2024,Cuenca,ls,0.13267491652856
estimadores,2024,Cuenca,cv,5.37128624026819
estimadores,2024,Machala,valor,0.221577672455753
estimadores,2024,Machala,error,0.0110904647649405
estimadores,2024,Machala,li,0.199835304572684
estimadores,2024,Machala,ls,0.243320040338821
estimadores,2024,Machala,cv,5.00522667379999
estimadores,2024,Ambato,valor,0.201231408488634
estimadores,2024,Ambato,error,0.00717087697055691
estimadores,2024,Ambato,li,0.187173219905686
estimadores,2024,Ambato,ls,0.215289597071581
estimadores,2024,Ambato,cv,3.56349787759993
estimadores,2024,Azuay,valor,0.164258462095036
estimadores,2024,Azuay,error,0.0267206830730093
estimadores,2024,Azuay,li,0.111873739382889
estimadores,2024,Azuay,ls,0.216643184807183
estimadores,2024,Azuay,cv,16.2674621034436
estimadores,2024,Bolívar,valor,0.182705556501004
estimadores,2024,Bolívar,error,0.0270274157695299
estimadores,2024,Bolívar,li,0.129719497842089
estimadores,2024,Bolívar,ls,0.235691615159918
estimadores,2024,Bolívar,cv,14.7928811181949
estimadores,2024,Cañar,valor,0.172041548225236
estimadores,2024,Cañar,error,0.00639616356754055
estimadores,2024,Cañar,li,0.159502151159987
estimadores,2024,Cañar,ls,0.184580945290486
estimadores,2024,Cañar,cv,3.71780167844497
estimadores,2024,Carchi,valor,0.205308327825079
estimadores,2024,Carchi,error,0.0122612319431689
estimadores,2024,Carchi,li,0.181270722435379
estimadores,2024,Carchi,ls,0.229345933214778
estimadores,2024,Carchi,cv,5.97210647666247
estimadores,2024,Cotopaxi,valor,0.17296504334231
estimadores,2024,Cotopaxi,error,0.0232931032074787
estimadores,2024,Cotopaxi,li,0.127299940047787
estimadores,2024,Cotopaxi,ls,0.218630146636834
estimadores,2024,Cotopaxi,cv,13.4669426592632
estimadores,2024,Chimborazo,valor,0.157158727145913
estimadores,2024,Chimborazo,error,0.0184839954893785
estimadores,2024,Chimborazo,li,0.120921667798364
estimadores,2024,Chimborazo,ls,0.193395786493461
estimadores,2024,Chimborazo,cv,11.7613547940085
estimadores,2024,El Oro,valor,0.233071620764879
estimadores,2024,El Oro,error,0.0129787791289061
estimadores,2024,El Oro,li,0.207627295709554
estimadores,2024,El Oro,ls,0.258515945820203
estimadores,2024,El Oro,cv,5.56857977230913
estimadores,2024,Esmeraldas,valor,0.240208498021113
estimadores,2024,Esmeraldas,error,0.0133922833534854
estimadores,2024,Esmeraldas,li,0.213953516139176
estimadores,2024,Esmeraldas,ls,0.26646347990305
estimadores,2024,Esmeraldas,cv,5.57527459012222
estimadores,2024,Guayas,valor,0.259802828548319
estimadores,2024,Guayas,error,0.00939418407732483
estimadores,2024,Guayas,li,0.24138594426984
estimadores,2024,Guayas,ls,0.278219712826798
estimadores,2024,Guayas,cv,3.61588983838861
estimadores,2024,Imbabura,valor,0.199347294058316
estimadores,2024,Imbabura,error,0.0117095715344745
estimadores,2024,Imbabura,li,0.176391194611476
estimadores,2024,Imbabura,ls,0.222303393505156
estimadores,2024,Imbabura,cv,5.87395559583017
estimadores,2024,Loja,valor,0.196898955497116
estimadores,2024,Loja,error,0.0124630741348464
estimadores,2024,Loja,li,0.172465647377298
estimadores,2024,Loja,ls,0.221332263616935
estimadores,2024,Loja,cv,6.32968016685537
estimadores,2024,Los Ríos,valor,0.239643720924533
estimadores,2024,Los Ríos,error,0.0131300655328413
estimadores,2024,Los Ríos,li,0.213902805535099
estimadores,2024,Los Ríos,ls,0.265384636313967
estimadores,2024,Los Ríos,cv,5.4789941844444
estimadores,2024,Manabí,valor,0.272610331610451
estimadores,2024,Manabí,error,0.0181417673548561
estimadores,2024,Manabí,li,0.237044195453087
estimadores,2024,Manabí,ls,0.308176467767815
estimadores,2024,Manabí,cv,6.6548348507862
estimadores,2024,Morona Santiago,valor,0.131186051963271
estimadores,2024,Morona Santiago,error,0.0101973144262136
estimadores,2024,Morona Santiago,li,0.111194665995846
estimadores,2024,Morona Santiago,ls,0.151177437930696
estimadores,2024,Morona Santiago,cv,7.773169688092
estimadores,2024,Napo,valor,0.223953814589061
estimadores,2024,Napo,error,0.0134066992795471
estimadores,2024,Napo,li,0.197670570918781
estimadores,2024,Napo,ls,0.25023705825934
estimadores,2024,Napo,cv,5.98636790543062
estimadores,2024,Pastaza,valor,0.195167780551436
estimadores,2024,Pastaza,error,0.0106228011628768
estimadores,2024,Pastaza,li,0.174342246570021
estimadores,2024,Pastaza,ls,0.215993314532851
estimadores,2024,Pastaza,cv,5.44290719137279
estimadores,2024,Pichincha,valor,0.144412400666296
estimadores,2024,Pichincha,error,0.00460465928737125
estimadores,2024,Pichincha,li,0.135385168866354
estimadores,2024,Pichincha,ls,0.153439632466239
estimadores,2024,Pichincha,cv,3.18854839759333
estimadores,2024,Tungurahua,valor,0.210111703915812
estimadores,2024,Tungurahua,error,0.0148522642806519
estimadores,2024,Tungurahua,li,0.180994493705892
estimadores,2024,Tungurahua,ls,0.239228914125733
estimadores,2024,Tungurahua,cv,7.0687467684346
estimadores,2024,Zamora Chinchipe,valor,0.141208258545379
estimadores,2024,Zamora Chinchipe,error,0.018990551428571
estimadores,2024,Zamora Chinchipe,li,0.10397811858158
estimadores,2024,Zamora Chinchipe,ls,0.178438398509179
estimadores,2024,Zamora Chinchipe,cv,13.4486124424996
estimadores,2024,Galápagos,valor,0.0774696893292858
estimadores,2024,Galápagos,error,0.0110025165681131
estimadores,2024,Galápagos,li,0.0558997400139333
estimadores,2024,Galápagos,ls,0.0990396386446383
estimadores,2024,Galápagos,cv,14.2023501880158
estimadores,2024,Sucumbíos,valor,0.167782719725977
estimadores,2024,Sucumbíos,error,0.00915288566868183
estimadores,2024,Sucumbíos,li,0.149838890353808
estimadores,2024,Sucumbíos,ls,0.185726549098146
estimadores,2024,Sucumbíos,cv,5.45520163436995
estimadores,2024,Orellana,valor,0.206911514645529
estimadores,2024,Orellana,error,0.0325430653870936
estimadores,2024,Orellana,li,0.143112267753216
estimadores,2024,Orellana,ls,0.270710761537842
estimadores,2024,Orellana,cv,15.7280108083133
estimadores,2024,Santo Domingo,valor,0.259346264198175
estimadores,2024,Santo Domingo,error,0.0219208839313496
estimadores,2024,Santo Domingo,li,0.216371336378728
estimadores,2024,Santo Domingo,ls,0.302321192017623
estimadores,2024,Santo Domingo,cv,8.45236155574585
estimadores,2024,Santa Elena,valor,0.317117960632287
estimadores,2024,Santa Elena,error,0.0235909275038758
estimadores,2024,Santa Elena,li,0.270868985917221
estimadores,2024,Santa Elena,ls,0.363366935347353
estimadores,2024,Santa Elena,cv,7.43916473757554
estimadores,2025,Total,valor,0.19399999999999998
estimadores,2025,Total,error,0.004
estimadores,2025,Total,li,0.187
estimadores,2025,Total,ls,0.201
estimadores,2025,Total,cv,1.8
estimadores,2025,Urbano,valor,0.192
estimadores,2025,Urbano,error,0.004
estimadores,2025,Urbano,li,0.185
estimadores,2025,Urbano,ls,0.19899999999999998
estimadores,2025,Urbano,cv,1.9
estimadores,2025,Rural,valor,0.198
estimadores,2025,Rural,error,0.008
estimadores,2025,Rural,li,0.183
estimadores,2025,Rural,ls,0.213
estimadores,2025,Rural,cv,3.8
estimadores,2025,Quito,valor,0.127
estimadores,2025,Quito,error,0.006
estimadores,2025,Quito,li,0.11599999999999999
estimadores,2025,Quito,ls,0.139
estimadores,2025,Quito,cv,4.5
estimadores,2025,Guayaquil,valor,0.201
estimadores,2025,Guayaquil,error,0.006
estimadores,2025,Guayaquil,li,0.18899999999999997
estimadores,2025,Guayaquil,ls,0.212
estimadores,2025,Guayaquil,cv,2.9
estimadores,2025,Cuenca,valor,0.094
estimadores,2025,Cuenca,error,0.008
estimadores,2025,Cuenca,li,0.078
estimadores,2025,Cuenca,ls,0.11
estimadores,2025,Cuenca,cv,8.4
estimadores,2025,Machala,valor,0.198
estimadores,2025,Machala,error,0.008
estimadores,2025,Machala,li,0.183
estimadores,2025,Machala,ls,0.213
estimadores,2025,Machala,cv,3.8
estimadores,2025,Ambato,valor,0.168
estimadores,2025,Ambato,error,0.008
estimadores,2025,Ambato,li,0.152
estimadores,2025,Ambato,ls,0.183
estimadores,2025,Ambato,cv,4.7
estimadores,2025,Azuay,valor,0.1
estimadores,2025,Azuay,error,0.006999999999999999
estimadores,2025,Azuay,li,0.086
estimadores,2025,Azuay,ls,0.114
estimadores,2025,Azuay,cv,7.1
estimadores,2025,Bolívar,valor,0.203
estimadores,2025,Bolívar,error,0.017
estimadores,2025,Bolívar,li,0.16899999999999998
estimadores,2025,Bolívar,ls,0.237
estimadores,2025,Bolívar,cv,8.6
estimadores,2025,Cañar,valor,0.138
estimadores,2025,Cañar,error,0.015
estimadores,2025,Cañar,li,0.10800000000000001
estimadores,2025,Cañar,ls,0.16699999999999998
estimadores,2025,Cañar,cv,10.8
estimadores,2025,Carchi,valor,0.15
estimadores,2025,Carchi,error,0.035
estimadores,2025,Carchi,li,0.081
estimadores,2025,Carchi,ls,0.21899999999999997
estimadores,2025,Carchi,cv,23.6
estimadores,2025,Cotopaxi,valor,0.205
estimadores,2025,Cotopaxi,error,0.017
estimadores,2025,Cotopaxi,li,0.17300000000000001
estimadores,2025,Cotopaxi,ls,0.23800000000000002
estimadores,2025,Cotopaxi,cv,8.1
estimadores,2025,Chimborazo,valor,0.18600000000000003
estimadores,2025,Chimborazo,error,0.015
estimadores,2025,Chimborazo,li,0.157
estimadores,2025,Chimborazo,ls,0.21600000000000003
estimadores,2025,Chimborazo,cv,8.0
estimadores,2025,El Oro,valor,0.205
estimadores,2025,El Oro,error,0.006999999999999999
estimadores,2025,El Oro,li,0.191
estimadores,2025,El Oro,ls,0.21899999999999997
estimadores,2025,El Oro,cv,3.5
estimadores,2025,Esmeraldas,valor,0.226
estimadores,2025,Esmeraldas,error,0.011000000000000001
estimadores,2025,Esmeraldas,li,0.205
estimadores,2025,Esmeraldas,ls,0.247
estimadores,2025,Esmeraldas,cv,4.7
estimadores,2025,Guayas,valor,0.22899999999999998
estimadores,2025,Guayas,error,0.006
estimadores,2025,Guayas,li,0.217
estimadores,2025,Guayas,ls,0.242
estimadores,2025,Guayas,cv,2.8
estimadores,2025,Imbabura,valor,0.18600000000000003
estimadores,2025,Imbabura,error,0.01
estimadores,2025,Imbabura,li,0.16699999999999998
estimadores,2025,Imbabura,ls,0.205
estimadores,2025,Imbabura,cv,5.3
estimadores,2025,Loja,valor,0.142
estimadores,2025,Loja,error,0.01
estimadores,2025,Loja,li,0.121
estimadores,2025,Loja,ls,0.162
estimadores,2025,Loja,cv,7.2
estimadores,2025,Los Ríos,valor,0.284
estimadores,2025,Los Ríos,error,0.025
estimadores,2025,Los Ríos,li,0.235
estimadores,2025,Los Ríos,ls,0.33299999999999996
estimadores,2025,Los Ríos,cv,8.8
estimadores,2025,Manabí,valor,0.285
estimadores,2025,Manabí,error,0.016
estimadores,2025,Manabí,li,0.255
estimadores,2025,Manabí,ls,0.316
estimadores,2025,Manabí,cv,5.4
estimadores,2025,Morona Santiago,valor,0.115
estimadores,2025,Morona Santiago,error,0.008
estimadores,2025,Morona Santiago,li,0.099
estimadores,2025,Morona Santiago,ls,0.132
estimadores,2025,Morona Santiago,cv,7.2
estimadores,2025,Napo,valor,0.253
estimadores,2025,Napo,error,0.031
estimadores,2025,Napo,li,0.192
estimadores,2025,Napo,ls,0.313
estimadores,2025,Napo,cv,12.2
estimadores,2025,Pastaza,valor,0.19699999999999998
estimadores,2025,Pastaza,error,0.013000000000000001
estimadores,2025,Pastaza,li,0.171
estimadores,2025,Pastaza,ls,0.223
estimadores,2025,Pastaza,cv,6.8
estimadores,2025,Pichincha,valor,0.13
estimadores,2025,Pichincha,error,0.006999999999999999
estimadores,2025,Pichincha,li,0.11699999999999999
estimadores,2025,Pichincha,ls,0.14300000000000002
estimadores,2025,Pichincha,cv,5.2
estimadores,2025,Tungurahua,valor,0.19399999999999998
estimadores,2025,Tungurahua,error,0.013000000000000001
estimadores,2025,Tungurahua,li,0.168
estimadores,2025,Tungurahua,ls,0.221
estimadores,2025,Tungurahua,cv,6.9
estimadores,2025,Zamora Chinchipe,valor,0.147
estimadores,2025,Zamora Chinchipe,error,0.013999999999999999
estimadores,2025,Zamora Chinchipe,li,0.12
estimadores,2025,Zamora Chinchipe,ls,0.174
estimadores,2025,Zamora Chinchipe,cv,9.3
estimadores,2025,Galápagos,valor,0.068
estimadores,2025,Galápagos,error,0.011000000000000001
estimadores,2025,Galápagos,li,0.045
estimadores,2025,Galápagos,ls,0.09
estimadores,2025,Galápagos,cv,16.9
estimadores,2025,Sucumbíos,valor,0.157
estimadores,2025,Sucumbíos,error,0.016
estimadores,2025,Sucumbíos,li,0.125
estimadores,2025,Sucumbíos,ls,0.188
estimadores,2025,Sucumbíos,cv,10.3
estimadores,2025,Orellana,valor,0.165
estimadores,2025,Orellana,error,0.016
estimadores,2025,Orellana,li,0.135
estimadores,2025,Orellana,ls,0.196
estimadores,2025,Orellana,cv,9.5
estimadores,2025,Santo Domingo,valor,0.188
estimadores,2025,Santo Domingo,error,0.018000000000000002
estimadores,2025,Santo Domingo,li,0.153
estimadores,2025,Santo Domingo,ls,0.223
estimadores,2025,Santo Domingo,cv,9.4
estimadores,2025,Santa Elena,valor,0.272
estimadores,2025,Santa Elena,error,0.013999999999999999
estimadores,2025,Santa Elena,li,0.245
estimadores,2025,Santa Elena,ls,0.299
estimadores,2025,Santa Elena,cv,5.1
